txn_id,policy,retry_at,recovered,recovered_amount
33c8e6bd-014c-555a-bb21-e28805711532,baseline,2026-01-12T23:43:28,False,0.00
33c8e6bd-014c-555a-bb21-e28805711532,smart,2026-01-12T19:43:28,False,0.00
7c41f0e0-ce63-54cd-8247-d8ea2852ebc2,baseline,2026-01-24T08:22:31,False,0.00
7c41f0e0-ce63-54cd-8247-d8ea2852ebc2,smart,2026-01-24T08:22:31,False,0.00
7cfdd46c-8418-5efb-9b25-feb1cf3354a7,baseline,,False,0.00
7cfdd46c-8418-5efb-9b25-feb1cf3354a7,smart,,False,0.00
823df687-1e6e-5445-928d-cf73abedfa10,baseline,,False,0.00
823df687-1e6e-5445-928d-cf73abedfa10,smart,,False,0.00
b74e4dad-2419-57b7-b7e1-498aaa741f30,baseline,,False,0.00
b74e4dad-2419-57b7-b7e1-498aaa741f30,smart,,False,0.00
1d39e8c8-5810-5665-ab74-1552f3e441bc,baseline,,False,0.00
1d39e8c8-5810-5665-ab74-1552f3e441bc,smart,,False,0.00
8f93fc85-abca-580e-9d4d-d4f86d662cd8,baseline,,False,0.00
8f93fc85-abca-580e-9d4d-d4f86d662cd8,smart,,False,0.00
5b3d9d56-519d-5c5f-a3fe-46e8f707b51e,baseline,2026-03-04T04:40:30,False,0.00
5b3d9d56-519d-5c5f-a3fe-46e8f707b51e,smart,2026-03-04T09:00:00,False,0.00
88fbdf6e-9886-573c-b16f-45d8b05a3180,baseline,2026-03-08T07:27:22,False,0.00
88fbdf6e-9886-573c-b16f-45d8b05a3180,smart,2026-03-08T07:27:22,False,0.00
81144f3e-ee74-5692-8e6d-8cd9addcd88f,baseline,2026-03-14T01:23:02,True,3148.68
81144f3e-ee74-5692-8e6d-8cd9addcd88f,smart,2026-03-13T21:23:02,False,0.00
b5d13d62-22ba-5fb1-99d5-e2cd601a52a2,baseline,2026-03-27T03:39:01,False,0.00
b5d13d62-22ba-5fb1-99d5-e2cd601a52a2,smart,2026-04-01T09:00:00,False,0.00
9c86981f-62e2-51bb-af12-653dbea17072,baseline,2026-01-02T00:14:47,False,0.00
9c86981f-62e2-51bb-af12-653dbea17072,smart,2026-02-01T09:00:00,True,3885.67
72d75efe-bf78-5b7a-97ed-78556ef8629d,baseline,2026-01-04T01:32:01,False,0.00
72d75efe-bf78-5b7a-97ed-78556ef8629d,smart,2026-01-04T21:32:01,False,0.00
61a90eac-a74c-5d42-bd73-8ac21823ce50,baseline,2026-01-09T15:14:00,False,0.00
61a90eac-a74c-5d42-bd73-8ac21823ce50,smart,2026-01-09T11:14:00,False,0.00
ae72b1aa-334c-5a76-8248-a2f835e3e562,baseline,2026-01-12T01:29:04,True,2662.06
ae72b1aa-334c-5a76-8248-a2f835e3e562,smart,2026-01-11T21:29:04,True,2662.06
449aaa9d-6b78-566c-9573-03849286905b,baseline,,False,0.00
449aaa9d-6b78-566c-9573-03849286905b,smart,,False,0.00
c3064577-b8f5-5549-96cc-379d00b7c1a9,baseline,,False,0.00
c3064577-b8f5-5549-96cc-379d00b7c1a9,smart,,False,0.00
3cc06079-38b2-5614-ab05-a55846e07be0,baseline,2026-01-25T21:51:52,False,0.00
3cc06079-38b2-5614-ab05-a55846e07be0,smart,2026-01-26T17:51:52,False,0.00
920cb6bf-068d-556f-a787-c0e843a80e44,baseline,2026-01-27T00:24:28,False,0.00
920cb6bf-068d-556f-a787-c0e843a80e44,smart,2026-01-26T20:24:28,False,0.00
1539cc8c-16d7-5384-8793-eb7409439855,baseline,,False,0.00
1539cc8c-16d7-5384-8793-eb7409439855,smart,,False,0.00
d0ed995b-17fc-5cc3-9ffb-5ddeb93b6fba,baseline,2026-03-17T14:16:51,False,0.00
d0ed995b-17fc-5cc3-9ffb-5ddeb93b6fba,smart,2026-03-17T10:16:51,True,2451.80
679e5392-8f31-5308-80f9-db1a85dccdf7,baseline,,False,0.00
679e5392-8f31-5308-80f9-db1a85dccdf7,smart,,False,0.00
7a4ab5b7-24cc-5dc6-b968-334e43ee5332,baseline,2026-01-12T00:33:39,True,4074.06
7a4ab5b7-24cc-5dc6-b968-334e43ee5332,smart,2026-01-11T20:33:39,False,0.00
3a523744-d120-5227-ae46-c9b3a81cbd4a,baseline,2026-01-19T05:10:06,False,0.00
3a523744-d120-5227-ae46-c9b3a81cbd4a,smart,2026-01-19T01:10:06,False,0.00
a97025ef-bb75-5ff9-b12c-2d3c7cacb2e9,baseline,2026-01-31T23:11:00,False,0.00
a97025ef-bb75-5ff9-b12c-2d3c7cacb2e9,smart,2026-02-01T09:00:00,False,0.00
1ca8f00b-face-5e48-b871-733825d483bf,baseline,2026-02-03T16:19:22,True,36210.86
1ca8f00b-face-5e48-b871-733825d483bf,smart,2026-02-04T12:19:22,False,0.00
a91ffb14-37d2-5202-ab4e-76c45b7c5715,baseline,2026-02-12T15:50:19,False,0.00
a91ffb14-37d2-5202-ab4e-76c45b7c5715,smart,2026-02-12T11:50:19,False,0.00
d12efd02-3a83-5a14-bbcf-a115e672eb06,baseline,2026-02-18T07:01:33,False,0.00
d12efd02-3a83-5a14-bbcf-a115e672eb06,smart,2026-02-18T07:01:33,False,0.00
001b866f-fa5a-5d85-a395-9c768d0c5d71,baseline,2026-03-01T00:15:43,True,1595.87
001b866f-fa5a-5d85-a395-9c768d0c5d71,smart,2026-03-01T09:00:00,True,1595.87
42f57dcb-a63b-5f4e-946c-8314977538c5,baseline,2026-03-04T15:39:27,False,0.00
42f57dcb-a63b-5f4e-946c-8314977538c5,smart,2026-03-05T11:39:27,False,0.00
f3fd3083-5de2-5536-aa62-867dfccce04b,baseline,,False,0.00
f3fd3083-5de2-5536-aa62-867dfccce04b,smart,,False,0.00
e1c26a64-3c08-5d28-911a-8694e1befb26,baseline,,False,0.00
e1c26a64-3c08-5d28-911a-8694e1befb26,smart,,False,0.00
bb40b5aa-a36f-5878-a3b4-5272721496e1,baseline,,False,0.00
bb40b5aa-a36f-5878-a3b4-5272721496e1,smart,,False,0.00
4e1a7d44-5eca-55e3-a6fe-e917dadc8715,baseline,,False,0.00
4e1a7d44-5eca-55e3-a6fe-e917dadc8715,smart,,False,0.00
5818f6b2-bf1c-586f-a536-9148b10e7730,baseline,2026-01-22T01:54:21,False,0.00
5818f6b2-bf1c-586f-a536-9148b10e7730,smart,2026-01-21T21:54:21,False,0.00
4da5245b-cc1a-5516-bf92-8cacdb5e2c0f,baseline,,False,0.00
4da5245b-cc1a-5516-bf92-8cacdb5e2c0f,smart,,False,0.00
ba7a0e2f-45c6-55d8-94aa-69f32e62d1c9,baseline,2026-01-29T15:26:19,True,3334.22
ba7a0e2f-45c6-55d8-94aa-69f32e62d1c9,smart,2026-01-29T11:26:19,False,0.00
7a6c5e49-3e3e-5793-ae01-860566553a75,baseline,2026-02-19T15:02:27,True,1043.98
7a6c5e49-3e3e-5793-ae01-860566553a75,smart,2026-02-19T11:02:27,True,1043.98
e9152f6d-7af6-54f8-85ee-a8da0d2a5cbc,baseline,,False,0.00
e9152f6d-7af6-54f8-85ee-a8da0d2a5cbc,smart,,False,0.00
46c7f278-7a7c-5d18-9051-5f173da4f1e6,baseline,,False,0.00
46c7f278-7a7c-5d18-9051-5f173da4f1e6,smart,,False,0.00
ea74385a-9031-5e95-b66c-b33546622e9d,baseline,,False,0.00
ea74385a-9031-5e95-b66c-b33546622e9d,smart,,False,0.00
5cfff9c4-50c7-5e3d-82e1-8b3025f2d1e0,baseline,2026-03-21T17:13:02,False,0.00
5cfff9c4-50c7-5e3d-82e1-8b3025f2d1e0,smart,2026-03-21T13:13:02,True,4373.95
358ec30d-3313-50ad-88ba-24cfe5e0b0ba,baseline,,False,0.00
358ec30d-3313-50ad-88ba-24cfe5e0b0ba,smart,,False,0.00
43d13899-4f09-5eeb-a7eb-8d35b1c4c357,baseline,,False,0.00
43d13899-4f09-5eeb-a7eb-8d35b1c4c357,smart,,False,0.00
3daf1094-4c52-5eb9-a211-1a3f3a185f92,baseline,2026-01-15T21:35:39,True,24642.22
3daf1094-4c52-5eb9-a211-1a3f3a185f92,smart,2026-01-16T17:35:39,False,0.00
38b0bed2-d83b-5ac5-9987-35d4fc8fae37,baseline,,False,0.00
38b0bed2-d83b-5ac5-9987-35d4fc8fae37,smart,,False,0.00
04fafbdd-b123-57bf-b08e-b8650cd090d3,baseline,,False,0.00
04fafbdd-b123-57bf-b08e-b8650cd090d3,smart,,False,0.00
a8b39ffb-ea3f-5b81-8298-68187d827701,baseline,2026-02-16T23:17:43,False,0.00
a8b39ffb-ea3f-5b81-8298-68187d827701,smart,2026-02-16T19:17:43,False,0.00
eb2b55d9-6b1b-55db-a119-b3cc6b2bd73e,baseline,2026-02-18T08:51:37,True,2276.17
eb2b55d9-6b1b-55db-a119-b3cc6b2bd73e,smart,2026-02-18T08:51:37,True,2276.17
44ae5812-6e8f-58b5-9cc0-857f9884b554,baseline,2026-02-24T01:35:26,False,0.00
44ae5812-6e8f-58b5-9cc0-857f9884b554,smart,2026-02-24T21:35:26,True,11336.04
ceda68f1-1a9b-5abf-a927-d201c3df450c,baseline,2026-02-28T01:43:52,True,1165.71
ceda68f1-1a9b-5abf-a927-d201c3df450c,smart,2026-03-01T09:00:00,False,0.00
5ad89b3f-7b21-5c74-aa30-3fc16a266ba3,baseline,2026-03-20T01:30:22,False,0.00
5ad89b3f-7b21-5c74-aa30-3fc16a266ba3,smart,2026-03-19T21:30:22,True,1605.48
0550fc79-551c-5450-ba08-325e9e2357ec,baseline,2026-03-28T01:21:39,True,796.87
0550fc79-551c-5450-ba08-325e9e2357ec,smart,2026-03-27T21:21:39,False,0.00
2ad01c26-bcae-5f9f-ada7-f56b80891621,baseline,,False,0.00
2ad01c26-bcae-5f9f-ada7-f56b80891621,smart,,False,0.00
e0eaf268-94b2-54e4-862c-f076765bd7ef,baseline,,False,0.00
e0eaf268-94b2-54e4-862c-f076765bd7ef,smart,,False,0.00
2179e33a-8c42-5a06-8015-be90e8c17952,baseline,2026-01-24T16:48:23,False,0.00
2179e33a-8c42-5a06-8015-be90e8c17952,smart,2026-01-24T12:48:23,True,3543.24
841bf5c4-3a1f-541a-9f1c-f73d8b26b729,baseline,,False,0.00
841bf5c4-3a1f-541a-9f1c-f73d8b26b729,smart,,False,0.00
d0a25dd7-bc01-57ec-8d85-571ada3f5c18,baseline,2026-01-27T23:58:14,True,954.89
d0a25dd7-bc01-57ec-8d85-571ada3f5c18,smart,2026-01-27T19:58:14,True,954.89
738b65d9-ed02-50ea-aa25-e18fcc6beb98,baseline,,False,0.00
738b65d9-ed02-50ea-aa25-e18fcc6beb98,smart,,False,0.00
32d75664-f9be-5891-b882-7c44bddc83c7,baseline,2026-03-08T08:13:56,True,8521.99
32d75664-f9be-5891-b882-7c44bddc83c7,smart,2026-03-08T08:13:56,True,8521.99
88596105-d633-5b85-8361-37a892c714b7,baseline,,False,0.00
88596105-d633-5b85-8361-37a892c714b7,smart,,False,0.00
8946736f-3bc5-5e5d-b737-0b8a579d81fc,baseline,,False,0.00
8946736f-3bc5-5e5d-b737-0b8a579d81fc,smart,,False,0.00
c39707c9-d56d-5822-a7fe-cf000779c718,baseline,,False,0.00
c39707c9-d56d-5822-a7fe-cf000779c718,smart,,False,0.00
0b0f6482-fd43-52eb-bf61-7327e2ff34c1,baseline,2026-03-30T23:11:32,False,0.00
0b0f6482-fd43-52eb-bf61-7327e2ff34c1,smart,2026-04-01T09:00:00,False,0.00
12cc39f4-7d57-5866-8323-3fd77f1364ce,baseline,2026-01-30T23:44:06,True,2422.43
12cc39f4-7d57-5866-8323-3fd77f1364ce,smart,2026-02-01T09:00:00,True,2422.43
9b8cc4af-f28f-5a9f-ba33-f84bceeecd27,baseline,2026-01-31T15:36:59,False,0.00
9b8cc4af-f28f-5a9f-ba33-f84bceeecd27,smart,2026-02-01T09:00:00,False,0.00
77f5badd-be4a-508e-81c5-ea42823df874,baseline,2026-02-06T01:04:10,False,0.00
77f5badd-be4a-508e-81c5-ea42823df874,smart,2026-02-06T21:04:10,False,0.00
7ca8becb-bfff-5953-9956-43dedf919ed8,baseline,2026-02-14T17:44:39,False,0.00
7ca8becb-bfff-5953-9956-43dedf919ed8,smart,2026-02-14T13:44:39,False,0.00
b748a74d-7ae0-5cd8-9e86-f4dbf63498be,baseline,,False,0.00
b748a74d-7ae0-5cd8-9e86-f4dbf63498be,smart,,False,0.00
e0daee0f-e7c9-5f8b-9d3f-e70a868d1786,baseline,2026-02-27T16:45:58,False,0.00
e0daee0f-e7c9-5f8b-9d3f-e70a868d1786,smart,2026-03-01T09:00:00,True,8512.03
05e18933-5248-5c1c-93cc-257bdd3598bb,baseline,2026-02-27T23:04:01,False,0.00
05e18933-5248-5c1c-93cc-257bdd3598bb,smart,2026-03-01T09:00:00,True,839.05
d810d944-8c88-5237-aec5-0308435f0ace,baseline,,False,0.00
d810d944-8c88-5237-aec5-0308435f0ace,smart,,False,0.00
f128e6e4-1b2b-5ce2-b7eb-b8f8f61d11e3,baseline,,False,0.00
f128e6e4-1b2b-5ce2-b7eb-b8f8f61d11e3,smart,,False,0.00
721605e6-746d-5758-930e-b4b564d19558,baseline,,False,0.00
721605e6-746d-5758-930e-b4b564d19558,smart,,False,0.00
605afa0c-56ec-5d5f-95bb-4850642cd3c9,baseline,2026-01-04T00:25:27,False,0.00
605afa0c-56ec-5d5f-95bb-4850642cd3c9,smart,2026-02-01T09:00:00,False,0.00
1093eaf3-ff2c-5ddb-a2bd-5593b1a3c412,baseline,,False,0.00
1093eaf3-ff2c-5ddb-a2bd-5593b1a3c412,smart,,False,0.00
b627e99c-9381-55b4-88a6-5cc228807cae,baseline,,False,0.00
b627e99c-9381-55b4-88a6-5cc228807cae,smart,,False,0.00
e9829af4-1774-5e6c-bc45-cad4614d541f,baseline,2026-01-31T23:46:14,False,0.00
e9829af4-1774-5e6c-bc45-cad4614d541f,smart,2026-02-01T09:00:00,True,1489.18
c969a573-2be0-5199-ae32-9e2e08bbce52,baseline,2026-02-01T00:00:59,True,348.25
c969a573-2be0-5199-ae32-9e2e08bbce52,smart,2026-02-01T09:00:00,True,348.25
9a928197-9144-5b01-be4f-7fe934eb2729,baseline,2026-02-08T08:01:39,False,0.00
9a928197-9144-5b01-be4f-7fe934eb2729,smart,2026-02-08T08:01:39,False,0.00
7ba8e7e0-c5ed-57d2-ae84-71016bf75a69,baseline,2026-03-18T08:01:39,True,1482.89
7ba8e7e0-c5ed-57d2-ae84-71016bf75a69,smart,2026-03-18T08:01:39,True,1482.89
be6708df-9207-52d7-9448-b49e3b365b73,baseline,2026-03-26T23:50:22,False,0.00
be6708df-9207-52d7-9448-b49e3b365b73,smart,2026-04-01T09:00:00,False,0.00
bec8cd06-9bea-539e-8595-84645ec98dbe,baseline,2026-03-30T23:22:09,True,5498.20
bec8cd06-9bea-539e-8595-84645ec98dbe,smart,2026-04-01T09:00:00,True,5498.20
43091234-c600-5d3d-886e-aab8e4ecff31,baseline,2026-03-31T18:58:55,False,0.00
43091234-c600-5d3d-886e-aab8e4ecff31,smart,2026-04-01T09:00:00,False,0.00
fd6a96d4-cfe9-5d6e-aa13-e915e078e744,baseline,,False,0.00
fd6a96d4-cfe9-5d6e-aa13-e915e078e744,smart,,False,0.00
837b6129-3f9f-511c-b41e-b0167c18b03f,baseline,2026-01-13T00:42:48,True,2616.20
837b6129-3f9f-511c-b41e-b0167c18b03f,smart,2026-01-12T20:42:48,True,2616.20
758d1222-3fe3-53d9-920f-352922bf1622,baseline,,False,0.00
758d1222-3fe3-53d9-920f-352922bf1622,smart,,False,0.00
999946df-f4d3-54b8-8f6b-98e6d2780d5c,baseline,2026-01-23T00:57:51,True,643.82
999946df-f4d3-54b8-8f6b-98e6d2780d5c,smart,2026-01-22T20:57:51,False,0.00
e7713348-31e1-53d7-ae8c-c60e715e349b,baseline,2026-01-30T02:11:55,False,0.00
e7713348-31e1-53d7-ae8c-c60e715e349b,smart,2026-02-01T09:00:00,True,2288.20
8602c16f-1f35-57dd-a0e6-69ca10a9e838,baseline,2026-02-24T08:09:19,False,0.00
8602c16f-1f35-57dd-a0e6-69ca10a9e838,smart,2026-02-24T08:09:19,False,0.00
c3878b39-2c61-535b-9d2b-1bde5cff3b67,baseline,,False,0.00
c3878b39-2c61-535b-9d2b-1bde5cff3b67,smart,,False,0.00
5af85914-49f1-517a-8208-55174e1b8092,baseline,,False,0.00
5af85914-49f1-517a-8208-55174e1b8092,smart,,False,0.00
26922c15-9e77-55fa-82fa-4c54ac39df9d,baseline,2026-03-22T01:55:07,False,0.00
26922c15-9e77-55fa-82fa-4c54ac39df9d,smart,2026-03-21T21:55:07,False,0.00
df64f994-4bec-58b3-a595-7c7ff78bd555,baseline,,False,0.00
df64f994-4bec-58b3-a595-7c7ff78bd555,smart,,False,0.00
1fad43ab-7577-5d9f-a2cc-9dfe24d3468a,baseline,,False,0.00
1fad43ab-7577-5d9f-a2cc-9dfe24d3468a,smart,,False,0.00
faf336f4-d619-5ce2-beba-76635acc49d5,baseline,,False,0.00
faf336f4-d619-5ce2-beba-76635acc49d5,smart,,False,0.00
e0c6d2a7-8e10-5299-8058-7951f6a691da,baseline,2026-01-29T17:54:36,False,0.00
e0c6d2a7-8e10-5299-8058-7951f6a691da,smart,2026-02-01T09:00:00,True,5144.96
465cc683-b185-5061-a192-f577a0699f6e,baseline,2026-01-30T07:58:32,True,1641.36
465cc683-b185-5061-a192-f577a0699f6e,smart,2026-02-01T09:00:00,True,1641.36
7b44ac7c-63b4-530a-ad4d-6f9c14669dfd,baseline,2026-02-24T07:10:14,False,0.00
7b44ac7c-63b4-530a-ad4d-6f9c14669dfd,smart,2026-02-24T07:10:14,False,0.00
03d8fcd2-4801-5fd0-b25e-0c840eb99bbc,baseline,,False,0.00
03d8fcd2-4801-5fd0-b25e-0c840eb99bbc,smart,,False,0.00
6268626c-41e8-5672-925f-a4b6d83b0243,baseline,2026-03-18T07:45:05,True,5202.22
6268626c-41e8-5672-925f-a4b6d83b0243,smart,2026-03-18T07:45:05,True,5202.22
48c282b0-1f82-5975-ae4b-c89bc0752e81,baseline,2026-03-26T17:53:53,True,1568.87
48c282b0-1f82-5975-ae4b-c89bc0752e81,smart,2026-03-26T13:53:53,True,1568.87
ffbb4444-445e-538f-ad51-8dcfc34e3b55,baseline,,False,0.00
ffbb4444-445e-538f-ad51-8dcfc34e3b55,smart,,False,0.00
d7fc70d6-76ba-5c06-83c5-56d84e9f25b6,baseline,2026-01-04T20:50:50,True,2173.45
d7fc70d6-76ba-5c06-83c5-56d84e9f25b6,smart,2026-02-01T09:00:00,True,2173.45
54d49327-35b1-5586-9eb0-f10a7d270833,baseline,,False,0.00
54d49327-35b1-5586-9eb0-f10a7d270833,smart,,False,0.00
022f5ecc-70ba-5d4d-b36c-bc2c90f14425,baseline,,False,0.00
022f5ecc-70ba-5d4d-b36c-bc2c90f14425,smart,,False,0.00
d3f770e2-2e5c-5d26-91eb-7cc0c9e0770c,baseline,2026-02-04T19:34:49,False,0.00
d3f770e2-2e5c-5d26-91eb-7cc0c9e0770c,smart,2026-03-01T09:00:00,True,1477.52
2fa2752b-5167-56e6-b821-c2d3a6a74ab7,baseline,2026-02-07T00:35:47,False,0.00
2fa2752b-5167-56e6-b821-c2d3a6a74ab7,smart,2026-02-07T20:35:47,False,0.00
84ac4321-bb1e-5f9f-b13e-808df32b34d5,baseline,,False,0.00
84ac4321-bb1e-5f9f-b13e-808df32b34d5,smart,,False,0.00
d3db694d-66d4-5efc-be47-97eea6157c76,baseline,,False,0.00
d3db694d-66d4-5efc-be47-97eea6157c76,smart,,False,0.00
abf154ec-5dda-5853-b966-35729f42abff,baseline,,False,0.00
abf154ec-5dda-5853-b966-35729f42abff,smart,,False,0.00
ce08df4a-a5b5-5296-90ea-e52348832c47,baseline,,False,0.00
ce08df4a-a5b5-5296-90ea-e52348832c47,smart,,False,0.00
0ffa3607-3ac0-5830-a804-eda16a639c3a,baseline,,False,0.00
0ffa3607-3ac0-5830-a804-eda16a639c3a,smart,,False,0.00
2b6d7ef9-53c2-5adf-b372-b80d3157e866,baseline,,False,0.00
2b6d7ef9-53c2-5adf-b372-b80d3157e866,smart,,False,0.00
33626a50-db9f-5e74-9f5b-476bb7ed1e35,baseline,2026-02-10T16:48:10,False,0.00
33626a50-db9f-5e74-9f5b-476bb7ed1e35,smart,2026-02-10T12:48:10,True,1181.53
b9a9424a-029d-5830-8dc2-58917802d13a,baseline,2026-02-18T07:03:10,True,1720.35
b9a9424a-029d-5830-8dc2-58917802d13a,smart,2026-02-18T07:03:10,True,1720.35
fc5eea70-9e40-5d65-a176-7a1a6975b63a,baseline,2026-02-20T01:07:01,False,0.00
fc5eea70-9e40-5d65-a176-7a1a6975b63a,smart,2026-02-19T21:07:01,False,0.00
f685c258-71e1-551b-9a68-e05c89b22fe9,baseline,,False,0.00
f685c258-71e1-551b-9a68-e05c89b22fe9,smart,,False,0.00
82c8c7c3-52fc-5652-a9a7-439b87978d37,baseline,2026-02-27T01:27:47,True,2617.32
82c8c7c3-52fc-5652-a9a7-439b87978d37,smart,2026-02-26T21:27:47,True,2617.32
1d58c495-9911-590e-8fd4-2fbc5a3d0338,baseline,2026-02-28T17:35:09,False,0.00
1d58c495-9911-590e-8fd4-2fbc5a3d0338,smart,2026-03-01T09:00:00,True,1149.91
cf030079-e755-58f0-81ea-ed96a86c9786,baseline,2026-03-08T00:48:35,False,0.00
cf030079-e755-58f0-81ea-ed96a86c9786,smart,2026-03-07T20:48:35,False,0.00
46452b26-05db-5067-8766-274c8c78ff19,baseline,2026-01-08T08:15:58,True,3519.01
46452b26-05db-5067-8766-274c8c78ff19,smart,2026-01-08T08:15:58,True,3519.01
8ba890d1-07f9-5dd7-b5da-c801e205f171,baseline,,False,0.00
8ba890d1-07f9-5dd7-b5da-c801e205f171,smart,,False,0.00
281a92b0-923e-579d-8449-ecb9d102d7a2,baseline,,False,0.00
281a92b0-923e-579d-8449-ecb9d102d7a2,smart,,False,0.00
4adc7753-4c92-572b-a817-dab21b688a25,baseline,,False,0.00
4adc7753-4c92-572b-a817-dab21b688a25,smart,,False,0.00
603a256c-c9d0-5e46-8771-8e137f0ea113,baseline,,False,0.00
603a256c-c9d0-5e46-8771-8e137f0ea113,smart,,False,0.00
f0323ce7-49c3-5090-8e35-114c60211857,baseline,,False,0.00
f0323ce7-49c3-5090-8e35-114c60211857,smart,,False,0.00
8eb11ed0-4a41-5f48-a665-5fbd21a651fa,baseline,,False,0.00
8eb11ed0-4a41-5f48-a665-5fbd21a651fa,smart,,False,0.00
fc488754-3ec0-5c68-95a8-5ecd4e7a8de1,baseline,2026-03-26T06:43:54,False,0.00
fc488754-3ec0-5c68-95a8-5ecd4e7a8de1,smart,2026-04-01T09:00:00,True,926.57
5cef42c6-1c4f-5ab2-9eb8-6f62eba8840a,baseline,2026-03-27T14:50:18,False,0.00
5cef42c6-1c4f-5ab2-9eb8-6f62eba8840a,smart,2026-04-01T09:00:00,True,7085.93
f998751e-dd6f-56af-a025-6507054aa119,baseline,2026-01-11T16:40:59,True,375.31
f998751e-dd6f-56af-a025-6507054aa119,smart,2026-01-11T12:40:59,True,375.31
9f2e0033-7aff-5b96-8643-dc770a898be5,baseline,2026-01-18T08:52:35,True,2417.00
9f2e0033-7aff-5b96-8643-dc770a898be5,smart,2026-01-18T08:52:35,True,2417.00
d7f15a83-a02c-562b-b09b-8b91c401d847,baseline,,False,0.00
d7f15a83-a02c-562b-b09b-8b91c401d847,smart,,False,0.00
ed29f238-860a-5745-a4da-615fa9ab911a,baseline,,False,0.00
ed29f238-860a-5745-a4da-615fa9ab911a,smart,,False,0.00
85d9a4af-d9bc-5ec2-871d-c0a9e85d4592,baseline,,False,0.00
85d9a4af-d9bc-5ec2-871d-c0a9e85d4592,smart,,False,0.00
10ace073-3ae4-5837-9fae-a683cc468104,baseline,,False,0.00
10ace073-3ae4-5837-9fae-a683cc468104,smart,,False,0.00
ae00a18d-dff6-5bae-8dfa-ca0d1af604c6,baseline,2026-03-26T19:13:42,False,0.00
ae00a18d-dff6-5bae-8dfa-ca0d1af604c6,smart,2026-04-01T09:00:00,True,1845.59
71371af2-78c4-5e7c-917c-67a3c6f0c82e,baseline,2026-03-28T16:29:16,True,1691.58
71371af2-78c4-5e7c-917c-67a3c6f0c82e,smart,2026-04-01T09:00:00,True,1691.58
3420ffea-b1ad-584f-b9da-99e5abbc9282,baseline,,False,0.00
3420ffea-b1ad-584f-b9da-99e5abbc9282,smart,,False,0.00
c9a5956b-c8e0-5c64-89ed-b29815af7404,baseline,2026-01-22T18:11:54,False,0.00
c9a5956b-c8e0-5c64-89ed-b29815af7404,smart,2026-01-23T14:11:54,True,19834.94
45cef8f2-acaf-5202-b6ac-7e8b9c37cce7,baseline,2026-01-25T23:59:34,False,0.00
45cef8f2-acaf-5202-b6ac-7e8b9c37cce7,smart,2026-01-25T19:59:34,True,4844.69
c05ea8a1-f622-50ec-a468-8053954e0a17,baseline,,False,0.00
c05ea8a1-f622-50ec-a468-8053954e0a17,smart,,False,0.00
fd24678b-91c1-5941-8167-0da57673c4b7,baseline,,False,0.00
fd24678b-91c1-5941-8167-0da57673c4b7,smart,,False,0.00
eec6e759-ffca-59c7-beb9-969f719d8d02,baseline,,False,0.00
eec6e759-ffca-59c7-beb9-969f719d8d02,smart,,False,0.00
9ec3dd2a-e45c-594d-8ebd-bd688aa42707,baseline,2026-02-28T10:42:24,False,0.00
9ec3dd2a-e45c-594d-8ebd-bd688aa42707,smart,2026-03-01T09:00:00,True,6287.94
0a626637-2346-5caf-a846-bccc23351b19,baseline,2026-03-12T16:24:12,False,0.00
0a626637-2346-5caf-a846-bccc23351b19,smart,2026-03-12T12:24:12,True,1656.19
fb643e64-c45b-5e7f-9c40-1d023cff437d,baseline,2026-03-26T15:11:41,True,2502.66
fb643e64-c45b-5e7f-9c40-1d023cff437d,smart,2026-04-01T09:00:00,True,2502.66
e36cfab3-b01e-563e-9b4f-f0ef1f39872b,baseline,,False,0.00
e36cfab3-b01e-563e-9b4f-f0ef1f39872b,smart,,False,0.00
48d0c422-97b9-5ca7-988d-eeba0df539c4,baseline,2026-01-30T06:00:07,False,0.00
48d0c422-97b9-5ca7-988d-eeba0df539c4,smart,2026-02-01T09:00:00,True,3636.21
c51d131b-ae74-5aa0-a6a5-a7007af16a0a,baseline,2026-01-31T09:47:42,False,0.00
c51d131b-ae74-5aa0-a6a5-a7007af16a0a,smart,2026-02-01T09:00:00,True,883.96
cee6fb25-d352-529c-8afa-5a67c62577a9,baseline,2026-02-01T00:09:45,False,0.00
cee6fb25-d352-529c-8afa-5a67c62577a9,smart,2026-01-31T20:09:45,False,0.00
80125b59-c6b9-5a20-b2ff-56657f0016bd,baseline,2026-02-08T17:54:52,True,2220.82
80125b59-c6b9-5a20-b2ff-56657f0016bd,smart,2026-02-08T13:54:52,False,0.00
89ecbe17-651f-5df4-97b0-9bf1e2c83d33,baseline,,False,0.00
89ecbe17-651f-5df4-97b0-9bf1e2c83d33,smart,,False,0.00
26eabf48-0279-590f-bed7-bb9c51395be4,baseline,,False,0.00
26eabf48-0279-590f-bed7-bb9c51395be4,smart,,False,0.00
e77c0012-6e13-54a1-9029-366539b8316e,baseline,2026-03-21T12:58:16,False,0.00
e77c0012-6e13-54a1-9029-366539b8316e,smart,2026-03-21T08:58:16,False,0.00
034d1d34-1d16-5657-8ab5-210cdb66aca2,baseline,2026-03-27T10:17:48,False,0.00
034d1d34-1d16-5657-8ab5-210cdb66aca2,smart,2026-04-01T09:00:00,True,1388.16
259b3d03-3b48-58d9-98b9-39d207e63e1f,baseline,2026-03-30T06:13:49,False,0.00
259b3d03-3b48-58d9-98b9-39d207e63e1f,smart,2026-04-01T09:00:00,False,0.00
dda0d100-8fa0-59a3-96d9-db6a456cbd5a,baseline,,False,0.00
dda0d100-8fa0-59a3-96d9-db6a456cbd5a,smart,,False,0.00
91f60259-7633-5c61-8a1f-68c2c9ef67f3,baseline,,False,0.00
91f60259-7633-5c61-8a1f-68c2c9ef67f3,smart,,False,0.00
c24b5312-ad97-5f1b-8829-c2cfe8f2b925,baseline,,False,0.00
c24b5312-ad97-5f1b-8829-c2cfe8f2b925,smart,,False,0.00
4291ed19-fc9f-5f8b-ad31-085b4c9463ef,baseline,2026-02-14T15:37:18,False,0.00
4291ed19-fc9f-5f8b-ad31-085b4c9463ef,smart,2026-02-15T11:37:18,False,0.00
18762e73-27fb-5426-829e-ba4b50bae68f,baseline,,False,0.00
18762e73-27fb-5426-829e-ba4b50bae68f,smart,,False,0.00
62cba06a-83bc-5375-b6f0-ae2d1131f86f,baseline,,False,0.00
62cba06a-83bc-5375-b6f0-ae2d1131f86f,smart,,False,0.00
ad5c6e1d-4897-5c09-b254-c2c6ea6a6aaa,baseline,2026-03-26T13:27:14,True,5499.11
ad5c6e1d-4897-5c09-b254-c2c6ea6a6aaa,smart,2026-04-01T09:00:00,False,0.00
c74772e5-206b-5e0c-960e-e7423f8f31d9,baseline,,False,0.00
c74772e5-206b-5e0c-960e-e7423f8f31d9,smart,,False,0.00
d7aa4ee0-e55f-5b13-9b15-b1866fb5a3d3,baseline,,False,0.00
d7aa4ee0-e55f-5b13-9b15-b1866fb5a3d3,smart,,False,0.00
5d3a3b1c-65e7-5a58-82de-7ed6bbf89363,baseline,2026-01-12T15:39:26,False,0.00
5d3a3b1c-65e7-5a58-82de-7ed6bbf89363,smart,2026-01-12T11:39:26,True,2912.80
a3114913-c97b-5cd1-b1bf-ef1b4ac7c8e9,baseline,,False,0.00
a3114913-c97b-5cd1-b1bf-ef1b4ac7c8e9,smart,,False,0.00
f0861bb1-74ba-5220-bc41-ed00a33ef0af,baseline,2026-01-28T17:00:19,True,1034.74
f0861bb1-74ba-5220-bc41-ed00a33ef0af,smart,2026-02-01T09:00:00,True,1034.74
01f1e677-0073-512b-b087-898bbad5ace7,baseline,,False,0.00
01f1e677-0073-512b-b087-898bbad5ace7,smart,,False,0.00
e8d3b7b3-ab5b-5225-8aac-d4d3ba614600,baseline,,False,0.00
e8d3b7b3-ab5b-5225-8aac-d4d3ba614600,smart,,False,0.00
c8db1b2b-9c72-5939-9885-ba3ec6ea34b5,baseline,2026-03-23T05:21:19,False,0.00
c8db1b2b-9c72-5939-9885-ba3ec6ea34b5,smart,2026-03-23T01:21:19,False,0.00
c5b22e8e-bd8b-51b3-86c4-c7fa5338f7d1,baseline,2026-03-24T07:53:20,False,0.00
c5b22e8e-bd8b-51b3-86c4-c7fa5338f7d1,smart,2026-03-24T07:53:20,False,0.00
e594e867-7418-5cea-bd24-920f81cbeca9,baseline,2026-03-30T16:09:24,False,0.00
e594e867-7418-5cea-bd24-920f81cbeca9,smart,2026-04-01T09:00:00,True,2602.97
5164d38c-a261-5b40-bae2-d88097c76d2a,baseline,2026-01-08T08:36:04,True,1830.56
5164d38c-a261-5b40-bae2-d88097c76d2a,smart,2026-01-08T08:36:04,True,1830.56
e6ccb67c-f54d-55b4-9658-9ba9643573a5,baseline,,False,0.00
e6ccb67c-f54d-55b4-9658-9ba9643573a5,smart,,False,0.00
ac6a4786-5576-5a1b-9888-3a29acc7b7bf,baseline,2026-01-18T07:16:12,True,3751.45
ac6a4786-5576-5a1b-9888-3a29acc7b7bf,smart,2026-01-18T07:16:12,True,3751.45
c42dbd0c-4ac1-51a4-a69a-b50b639c7d64,baseline,,False,0.00
c42dbd0c-4ac1-51a4-a69a-b50b639c7d64,smart,,False,0.00
005c839c-b2ac-551b-9f3f-e95345ce4000,baseline,,False,0.00
005c839c-b2ac-551b-9f3f-e95345ce4000,smart,,False,0.00
655aba5d-8ed6-59e1-b5cc-512ef8f16441,baseline,2026-02-01T02:46:07,True,413.43
655aba5d-8ed6-59e1-b5cc-512ef8f16441,smart,2026-02-01T09:00:00,True,413.43
fea3d7d6-3bd3-5a84-8cec-46c160e87d63,baseline,2026-02-28T23:12:12,False,0.00
fea3d7d6-3bd3-5a84-8cec-46c160e87d63,smart,2026-03-01T09:00:00,False,0.00
d701788e-379e-56a0-992c-ccace44b4330,baseline,2026-03-27T23:31:17,False,0.00
d701788e-379e-56a0-992c-ccace44b4330,smart,2026-04-01T09:00:00,False,0.00
169a84cd-b5b8-5758-851a-3908d925cb43,baseline,2026-01-27T16:36:55,True,546.74
169a84cd-b5b8-5758-851a-3908d925cb43,smart,2026-01-27T12:36:55,True,546.74
adbb1145-97cb-5431-aa43-d0ff2a82729b,baseline,2026-02-01T12:30:21,True,3971.49
adbb1145-97cb-5431-aa43-d0ff2a82729b,smart,2026-02-01T09:00:00,True,3971.49
52eb2463-3980-593a-9b57-803c7dc729b4,baseline,2026-02-09T16:51:02,True,3106.29
52eb2463-3980-593a-9b57-803c7dc729b4,smart,2026-02-09T12:51:02,False,0.00
3d501389-55b3-51bd-af21-9eca751a064c,baseline,,False,0.00
3d501389-55b3-51bd-af21-9eca751a064c,smart,,False,0.00
2b46ea0b-4aa9-5a78-a259-eb4f66c12cf9,baseline,,False,0.00
2b46ea0b-4aa9-5a78-a259-eb4f66c12cf9,smart,,False,0.00
3634281d-d54b-595a-abea-328cc244798b,baseline,,False,0.00
3634281d-d54b-595a-abea-328cc244798b,smart,,False,0.00
a0e60f4d-d453-5b6b-bdac-810b1aa6cad5,baseline,,False,0.00
a0e60f4d-d453-5b6b-bdac-810b1aa6cad5,smart,,False,0.00
3f9c2b7e-3081-55e7-a7eb-3a2a6e014569,baseline,2026-03-31T01:16:29,False,0.00
3f9c2b7e-3081-55e7-a7eb-3a2a6e014569,smart,2026-04-01T09:00:00,True,1394.93
2f050144-efae-55a0-b4c5-d9abe39222aa,baseline,2026-01-08T08:29:36,False,0.00
2f050144-efae-55a0-b4c5-d9abe39222aa,smart,2026-01-08T08:29:36,False,0.00
e5e75475-bb1d-5252-ba8c-4d414439a0c2,baseline,2026-01-28T18:39:33,False,0.00
e5e75475-bb1d-5252-ba8c-4d414439a0c2,smart,2026-02-01T09:00:00,False,0.00
f9365f0c-9d82-5729-bb80-70c9a0ee02b9,baseline,2026-02-20T17:26:59,True,28569.43
f9365f0c-9d82-5729-bb80-70c9a0ee02b9,smart,2026-02-21T13:26:59,True,28569.43
e5e497ab-bf66-5011-ad0b-7edb98cab6b5,baseline,2026-03-08T23:10:11,True,7762.49
e5e497ab-bf66-5011-ad0b-7edb98cab6b5,smart,2026-03-08T19:10:11,False,0.00
6f07953f-4fe4-5968-bfc3-27b3873baee1,baseline,2026-03-15T15:13:06,False,0.00
6f07953f-4fe4-5968-bfc3-27b3873baee1,smart,2026-03-15T11:13:06,True,2103.46
8de4b179-662f-5d27-8f5e-598e3299e4e6,baseline,,False,0.00
8de4b179-662f-5d27-8f5e-598e3299e4e6,smart,,False,0.00
3383f216-0536-5593-9dda-f3d2e3f22901,baseline,2026-03-18T07:22:06,True,3440.83
3383f216-0536-5593-9dda-f3d2e3f22901,smart,2026-03-18T07:22:06,True,3440.83
567eab3d-c5bc-5f1b-851e-ef190d33a81f,baseline,,False,0.00
567eab3d-c5bc-5f1b-851e-ef190d33a81f,smart,,False,0.00
6de9127d-bb78-5567-97cc-28a266760037,baseline,2026-01-28T11:53:27,True,4173.00
6de9127d-bb78-5567-97cc-28a266760037,smart,2026-02-01T09:00:00,True,4173.00
fbeee170-1001-5d3b-b42e-6c037b313be6,baseline,,False,0.00
fbeee170-1001-5d3b-b42e-6c037b313be6,smart,,False,0.00
8636665f-3507-5aaf-866d-437e320c01a4,baseline,2026-02-28T15:39:49,False,0.00
8636665f-3507-5aaf-866d-437e320c01a4,smart,2026-03-01T09:00:00,True,5551.26
7a745b14-e1c7-5fe9-937e-2aa29f7feb34,baseline,,False,0.00
7a745b14-e1c7-5fe9-937e-2aa29f7feb34,smart,,False,0.00
8d1dbffe-3e4d-50ca-8518-329339e0cdfb,baseline,,False,0.00
8d1dbffe-3e4d-50ca-8518-329339e0cdfb,smart,,False,0.00
2ac8aa72-be6f-55a0-bb75-0dadae61f649,baseline,2026-03-26T16:29:08,False,0.00
2ac8aa72-be6f-55a0-bb75-0dadae61f649,smart,2026-04-01T09:00:00,True,826.56
54b77fa6-6dc1-53fd-8afc-ffd9eefdbc76,baseline,2026-03-31T16:17:37,False,0.00
54b77fa6-6dc1-53fd-8afc-ffd9eefdbc76,smart,2026-04-01T09:00:00,True,1776.21
4ba70be7-235d-5289-b2ce-ef096c6e6eb2,baseline,2026-04-01T01:51:22,False,0.00
4ba70be7-235d-5289-b2ce-ef096c6e6eb2,smart,2026-04-01T09:00:00,True,704.20
f8d30219-c04c-5f3b-9d09-7f726f93acd1,baseline,2026-01-14T00:49:48,False,0.00
f8d30219-c04c-5f3b-9d09-7f726f93acd1,smart,2026-01-14T20:49:48,True,23595.95
1f71a20d-96c0-5482-a7ce-e3bbb5b1e4ec,baseline,2026-01-24T07:05:33,True,2352.05
1f71a20d-96c0-5482-a7ce-e3bbb5b1e4ec,smart,2026-01-24T07:05:33,True,2352.05
4f0661bc-0122-5c56-8e71-d93426b08a77,baseline,2026-02-05T22:25:20,False,0.00
4f0661bc-0122-5c56-8e71-d93426b08a77,smart,2026-03-01T09:00:00,False,0.00
c404ac18-6b6e-51e0-affd-a9c5d07ea20e,baseline,2026-02-24T08:52:54,False,0.00
c404ac18-6b6e-51e0-affd-a9c5d07ea20e,smart,2026-02-24T08:52:54,False,0.00
d1823bf9-9ad4-59d3-b050-7a12c0b74e09,baseline,,False,0.00
d1823bf9-9ad4-59d3-b050-7a12c0b74e09,smart,,False,0.00
d6df393e-9804-52bf-83e8-272347514661,baseline,2026-02-27T19:45:46,False,0.00
d6df393e-9804-52bf-83e8-272347514661,smart,2026-03-01T09:00:00,False,0.00
f252abdf-3e6a-5257-be73-50fd35ad2269,baseline,,False,0.00
f252abdf-3e6a-5257-be73-50fd35ad2269,smart,,False,0.00
b2cbd97c-3417-5066-9a77-6e025a1854d3,baseline,2026-03-09T17:34:09,False,0.00
b2cbd97c-3417-5066-9a77-6e025a1854d3,smart,2026-03-09T13:34:09,True,1532.76
76eeadef-7acd-5d7a-b0be-caf887e311dd,baseline,2026-01-26T15:41:23,False,0.00
76eeadef-7acd-5d7a-b0be-caf887e311dd,smart,2026-01-27T11:41:23,False,0.00
2ccf266e-7b02-5778-8459-1e85f393583a,baseline,2026-01-27T14:50:45,True,815.52
2ccf266e-7b02-5778-8459-1e85f393583a,smart,2026-02-01T09:00:00,False,0.00
f3b2c9e6-f8ad-5f8d-a506-694655fc1869,baseline,,False,0.00
f3b2c9e6-f8ad-5f8d-a506-694655fc1869,smart,,False,0.00
832d577d-e637-55d9-9714-171adcffb9eb,baseline,2026-03-08T08:39:06,False,0.00
832d577d-e637-55d9-9714-171adcffb9eb,smart,2026-03-08T08:39:06,False,0.00
6d836c92-b92b-55db-bb7a-365970ba92e0,baseline,,False,0.00
6d836c92-b92b-55db-bb7a-365970ba92e0,smart,,False,0.00
232a62c7-e88d-55d3-81a5-50a231090c8c,baseline,2026-03-20T13:18:41,False,0.00
232a62c7-e88d-55d3-81a5-50a231090c8c,smart,2026-03-21T09:18:41,True,26892.70
c7b5d31d-dda1-57ce-9c12-a4c01a5d8e86,baseline,,False,0.00
c7b5d31d-dda1-57ce-9c12-a4c01a5d8e86,smart,,False,0.00
910e7514-92df-568d-bc38-dd1060ecbe41,baseline,2026-03-28T23:44:53,False,0.00
910e7514-92df-568d-bc38-dd1060ecbe41,smart,2026-04-01T09:00:00,True,686.76
e25101bd-938e-5219-a7e8-538aab8755c3,baseline,2026-01-19T17:55:33,False,0.00
e25101bd-938e-5219-a7e8-538aab8755c3,smart,2026-01-20T13:55:33,False,0.00
8c606643-151a-5a8a-964b-8b9aead66bc6,baseline,2026-02-04T16:38:32,True,3290.33
8c606643-151a-5a8a-964b-8b9aead66bc6,smart,2026-03-01T09:00:00,False,0.00
f5528232-1672-5e4f-9314-94134e56c108,baseline,,False,0.00
f5528232-1672-5e4f-9314-94134e56c108,smart,,False,0.00
d1313cb3-ee58-5bf2-b846-61879c628770,baseline,,False,0.00
d1313cb3-ee58-5bf2-b846-61879c628770,smart,,False,0.00
bbca5732-6b3a-5ea4-bb7c-9bea2586e641,baseline,,False,0.00
bbca5732-6b3a-5ea4-bb7c-9bea2586e641,smart,,False,0.00
70b67973-d828-5218-b218-c369b2ee0880,baseline,2026-02-27T01:59:29,False,0.00
70b67973-d828-5218-b218-c369b2ee0880,smart,2026-03-01T09:00:00,True,1919.40
e27e95a6-f658-5aa5-867a-cdb05952c171,baseline,2026-02-27T14:32:03,True,3631.32
e27e95a6-f658-5aa5-867a-cdb05952c171,smart,2026-03-01T09:00:00,False,0.00
0d70b47b-a946-5669-8113-b920ef3ada4b,baseline,2026-03-06T03:35:21,True,4827.46
0d70b47b-a946-5669-8113-b920ef3ada4b,smart,2026-04-01T09:00:00,True,4827.46
6faf9cc6-dd87-5274-b804-06f190a05082,baseline,2026-01-26T15:11:00,False,0.00
6faf9cc6-dd87-5274-b804-06f190a05082,smart,2026-02-01T09:00:00,False,0.00
9fea190f-5435-58d8-a5e8-1dc6c0c0bd9c,baseline,2026-02-26T21:11:50,False,0.00
9fea190f-5435-58d8-a5e8-1dc6c0c0bd9c,smart,2026-03-01T09:00:00,False,0.00
65a0c717-7e80-5e3d-9d6f-52d603f3a0b7,baseline,2026-02-27T21:26:26,True,18092.14
65a0c717-7e80-5e3d-9d6f-52d603f3a0b7,smart,2026-02-28T17:26:26,False,0.00
74c8011d-48b6-5e98-9aa5-ef2cca963199,baseline,2026-03-09T22:50:22,False,0.00
74c8011d-48b6-5e98-9aa5-ef2cca963199,smart,2026-03-09T18:50:22,True,2915.46
7199bac5-1902-5409-b51c-670decd145b8,baseline,2026-03-18T07:27:56,False,0.00
7199bac5-1902-5409-b51c-670decd145b8,smart,2026-03-18T07:27:56,False,0.00
73650de4-3f30-5e37-8a23-3caba1d2bb2f,baseline,2026-03-18T07:39:44,False,0.00
73650de4-3f30-5e37-8a23-3caba1d2bb2f,smart,2026-03-18T07:39:44,False,0.00
5094cb97-f83b-55a5-8595-2a073d477a9b,baseline,2026-03-29T15:09:15,False,0.00
5094cb97-f83b-55a5-8595-2a073d477a9b,smart,2026-04-01T09:00:00,False,0.00
b3f58665-dba3-5b2f-9eae-1887e4183812,baseline,2026-01-08T16:33:31,True,40308.81
b3f58665-dba3-5b2f-9eae-1887e4183812,smart,2026-01-09T12:33:31,False,0.00
d65ad68a-26f8-5d73-8bb3-8476a25ad5b5,baseline,,False,0.00
d65ad68a-26f8-5d73-8bb3-8476a25ad5b5,smart,,False,0.00
2b733ace-6b2f-525e-9186-40fe0cd26fa9,baseline,2026-01-15T05:34:32,False,0.00
2b733ace-6b2f-525e-9186-40fe0cd26fa9,smart,2026-01-15T01:34:32,False,0.00
27d378ce-5a19-5f30-9d42-0b50e869bc68,baseline,,False,0.00
27d378ce-5a19-5f30-9d42-0b50e869bc68,smart,,False,0.00
2288adeb-0edf-5856-9d9e-7709bcd032c4,baseline,2026-01-18T08:49:10,False,0.00
2288adeb-0edf-5856-9d9e-7709bcd032c4,smart,2026-01-18T08:49:10,False,0.00
13488cb9-9a08-56a2-8f46-5a27fa797c26,baseline,,False,0.00
13488cb9-9a08-56a2-8f46-5a27fa797c26,smart,,False,0.00
16c11042-b627-53b1-a5e4-6565c81900af,baseline,2026-03-23T15:52:59,True,1680.24
16c11042-b627-53b1-a5e4-6565c81900af,smart,2026-03-23T11:52:59,False,0.00
805cdb5d-b1a6-59a7-a751-68b48a63d7c3,baseline,2026-01-03T12:38:12,False,0.00
805cdb5d-b1a6-59a7-a751-68b48a63d7c3,smart,2026-01-03T09:00:00,True,1260.70
3c999d1f-6cb5-51ee-8861-fa258b6aca27,baseline,2026-01-17T17:04:54,False,0.00
3c999d1f-6cb5-51ee-8861-fa258b6aca27,smart,2026-01-17T13:04:54,True,642.22
4b748c68-d45a-55b9-a344-8633ee248f52,baseline,2026-01-20T15:00:06,True,3707.09
4b748c68-d45a-55b9-a344-8633ee248f52,smart,2026-01-20T11:00:06,True,3707.09
7f9e6daa-34bf-597f-9a72-78f2173f1b7a,baseline,2026-01-24T07:24:45,False,0.00
7f9e6daa-34bf-597f-9a72-78f2173f1b7a,smart,2026-01-24T07:24:45,False,0.00
f0cab17d-b12b-5350-b427-26064e69e390,baseline,2026-02-27T00:33:06,False,0.00
f0cab17d-b12b-5350-b427-26064e69e390,smart,2026-02-26T20:33:06,False,0.00
28f7961f-f5f4-57bb-b820-9d7dbacce3f9,baseline,2026-02-28T15:43:46,False,0.00
28f7961f-f5f4-57bb-b820-9d7dbacce3f9,smart,2026-03-01T09:00:00,False,0.00
22472a79-a410-556d-a3d4-d79ebe3ee19f,baseline,2026-03-26T09:41:58,False,0.00
22472a79-a410-556d-a3d4-d79ebe3ee19f,smart,2026-04-01T09:00:00,True,5891.14
4161f648-681e-5862-ab78-6ee03ca89ff3,baseline,2026-01-01T16:27:12,True,1090.76
4161f648-681e-5862-ab78-6ee03ca89ff3,smart,2026-01-01T12:27:12,False,0.00
89d2bced-52af-580d-ae4a-4bdba400a5d6,baseline,2026-01-28T16:26:54,False,0.00
89d2bced-52af-580d-ae4a-4bdba400a5d6,smart,2026-02-01T09:00:00,True,4339.73
a9a0108d-f0b4-5947-9230-278a1deac1ee,baseline,,False,0.00
a9a0108d-f0b4-5947-9230-278a1deac1ee,smart,,False,0.00
b3c86ebc-ad3d-5f97-b8c4-653718907848,baseline,2026-02-28T17:45:18,False,0.00
b3c86ebc-ad3d-5f97-b8c4-653718907848,smart,2026-03-01T09:00:00,False,0.00
7679682b-c3ba-5b89-a8ac-5c7839775606,baseline,2026-03-10T00:43:10,True,871.86
7679682b-c3ba-5b89-a8ac-5c7839775606,smart,2026-03-09T20:43:10,False,0.00
5a210e38-17bd-5828-9378-ac521dd669d9,baseline,2026-03-16T00:04:24,False,0.00
5a210e38-17bd-5828-9378-ac521dd669d9,smart,2026-03-15T20:04:24,True,1279.81
ebd6107b-2a37-5ad2-a480-e04bc3d98040,baseline,,False,0.00
ebd6107b-2a37-5ad2-a480-e04bc3d98040,smart,,False,0.00
4f7226b9-719a-5e48-814f-e5ab4568f351,baseline,2026-01-04T16:32:01,False,0.00
4f7226b9-719a-5e48-814f-e5ab4568f351,smart,2026-02-01T09:00:00,False,0.00
6a68b133-ebb1-5b66-a03d-03fd0510f7b4,baseline,,False,0.00
6a68b133-ebb1-5b66-a03d-03fd0510f7b4,smart,,False,0.00
2c4d89b5-952e-584d-99af-f8f3f3489d3a,baseline,2026-02-05T20:38:09,True,2398.78
2c4d89b5-952e-584d-99af-f8f3f3489d3a,smart,2026-03-01T09:00:00,True,2398.78
8a82ee74-9bec-53fb-ba50-baee91df2968,baseline,2026-02-08T07:38:12,False,0.00
8a82ee74-9bec-53fb-ba50-baee91df2968,smart,2026-02-08T07:38:12,False,0.00
cba0af56-945e-5e12-a25b-4fa5176a4273,baseline,2026-03-17T16:42:37,False,0.00
cba0af56-945e-5e12-a25b-4fa5176a4273,smart,2026-03-18T12:42:37,False,0.00
dd570e25-39bb-54fd-9e71-77578d7ea482,baseline,2026-03-18T07:12:51,False,0.00
dd570e25-39bb-54fd-9e71-77578d7ea482,smart,2026-03-18T07:12:51,False,0.00
b7fb0f5c-1fcd-5900-a484-79970c5df5da,baseline,2026-03-25T01:27:40,False,0.00
b7fb0f5c-1fcd-5900-a484-79970c5df5da,smart,2026-03-24T21:27:40,True,1540.87
a6d5039e-d272-5e1f-8767-2e514fd4436d,baseline,2026-01-25T17:57:22,True,2933.67
a6d5039e-d272-5e1f-8767-2e514fd4436d,smart,2026-01-25T13:57:22,True,2933.67
6c44fa8a-67a7-5ac8-aaee-192711c528e2,baseline,,False,0.00
6c44fa8a-67a7-5ac8-aaee-192711c528e2,smart,,False,0.00
f12b6b8f-e9be-59a9-acf1-b5e5086d46c1,baseline,2026-01-30T15:24:56,False,0.00
f12b6b8f-e9be-59a9-acf1-b5e5086d46c1,smart,2026-02-01T09:00:00,True,4589.01
e4ed07c8-d6c4-5973-844d-57be96d6b701,baseline,2026-01-30T16:05:15,False,0.00
e4ed07c8-d6c4-5973-844d-57be96d6b701,smart,2026-02-01T09:00:00,True,3696.43
44343cb4-4676-5f16-9780-e2141e7d0177,baseline,,False,0.00
44343cb4-4676-5f16-9780-e2141e7d0177,smart,,False,0.00
7d5c5571-5388-54b3-90f0-91100032dcaf,baseline,2026-03-24T07:10:04,True,11983.42
7d5c5571-5388-54b3-90f0-91100032dcaf,smart,2026-03-24T07:10:04,True,11983.42
bd881b57-a529-5fd1-aefc-35ab80b7162d,baseline,2026-03-29T08:48:01,True,4079.99
bd881b57-a529-5fd1-aefc-35ab80b7162d,smart,2026-04-01T09:00:00,True,4079.99
81ea6042-e5db-5f40-b438-43dd2671a59e,baseline,2026-01-04T13:15:27,False,0.00
81ea6042-e5db-5f40-b438-43dd2671a59e,smart,2026-02-01T09:00:00,False,0.00
479e8c7f-a73b-57d9-ba80-9a483577adc5,baseline,,False,0.00
479e8c7f-a73b-57d9-ba80-9a483577adc5,smart,,False,0.00
c833145d-3ab5-5ac9-acaf-ad61e816e20c,baseline,2026-01-29T21:10:48,False,0.00
c833145d-3ab5-5ac9-acaf-ad61e816e20c,smart,2026-02-01T09:00:00,True,585.34
06b99f28-a213-54e1-930e-4a2132a07efd,baseline,2026-03-08T07:37:08,False,0.00
06b99f28-a213-54e1-930e-4a2132a07efd,smart,2026-03-08T07:37:08,False,0.00
ceab698e-3ae0-5045-95d8-365a9ec3e77d,baseline,2026-03-18T08:03:23,True,5583.99
ceab698e-3ae0-5045-95d8-365a9ec3e77d,smart,2026-03-18T08:03:23,True,5583.99
2d6f01a5-233f-58ff-bec9-d279a16faa0e,baseline,2026-03-27T15:04:37,True,1992.42
2d6f01a5-233f-58ff-bec9-d279a16faa0e,smart,2026-03-27T11:04:37,False,0.00
1eaa9b86-72c6-5a69-93a4-888641209677,baseline,2026-03-28T07:50:43,False,0.00
1eaa9b86-72c6-5a69-93a4-888641209677,smart,2026-04-01T09:00:00,True,492.55
7d25425a-783c-5ec4-8e35-48816856f2c7,baseline,2026-01-30T20:46:32,False,0.00
7d25425a-783c-5ec4-8e35-48816856f2c7,smart,2026-02-01T09:00:00,True,1137.45
578a5202-cf0c-58fd-b4f9-4ea7789624e2,baseline,2026-03-10T01:52:41,False,0.00
578a5202-cf0c-58fd-b4f9-4ea7789624e2,smart,2026-03-09T21:52:41,True,1752.85
63ede521-1c07-57cc-bb59-2e655b2de06e,baseline,2026-03-10T17:08:12,False,0.00
63ede521-1c07-57cc-bb59-2e655b2de06e,smart,2026-03-10T13:08:12,False,0.00
b35669c9-5249-52a2-9504-f290d8cbe8e9,baseline,,False,0.00
b35669c9-5249-52a2-9504-f290d8cbe8e9,smart,,False,0.00
12f017ad-dfd4-55ee-ba0d-ceae73ddd31d,baseline,2026-03-27T16:30:00,True,2802.26
12f017ad-dfd4-55ee-ba0d-ceae73ddd31d,smart,2026-03-27T12:30:00,False,0.00
32db2baf-ff36-5433-bcc6-7322227a2029,baseline,2026-03-30T07:46:53,True,2581.85
32db2baf-ff36-5433-bcc6-7322227a2029,smart,2026-04-01T09:00:00,False,0.00
b472bf01-d43e-5842-a5cb-6ca16d0137fe,baseline,2026-03-31T21:14:27,False,0.00
b472bf01-d43e-5842-a5cb-6ca16d0137fe,smart,2026-04-01T17:14:27,False,0.00
7bf1efe0-4929-51db-b5aa-c7ffadd63ec2,baseline,,False,0.00
7bf1efe0-4929-51db-b5aa-c7ffadd63ec2,smart,,False,0.00
3e2eef36-e83d-55a3-910d-ca112f7897f9,baseline,,False,0.00
3e2eef36-e83d-55a3-910d-ca112f7897f9,smart,,False,0.00
92bc36bf-de80-5cdc-8220-00ea2a7f08d8,baseline,2026-01-27T06:40:58,True,1523.26
92bc36bf-de80-5cdc-8220-00ea2a7f08d8,smart,2026-02-01T09:00:00,True,1523.26
5c310a45-aa3e-5de8-bce7-e131d605a61a,baseline,2026-03-01T02:53:20,True,3070.39
5c310a45-aa3e-5de8-bce7-e131d605a61a,smart,2026-03-01T09:00:00,False,0.00
6c2651e3-46fa-5706-815c-5de25fe90938,baseline,2026-03-08T08:36:35,False,0.00
6c2651e3-46fa-5706-815c-5de25fe90938,smart,2026-03-08T08:36:35,False,0.00
36c771ee-b89c-5404-b1bd-a009d0e2263b,baseline,,False,0.00
36c771ee-b89c-5404-b1bd-a009d0e2263b,smart,,False,0.00
875613c5-fe8d-5a35-9959-0a3d1707c29c,baseline,2026-03-29T23:56:07,False,0.00
875613c5-fe8d-5a35-9959-0a3d1707c29c,smart,2026-04-01T09:00:00,False,0.00
74668ed5-27b4-5662-ba44-b388d18dc4ba,baseline,,False,0.00
74668ed5-27b4-5662-ba44-b388d18dc4ba,smart,,False,0.00
02f39fca-7276-5f89-93db-25e32da9c59a,baseline,2026-01-15T17:23:20,False,0.00
02f39fca-7276-5f89-93db-25e32da9c59a,smart,2026-01-15T13:23:20,True,1018.59
5e2ec90d-9617-5aaa-a58a-7467b3e6d18e,baseline,2026-02-02T17:45:59,True,4556.26
5e2ec90d-9617-5aaa-a58a-7467b3e6d18e,smart,2026-03-01T09:00:00,False,0.00
89542521-132f-565e-87d8-74621eab42b4,baseline,,False,0.00
89542521-132f-565e-87d8-74621eab42b4,smart,,False,0.00
569cec70-2ca9-53ee-aec3-c6143f66bdcb,baseline,,False,0.00
569cec70-2ca9-53ee-aec3-c6143f66bdcb,smart,,False,0.00
f889537a-207c-5de3-96c4-e53dfa3eac21,baseline,,False,0.00
f889537a-207c-5de3-96c4-e53dfa3eac21,smart,,False,0.00
a8119e36-183e-5e49-b564-fdd1def385da,baseline,,False,0.00
a8119e36-183e-5e49-b564-fdd1def385da,smart,,False,0.00
1a7e43d7-2fd5-55e3-ba93-51080d3af423,baseline,2026-01-04T00:18:55,True,2441.03
1a7e43d7-2fd5-55e3-ba93-51080d3af423,smart,2026-02-01T09:00:00,True,2441.03
5cc96340-09dd-5090-bac3-39cfafb0e979,baseline,2026-01-16T15:31:43,True,2870.45
5cc96340-09dd-5090-bac3-39cfafb0e979,smart,2026-01-16T11:31:43,False,0.00
60f37d88-ce91-5865-a39f-a12713c4e654,baseline,2026-01-18T07:21:49,False,0.00
60f37d88-ce91-5865-a39f-a12713c4e654,smart,2026-01-18T07:21:49,False,0.00
632197fc-0572-5ef5-9ded-f51d6b60867d,baseline,2026-01-18T17:27:01,False,0.00
632197fc-0572-5ef5-9ded-f51d6b60867d,smart,2026-01-18T17:27:01,False,0.00
9dbfcddb-2284-5be2-8461-e2e0b96b2f91,baseline,2026-02-02T03:16:52,False,0.00
9dbfcddb-2284-5be2-8461-e2e0b96b2f91,smart,2026-03-01T09:00:00,False,0.00
3f8aca80-bf94-5929-a8a6-31204dfbdf1e,baseline,2026-02-16T18:27:21,True,21307.76
3f8aca80-bf94-5929-a8a6-31204dfbdf1e,smart,2026-02-17T14:27:21,True,21307.76
19f4e8af-9765-5e7b-b9bd-6f27706480ea,baseline,2026-03-29T15:52:50,True,2733.91
19f4e8af-9765-5e7b-b9bd-6f27706480ea,smart,2026-03-29T11:52:50,False,0.00
12a618a4-d2cc-5374-bba5-eba56408654c,baseline,,False,0.00
12a618a4-d2cc-5374-bba5-eba56408654c,smart,,False,0.00
321befba-69c9-54ca-87c6-99a838b4d38c,baseline,2026-02-11T14:34:55,False,0.00
321befba-69c9-54ca-87c6-99a838b4d38c,smart,2026-02-12T10:34:55,True,16408.33
918bf662-b910-5c7e-9fe7-1acef4f3f8b7,baseline,,False,0.00
918bf662-b910-5c7e-9fe7-1acef4f3f8b7,smart,,False,0.00
82af4eee-d8ff-5b25-8ca2-ef3cfb9bff33,baseline,,False,0.00
82af4eee-d8ff-5b25-8ca2-ef3cfb9bff33,smart,,False,0.00
ef5556dc-e68c-582b-8fb6-5641debbaf1a,baseline,2026-02-25T17:33:16,True,2595.25
ef5556dc-e68c-582b-8fb6-5641debbaf1a,smart,2026-02-25T13:33:16,True,2595.25
22a44af0-2f5c-5078-a11a-8cf16eaf34ba,baseline,,False,0.00
22a44af0-2f5c-5078-a11a-8cf16eaf34ba,smart,,False,0.00
888bf65f-abcf-55b3-8de9-5a3a0f0f672b,baseline,,False,0.00
888bf65f-abcf-55b3-8de9-5a3a0f0f672b,smart,,False,0.00
f23ddfb8-b2bb-54fa-8f23-0d8e2787db40,baseline,2026-01-28T15:22:06,False,0.00
f23ddfb8-b2bb-54fa-8f23-0d8e2787db40,smart,2026-02-01T09:00:00,True,2770.99
8cc3e433-72a5-582f-8fa5-ba3407a56e34,baseline,2026-01-31T15:45:55,True,1315.86
8cc3e433-72a5-582f-8fa5-ba3407a56e34,smart,2026-02-01T09:00:00,False,0.00
b60710e5-4273-5b94-9ad9-2df9aacc2d61,baseline,2026-01-31T23:22:25,False,0.00
b60710e5-4273-5b94-9ad9-2df9aacc2d61,smart,2026-02-01T09:00:00,False,0.00
62fcf8c2-cad2-5045-9c53-089138453040,baseline,,False,0.00
62fcf8c2-cad2-5045-9c53-089138453040,smart,,False,0.00
1df71a46-f6bf-56b1-aa4d-efc5e75bc4ba,baseline,2026-03-27T16:05:42,False,0.00
1df71a46-f6bf-56b1-aa4d-efc5e75bc4ba,smart,2026-04-01T09:00:00,False,0.00
746e84e3-e522-5a0c-a079-794a297fc899,baseline,,False,0.00
746e84e3-e522-5a0c-a079-794a297fc899,smart,,False,0.00
81f894c6-8e4c-5240-8844-51e1b360a85f,baseline,,False,0.00
81f894c6-8e4c-5240-8844-51e1b360a85f,smart,,False,0.00
7774f7f1-6049-5417-8845-7bc84b5fc2a1,baseline,,False,0.00
7774f7f1-6049-5417-8845-7bc84b5fc2a1,smart,,False,0.00
ea801c6c-bea0-5cff-881e-92bc2c5e7ad0,baseline,2026-03-11T16:28:04,True,8535.11
ea801c6c-bea0-5cff-881e-92bc2c5e7ad0,smart,2026-03-11T12:28:04,True,8535.11
20b875b5-4251-5848-9390-0c807aa5a1ab,baseline,,False,0.00
20b875b5-4251-5848-9390-0c807aa5a1ab,smart,,False,0.00
d5e42807-a932-5953-8e35-0ee5fac4ca13,baseline,2026-03-24T08:16:52,False,0.00
d5e42807-a932-5953-8e35-0ee5fac4ca13,smart,2026-03-24T08:16:52,False,0.00
c5b2236a-ad13-5481-a9cf-bbe1d42767fe,baseline,2026-03-30T16:19:36,True,2438.72
c5b2236a-ad13-5481-a9cf-bbe1d42767fe,smart,2026-04-01T09:00:00,True,2438.72
ea541d1e-1c6d-5930-b4db-95e6e42328e4,baseline,2026-03-31T03:37:14,False,0.00
ea541d1e-1c6d-5930-b4db-95e6e42328e4,smart,2026-04-01T09:00:00,True,2231.67
c4115290-78f6-5fc8-a80f-c4258efad6b7,baseline,2026-01-08T20:08:57,True,14466.05
c4115290-78f6-5fc8-a80f-c4258efad6b7,smart,2026-01-09T16:08:57,False,0.00
12c302ee-6371-5c27-bd4d-eb323b7efcac,baseline,,False,0.00
12c302ee-6371-5c27-bd4d-eb323b7efcac,smart,,False,0.00
6e5e601b-9f4a-566c-8d94-1f5dc9bd1219,baseline,,False,0.00
6e5e601b-9f4a-566c-8d94-1f5dc9bd1219,smart,,False,0.00
d9f322a4-e6fa-5b1e-ac51-91ab5df3dd05,baseline,2026-02-04T07:14:04,False,0.00
d9f322a4-e6fa-5b1e-ac51-91ab5df3dd05,smart,2026-02-04T09:00:00,True,933.33
c4f62437-5513-5e89-904b-67e6d33ff295,baseline,2026-02-14T00:43:30,False,0.00
c4f62437-5513-5e89-904b-67e6d33ff295,smart,2026-02-13T20:43:30,True,1799.17
585d978f-5f77-559f-9029-a85945a7af60,baseline,2026-02-17T01:01:38,False,0.00
585d978f-5f77-559f-9029-a85945a7af60,smart,2026-02-16T21:01:38,True,794.97
0ac7f275-c05c-5dc7-8ed5-11bfbbc7fc15,baseline,,False,0.00
0ac7f275-c05c-5dc7-8ed5-11bfbbc7fc15,smart,,False,0.00
35ee8dde-e46e-544c-a5c5-c36fe20b1e8a,baseline,2026-01-28T16:18:06,True,2071.92
35ee8dde-e46e-544c-a5c5-c36fe20b1e8a,smart,2026-02-01T09:00:00,False,0.00
0c9560f9-b4c1-5f5e-93f9-c885e1f5082b,baseline,2026-03-01T02:40:33,True,1605.81
0c9560f9-b4c1-5f5e-93f9-c885e1f5082b,smart,2026-03-01T09:00:00,True,1605.81
471114a6-feeb-574c-91ba-49c70e073957,baseline,2026-03-03T15:05:34,False,0.00
471114a6-feeb-574c-91ba-49c70e073957,smart,2026-03-03T11:05:34,False,0.00
79760003-b331-56aa-8210-076e5bb6a981,baseline,2026-03-12T14:26:25,True,34059.52
79760003-b331-56aa-8210-076e5bb6a981,smart,2026-03-13T10:26:25,False,0.00
c9829020-9444-5060-9bd7-05ead7beb7d7,baseline,2026-03-20T15:31:26,True,717.20
c9829020-9444-5060-9bd7-05ead7beb7d7,smart,2026-03-20T11:31:26,False,0.00
e9df3b0c-5e28-58bc-9863-febd46d84815,baseline,,False,0.00
e9df3b0c-5e28-58bc-9863-febd46d84815,smart,,False,0.00
8d60fd3b-1fd6-581a-b730-21e7b156afb4,baseline,,False,0.00
8d60fd3b-1fd6-581a-b730-21e7b156afb4,smart,,False,0.00
08b7687f-7921-5e7e-bdbf-033e937b967f,baseline,2026-01-25T01:03:18,True,1038.74
08b7687f-7921-5e7e-bdbf-033e937b967f,smart,2026-01-24T21:03:18,False,0.00
2e43301d-3fa3-5384-baaa-a42ded79764a,baseline,2026-01-26T15:16:11,True,1130.73
2e43301d-3fa3-5384-baaa-a42ded79764a,smart,2026-02-01T09:00:00,True,1130.73
e2ccaa74-7925-565c-82a1-e54540914fad,baseline,2026-03-10T01:24:38,False,0.00
e2ccaa74-7925-565c-82a1-e54540914fad,smart,2026-03-09T21:24:38,True,1366.70
7a57cc79-6fb3-5676-a253-49d3f1780a7a,baseline,2026-03-28T04:20:33,True,450.70
7a57cc79-6fb3-5676-a253-49d3f1780a7a,smart,2026-04-01T09:00:00,True,450.70
5ae89bb3-3033-539e-ac82-3bc44958020c,baseline,,False,0.00
5ae89bb3-3033-539e-ac82-3bc44958020c,smart,,False,0.00
02af0d1a-0606-55e6-89c1-3c3674d894b6,baseline,,False,0.00
02af0d1a-0606-55e6-89c1-3c3674d894b6,smart,,False,0.00
ae000ccc-24c8-5747-a087-14f58e2d4358,baseline,,False,0.00
ae000ccc-24c8-5747-a087-14f58e2d4358,smart,,False,0.00
45c163c3-ba9e-5cbc-bcb1-7634be2d9caa,baseline,2026-03-04T01:08:00,False,0.00
45c163c3-ba9e-5cbc-bcb1-7634be2d9caa,smart,2026-03-04T21:08:00,False,0.00
ff9822d4-2496-5d86-9314-c2c11894263a,baseline,2026-03-08T08:47:42,False,0.00
ff9822d4-2496-5d86-9314-c2c11894263a,smart,2026-03-08T08:47:42,False,0.00
48776ebf-9e37-55ac-8513-858dd3894f2f,baseline,2026-03-28T15:37:36,False,0.00
48776ebf-9e37-55ac-8513-858dd3894f2f,smart,2026-03-28T15:37:36,False,0.00
b3ad615b-c6ac-595c-bfcb-c601e171d4a3,baseline,,False,0.00
b3ad615b-c6ac-595c-bfcb-c601e171d4a3,smart,,False,0.00
ef137bb5-fa8b-59af-a966-c1d953e90eac,baseline,2026-01-29T06:42:26,True,3443.28
ef137bb5-fa8b-59af-a966-c1d953e90eac,smart,2026-02-01T09:00:00,True,3443.28
98517d09-f0c1-5b0c-9c05-46835f212acf,baseline,2026-02-18T08:18:34,False,0.00
98517d09-f0c1-5b0c-9c05-46835f212acf,smart,2026-02-18T08:18:34,False,0.00
22834af8-6612-5af2-8d8e-7276456856ff,baseline,,False,0.00
22834af8-6612-5af2-8d8e-7276456856ff,smart,,False,0.00
38ad2e7a-2796-58f2-8622-7663e066f340,baseline,2026-03-01T00:26:47,False,0.00
38ad2e7a-2796-58f2-8622-7663e066f340,smart,2026-03-01T09:00:00,False,0.00
a22784dd-9e64-58f8-a213-6b2c03933cc2,baseline,,False,0.00
a22784dd-9e64-58f8-a213-6b2c03933cc2,smart,,False,0.00
0448d271-2c0d-525c-bcb3-8f89453d1656,baseline,,False,0.00
0448d271-2c0d-525c-bcb3-8f89453d1656,smart,,False,0.00
6145694a-c088-5526-94c0-dad54b64ee47,baseline,2026-02-16T22:19:05,True,22907.19
6145694a-c088-5526-94c0-dad54b64ee47,smart,2026-02-17T18:19:05,False,0.00
0f5c597c-7ba9-59e4-b3b4-1449f302994c,baseline,2026-02-18T07:57:38,True,854.08
0f5c597c-7ba9-59e4-b3b4-1449f302994c,smart,2026-02-18T07:57:38,True,854.08
7f3128da-2848-58d6-94ca-90830b78096e,baseline,,False,0.00
7f3128da-2848-58d6-94ca-90830b78096e,smart,,False,0.00
86babd27-16b2-5e34-bf31-51e75ce2fb2c,baseline,,False,0.00
86babd27-16b2-5e34-bf31-51e75ce2fb2c,smart,,False,0.00
d6669b44-cb8f-59e9-9fcf-451ac198e246,baseline,,False,0.00
d6669b44-cb8f-59e9-9fcf-451ac198e246,smart,,False,0.00
6b5b0160-9c64-5672-a7db-093e9204d99a,baseline,,False,0.00
6b5b0160-9c64-5672-a7db-093e9204d99a,smart,,False,0.00
fb39ce30-dd8c-5edf-aabc-14c645dbf527,baseline,2026-01-19T01:43:47,False,0.00
fb39ce30-dd8c-5edf-aabc-14c645dbf527,smart,2026-01-18T21:43:47,True,1381.65
78ddc187-316d-56bb-89f8-e5cf5dd48ee9,baseline,,False,0.00
78ddc187-316d-56bb-89f8-e5cf5dd48ee9,smart,,False,0.00
0f556341-4047-51c8-87a9-87c523aa1438,baseline,2026-03-09T01:59:29,True,783.47
0f556341-4047-51c8-87a9-87c523aa1438,smart,2026-03-08T21:59:29,False,0.00
44723ac4-411b-5dd2-a3e8-979fa8267ab9,baseline,,False,0.00
44723ac4-411b-5dd2-a3e8-979fa8267ab9,smart,,False,0.00
31b5c474-f9d5-50b8-99cd-c9394107d6dc,baseline,2026-03-26T14:14:20,True,2267.95
31b5c474-f9d5-50b8-99cd-c9394107d6dc,smart,2026-04-01T09:00:00,False,0.00
2f7ec61f-237d-5978-bae1-8d3056e91af5,baseline,,False,0.00
2f7ec61f-237d-5978-bae1-8d3056e91af5,smart,,False,0.00
dc1a58a5-85a8-5618-8675-c94c6bc20424,baseline,2026-01-31T00:58:19,False,0.00
dc1a58a5-85a8-5618-8675-c94c6bc20424,smart,2026-02-01T09:00:00,False,0.00
0e233751-9085-5e2c-88c1-8b3274020852,baseline,2026-02-18T07:26:47,True,1413.76
0e233751-9085-5e2c-88c1-8b3274020852,smart,2026-02-18T07:26:47,True,1413.76
1be244f6-7404-57e4-90e6-83078415c20a,baseline,2026-03-18T17:38:58,False,0.00
1be244f6-7404-57e4-90e6-83078415c20a,smart,2026-03-18T13:38:58,True,3733.14
19a1c712-a4a4-5426-8127-1c565a9fcad3,baseline,,False,0.00
19a1c712-a4a4-5426-8127-1c565a9fcad3,smart,,False,0.00
f471c949-28cc-586e-8455-16621bb1a115,baseline,2026-03-30T19:55:20,False,0.00
f471c949-28cc-586e-8455-16621bb1a115,smart,2026-04-01T09:00:00,False,0.00
1493c49a-7830-5680-a8b2-54228cb969ba,baseline,2026-01-08T08:55:03,True,5712.37
1493c49a-7830-5680-a8b2-54228cb969ba,smart,2026-01-08T08:55:03,True,5712.37
657a6cfe-730e-5970-95ec-019127a979f9,baseline,2026-01-29T15:45:33,True,3852.89
657a6cfe-730e-5970-95ec-019127a979f9,smart,2026-02-01T09:00:00,True,3852.89
384136a6-f55f-5964-a0b7-d7cbc9a78eda,baseline,2026-03-26T08:23:27,True,2411.42
384136a6-f55f-5964-a0b7-d7cbc9a78eda,smart,2026-04-01T09:00:00,True,2411.42
5dcf64d8-cec5-57d0-a157-dbf2d5134ef4,baseline,2026-03-26T16:45:34,False,0.00
5dcf64d8-cec5-57d0-a157-dbf2d5134ef4,smart,2026-04-01T09:00:00,False,0.00
11b4c800-99a5-5604-9547-0956e2b0dfe5,baseline,2026-03-31T05:29:04,False,0.00
11b4c800-99a5-5604-9547-0956e2b0dfe5,smart,2026-04-01T09:00:00,True,2500.39
864c7380-eaf1-50bc-ac43-9637a82786f2,baseline,2026-04-01T02:59:37,True,3447.35
864c7380-eaf1-50bc-ac43-9637a82786f2,smart,2026-04-01T09:00:00,True,3447.35
0e9674df-e233-520f-9d1b-20a12a006bfd,baseline,2026-01-09T15:57:42,False,0.00
0e9674df-e233-520f-9d1b-20a12a006bfd,smart,2026-01-09T11:57:42,False,0.00
365524af-dc48-5cfe-9c5f-ddb624b9b837,baseline,2026-01-28T17:26:47,False,0.00
365524af-dc48-5cfe-9c5f-ddb624b9b837,smart,2026-01-28T13:26:47,True,2444.53
7b917923-e446-5124-8067-299d93f3aac1,baseline,2026-02-18T08:26:09,False,0.00
7b917923-e446-5124-8067-299d93f3aac1,smart,2026-02-18T08:26:09,False,0.00
6fc96962-61bf-5e3b-9b66-0d4df662ea3c,baseline,,False,0.00
6fc96962-61bf-5e3b-9b66-0d4df662ea3c,smart,,False,0.00
9531946c-0807-533d-93e7-44f17b9bc695,baseline,,False,0.00
9531946c-0807-533d-93e7-44f17b9bc695,smart,,False,0.00
12f5501e-4062-5903-87ce-2239620a51ad,baseline,2026-03-29T23:16:09,True,575.95
12f5501e-4062-5903-87ce-2239620a51ad,smart,2026-04-01T09:00:00,False,0.00
ce4762eb-967e-53f0-9a41-12dca2ba91ec,baseline,,False,0.00
ce4762eb-967e-53f0-9a41-12dca2ba91ec,smart,,False,0.00
9a2a5cfb-66d7-5f42-8317-457416921317,baseline,2026-01-14T00:43:07,False,0.00
9a2a5cfb-66d7-5f42-8317-457416921317,smart,2026-01-13T20:43:07,True,1045.18
ce2d0b01-ea8e-5282-8b63-4e3b6c8d3a58,baseline,2026-01-28T11:17:48,False,0.00
ce2d0b01-ea8e-5282-8b63-4e3b6c8d3a58,smart,2026-02-01T09:00:00,True,1964.03
fa79b975-4a50-5b67-ba3b-8e95094e6f1a,baseline,2026-02-25T00:03:49,False,0.00
fa79b975-4a50-5b67-ba3b-8e95094e6f1a,smart,2026-02-24T20:03:49,True,1294.07
f8df1bd5-4e38-54b7-8771-0b13397c22ef,baseline,2026-03-18T08:35:15,True,1879.53
f8df1bd5-4e38-54b7-8771-0b13397c22ef,smart,2026-03-18T08:35:15,True,1879.53
5d1f20c3-aec4-5460-aa21-b123f1fd5b51,baseline,,False,0.00
5d1f20c3-aec4-5460-aa21-b123f1fd5b51,smart,,False,0.00
3e3c10ca-55da-580c-bb17-1267a77e1b05,baseline,2026-01-04T00:14:23,True,2920.11
3e3c10ca-55da-580c-bb17-1267a77e1b05,smart,2026-02-01T09:00:00,True,2920.11
9755cb01-66ca-5ae0-900a-5451ca01238e,baseline,,False,0.00
9755cb01-66ca-5ae0-900a-5451ca01238e,smart,,False,0.00
e9c28306-9349-5b39-a797-6507ad53c9e4,baseline,2026-02-11T11:17:19,False,0.00
e9c28306-9349-5b39-a797-6507ad53c9e4,smart,2026-02-12T07:17:19,False,0.00
9b2fcd0f-2046-55c2-bf9d-36899a55665c,baseline,,False,0.00
9b2fcd0f-2046-55c2-bf9d-36899a55665c,smart,,False,0.00
bc0777e3-228f-540b-a222-bf40704c3303,baseline,2026-03-26T04:34:42,False,0.00
bc0777e3-228f-540b-a222-bf40704c3303,smart,2026-04-01T09:00:00,True,3391.83
ce8558cb-3570-5493-a933-21fdacec0a14,baseline,,False,0.00
ce8558cb-3570-5493-a933-21fdacec0a14,smart,,False,0.00
4fd89edc-94bf-5ba0-ace5-debb6454d86e,baseline,2026-01-09T05:34:29,False,0.00
4fd89edc-94bf-5ba0-ace5-debb6454d86e,smart,2026-01-09T01:34:29,False,0.00
a3002d4d-a59b-5110-922f-fb344ecb7237,baseline,2026-01-28T13:01:14,True,1433.62
a3002d4d-a59b-5110-922f-fb344ecb7237,smart,2026-02-01T09:00:00,True,1433.62
50af091a-ad35-5da0-b555-e9595b7c96a5,baseline,2026-01-31T01:47:46,False,0.00
50af091a-ad35-5da0-b555-e9595b7c96a5,smart,2026-02-01T09:00:00,False,0.00
3522683c-ff94-56cf-9cae-08857d1e8479,baseline,2026-02-25T17:54:09,True,640.98
3522683c-ff94-56cf-9cae-08857d1e8479,smart,2026-02-25T13:54:09,False,0.00
45924a4a-aabb-50de-9f02-780a3087fb21,baseline,,False,0.00
45924a4a-aabb-50de-9f02-780a3087fb21,smart,,False,0.00
8ddcdcbb-5ae9-57eb-a45e-df2c4a540d6d,baseline,2026-03-30T22:58:23,False,0.00
8ddcdcbb-5ae9-57eb-a45e-df2c4a540d6d,smart,2026-04-01T09:00:00,False,0.00
81447543-7895-5488-ae8f-cf1c4ab7f8a8,baseline,2026-01-17T15:23:43,True,7959.37
81447543-7895-5488-ae8f-cf1c4ab7f8a8,smart,2026-01-17T11:23:43,False,0.00
624977b5-2fda-5c1c-81c3-9d4d13c0899b,baseline,2026-01-18T07:01:41,True,1968.80
624977b5-2fda-5c1c-81c3-9d4d13c0899b,smart,2026-01-18T07:01:41,True,1968.80
ae3aacce-1c53-5c98-b2be-25d7c26fc9e4,baseline,2026-01-29T17:40:01,True,3837.15
ae3aacce-1c53-5c98-b2be-25d7c26fc9e4,smart,2026-02-01T09:00:00,False,0.00
08903f0b-343e-5cbe-98c7-88d24a4cf8f9,baseline,2026-01-30T00:42:22,False,0.00
08903f0b-343e-5cbe-98c7-88d24a4cf8f9,smart,2026-01-29T20:42:22,True,706.12
31b3b500-c6d2-58ef-821b-1e527cdbcd09,baseline,2026-01-31T16:26:09,True,2153.12
31b3b500-c6d2-58ef-821b-1e527cdbcd09,smart,2026-02-01T09:00:00,False,0.00
eadb806f-5a3d-5c28-8d83-dc94f504d883,baseline,2026-03-30T23:24:39,False,0.00
eadb806f-5a3d-5c28-8d83-dc94f504d883,smart,2026-04-01T09:00:00,True,1423.15
c4cc47e9-05ed-5ded-a4a6-312ab93da099,baseline,,False,0.00
c4cc47e9-05ed-5ded-a4a6-312ab93da099,smart,,False,0.00
247eef8e-9cee-5ed0-92d5-2f19aa416e23,baseline,2026-01-18T16:59:48,False,0.00
247eef8e-9cee-5ed0-92d5-2f19aa416e23,smart,2026-02-01T09:00:00,False,0.00
1393ca02-b9ef-5c18-8494-a144b7015420,baseline,,False,0.00
1393ca02-b9ef-5c18-8494-a144b7015420,smart,,False,0.00
fd30d68d-c44e-56da-b2bb-21b8dc98048e,baseline,2026-02-28T04:23:01,True,884.35
fd30d68d-c44e-56da-b2bb-21b8dc98048e,smart,2026-03-01T09:00:00,False,0.00
414669e0-5076-5f70-8e65-334106da001e,baseline,,False,0.00
414669e0-5076-5f70-8e65-334106da001e,smart,,False,0.00
f5101907-7128-5035-9bc5-4bafc969fba7,baseline,2026-03-26T17:18:34,False,0.00
f5101907-7128-5035-9bc5-4bafc969fba7,smart,2026-04-01T09:00:00,False,0.00
e39d8d39-c829-53cd-828e-f2aad2be71f0,baseline,2026-01-03T16:12:07,False,0.00
e39d8d39-c829-53cd-828e-f2aad2be71f0,smart,2026-01-04T12:12:07,True,26427.39
6710e921-fa94-5126-aa7f-5794f091a6ac,baseline,2026-01-08T08:09:51,True,12000.00
6710e921-fa94-5126-aa7f-5794f091a6ac,smart,2026-01-08T08:09:51,True,12000.00
6f005497-8961-5db1-95d5-e4a307859318,baseline,2026-01-18T08:52:16,True,5544.29
6f005497-8961-5db1-95d5-e4a307859318,smart,2026-01-18T08:52:16,True,5544.29
77d70fa6-752c-532d-8c6e-7d9bee9e473c,baseline,2026-02-08T07:18:56,True,1063.10
77d70fa6-752c-532d-8c6e-7d9bee9e473c,smart,2026-02-08T07:18:56,True,1063.10
a36638b8-31d8-5cb5-997f-63dfb11bbcbe,baseline,,False,0.00
a36638b8-31d8-5cb5-997f-63dfb11bbcbe,smart,,False,0.00
68ade982-a7a9-53c8-b5e8-065c94a3bb47,baseline,,False,0.00
68ade982-a7a9-53c8-b5e8-065c94a3bb47,smart,,False,0.00
5fafc3b6-0fa7-5b37-bbc0-c861ab1021ea,baseline,2026-01-18T07:34:45,False,0.00
5fafc3b6-0fa7-5b37-bbc0-c861ab1021ea,smart,2026-01-18T07:34:45,False,0.00
1c8ff8a1-9d93-5878-93dd-aad847c3c92a,baseline,2026-01-26T16:22:46,False,0.00
1c8ff8a1-9d93-5878-93dd-aad847c3c92a,smart,2026-02-01T09:00:00,True,2618.75
946a76a8-1063-52e1-92f7-adf6a4a58c40,baseline,,False,0.00
946a76a8-1063-52e1-92f7-adf6a4a58c40,smart,,False,0.00
0b4f3177-a62e-5897-9185-5b428af42fb0,baseline,,False,0.00
0b4f3177-a62e-5897-9185-5b428af42fb0,smart,,False,0.00
c1b17d1e-650d-5e0d-9f94-458933dc7f0b,baseline,2026-03-05T15:19:11,False,0.00
c1b17d1e-650d-5e0d-9f94-458933dc7f0b,smart,2026-04-01T09:00:00,False,0.00
d168db9c-d10a-5451-b1a1-0cb6900199c7,baseline,,False,0.00
d168db9c-d10a-5451-b1a1-0cb6900199c7,smart,,False,0.00
9f5a7d33-e591-5e4e-ae66-9e88752ce282,baseline,,False,0.00
9f5a7d33-e591-5e4e-ae66-9e88752ce282,smart,,False,0.00
3d63c5e7-2980-5c03-9f31-cbe330016859,baseline,2026-02-08T08:12:50,False,0.00
3d63c5e7-2980-5c03-9f31-cbe330016859,smart,2026-02-08T08:12:50,False,0.00
39790707-c05c-5049-b20f-5bc7fa718338,baseline,2026-02-08T08:55:31,False,0.00
39790707-c05c-5049-b20f-5bc7fa718338,smart,2026-02-08T08:55:31,False,0.00
c76d364c-ea10-5f6f-9d45-1762225eacf7,baseline,2026-02-22T11:41:35,False,0.00
c76d364c-ea10-5f6f-9d45-1762225eacf7,smart,2026-02-23T07:41:35,True,28936.56
23c13c19-93b7-5547-b2d7-854632182a6a,baseline,,False,0.00
23c13c19-93b7-5547-b2d7-854632182a6a,smart,,False,0.00
e6e490fd-f1bf-51d1-b7bb-f7b7da07208b,baseline,2026-03-29T15:51:53,False,0.00
e6e490fd-f1bf-51d1-b7bb-f7b7da07208b,smart,2026-04-01T09:00:00,True,2581.98
a6ca275d-3959-53ee-914a-5f31fb6907c8,baseline,2026-02-24T07:04:28,False,0.00
a6ca275d-3959-53ee-914a-5f31fb6907c8,smart,2026-02-24T07:04:28,False,0.00
0fa21cce-90e3-51f2-875b-d09df8262b5d,baseline,,False,0.00
0fa21cce-90e3-51f2-875b-d09df8262b5d,smart,,False,0.00
fb455693-af70-59eb-976f-3575e7d152c7,baseline,,False,0.00
fb455693-af70-59eb-976f-3575e7d152c7,smart,,False,0.00
af21d7b0-639a-5f2e-bdfc-7efce078bb0a,baseline,2026-03-26T17:30:27,False,0.00
af21d7b0-639a-5f2e-bdfc-7efce078bb0a,smart,2026-04-01T09:00:00,True,2644.87
41c8c1f8-7d22-5067-bf26-720cb9665f72,baseline,,False,0.00
41c8c1f8-7d22-5067-bf26-720cb9665f72,smart,,False,0.00
d6c3423f-3def-5337-bfe5-0491cb2f9db4,baseline,,False,0.00
d6c3423f-3def-5337-bfe5-0491cb2f9db4,smart,,False,0.00
5a64406a-8aeb-517b-ae08-4de832b00660,baseline,2026-01-08T07:43:33,False,0.00
5a64406a-8aeb-517b-ae08-4de832b00660,smart,2026-01-08T07:43:33,False,0.00
79c76f42-bde4-5871-8c54-14eebf08e2eb,baseline,2026-01-31T07:13:47,True,724.64
79c76f42-bde4-5871-8c54-14eebf08e2eb,smart,2026-02-01T09:00:00,True,724.64
ab430f03-0243-591c-a535-61eeab306982,baseline,2026-01-31T23:02:36,True,5263.82
ab430f03-0243-591c-a535-61eeab306982,smart,2026-02-01T09:00:00,True,5263.82
b05ae88a-61c7-5823-8a06-79f0da8c85f0,baseline,2026-02-27T14:37:45,False,0.00
b05ae88a-61c7-5823-8a06-79f0da8c85f0,smart,2026-03-01T09:00:00,True,580.85
d47a2625-b262-541d-9e64-e222c1c05f9a,baseline,2026-03-08T00:04:22,True,3002.40
d47a2625-b262-541d-9e64-e222c1c05f9a,smart,2026-03-07T20:04:22,True,3002.40
d6b92933-c170-5863-8f4e-9a8d9bac9106,baseline,,False,0.00
d6b92933-c170-5863-8f4e-9a8d9bac9106,smart,,False,0.00
6e78f6a2-3ee4-59f2-a817-c76c26b52736,baseline,2026-01-02T16:57:15,True,1317.03
6e78f6a2-3ee4-59f2-a817-c76c26b52736,smart,2026-02-01T09:00:00,True,1317.03
efe37f7a-e760-5afc-89d7-54113b64345f,baseline,2026-01-28T21:14:04,False,0.00
efe37f7a-e760-5afc-89d7-54113b64345f,smart,2026-02-01T09:00:00,True,5939.86
86b38b74-6bff-5db8-b315-d3ff8d00afaf,baseline,2026-02-18T08:51:39,False,0.00
86b38b74-6bff-5db8-b315-d3ff8d00afaf,smart,2026-02-18T08:51:39,False,0.00
b6b37b90-731a-53f5-9dfa-04e76c1d1e49,baseline,2026-02-22T15:28:25,False,0.00
b6b37b90-731a-53f5-9dfa-04e76c1d1e49,smart,2026-02-23T11:28:25,False,0.00
a4d19b57-ef91-56b2-9ff4-cdcbf1df3749,baseline,2026-03-29T15:18:04,False,0.00
a4d19b57-ef91-56b2-9ff4-cdcbf1df3749,smart,2026-04-01T09:00:00,True,4343.03
0b5e25ab-9659-5277-ac13-3289ae232b5a,baseline,2026-03-31T05:45:46,True,1640.76
0b5e25ab-9659-5277-ac13-3289ae232b5a,smart,2026-04-01T09:00:00,False,0.00
cace982f-6ca5-5f55-876a-2297b1e50806,baseline,2026-01-05T15:26:30,True,2507.10
cace982f-6ca5-5f55-876a-2297b1e50806,smart,2026-02-01T09:00:00,False,0.00
3a2cddcc-fe5f-54db-b0f0-8efeb9a5bbad,baseline,,False,0.00
3a2cddcc-fe5f-54db-b0f0-8efeb9a5bbad,smart,,False,0.00
c510ef59-444e-507e-a61c-a3d5408fa1f2,baseline,,False,0.00
c510ef59-444e-507e-a61c-a3d5408fa1f2,smart,,False,0.00
65c93f2d-87e2-57a9-91cb-ec859b38cc92,baseline,2026-02-26T00:38:21,False,0.00
65c93f2d-87e2-57a9-91cb-ec859b38cc92,smart,2026-02-26T20:38:21,False,0.00
a1235b5e-292c-51f7-ba11-9f611ea76a55,baseline,2026-02-27T00:40:57,False,0.00
a1235b5e-292c-51f7-ba11-9f611ea76a55,smart,2026-02-26T20:40:57,True,5009.56
60862f81-4e5b-5b37-9ed9-40de9e60ea35,baseline,2026-02-28T15:53:04,True,758.40
60862f81-4e5b-5b37-9ed9-40de9e60ea35,smart,2026-03-01T09:00:00,True,758.40
e9ec61f8-08ca-5246-b770-1e6a7dc61ba3,baseline,2026-01-02T00:04:31,False,0.00
e9ec61f8-08ca-5246-b770-1e6a7dc61ba3,smart,2026-01-01T20:04:31,False,0.00
b3f3dada-4c76-594c-9870-4c988a717cc2,baseline,2026-01-30T10:50:17,False,0.00
b3f3dada-4c76-594c-9870-4c988a717cc2,smart,2026-02-01T09:00:00,False,0.00
a61492ef-f3a1-5cad-83c6-13b7edf3880a,baseline,2026-01-30T22:38:28,True,952.42
a61492ef-f3a1-5cad-83c6-13b7edf3880a,smart,2026-02-01T09:00:00,False,0.00
17dcb819-bd9c-5364-a9cb-adb82aa74d14,baseline,2026-03-08T08:47:28,False,0.00
17dcb819-bd9c-5364-a9cb-adb82aa74d14,smart,2026-03-08T08:47:28,False,0.00
da92c7f0-236b-5a05-8357-40420b6e13b5,baseline,,False,0.00
da92c7f0-236b-5a05-8357-40420b6e13b5,smart,,False,0.00
3fade343-4575-54b6-885d-d4e6b95825c6,baseline,2026-01-27T19:02:47,False,0.00
3fade343-4575-54b6-885d-d4e6b95825c6,smart,2026-02-01T09:00:00,True,1303.37
c0208965-1e81-5913-8a98-4a92b11b078e,baseline,,False,0.00
c0208965-1e81-5913-8a98-4a92b11b078e,smart,,False,0.00
b2a44a27-ff3d-5061-9e13-0de942e1c531,baseline,,False,0.00
b2a44a27-ff3d-5061-9e13-0de942e1c531,smart,,False,0.00
a7b692b2-e882-56f7-9205-daeb2dc3ce3c,baseline,2026-03-09T16:39:25,False,0.00
a7b692b2-e882-56f7-9205-daeb2dc3ce3c,smart,2026-03-09T12:39:25,False,0.00
d58132a1-9272-5cc1-bfa1-6af97d3fd8f5,baseline,2026-03-18T07:05:30,True,902.27
d58132a1-9272-5cc1-bfa1-6af97d3fd8f5,smart,2026-03-18T07:05:30,True,902.27
98b0b68d-e566-58f5-ba09-92afefaace7c,baseline,2026-01-09T17:13:11,True,26429.67
98b0b68d-e566-58f5-ba09-92afefaace7c,smart,2026-01-10T13:13:11,False,0.00
40ce79b0-9860-5228-83e0-53254d07cc19,baseline,2026-01-25T01:44:34,False,0.00
40ce79b0-9860-5228-83e0-53254d07cc19,smart,2026-01-24T21:44:34,False,0.00
1fc18b47-8f00-5aca-b8a0-e90975274b09,baseline,2026-02-16T01:22:39,False,0.00
1fc18b47-8f00-5aca-b8a0-e90975274b09,smart,2026-02-15T21:22:39,True,553.59
0264ebd2-71fd-508d-ae39-608fc0cf1258,baseline,2026-03-04T14:51:28,False,0.00
0264ebd2-71fd-508d-ae39-608fc0cf1258,smart,2026-03-05T10:51:28,False,0.00
e5b9c00c-29a6-5376-aa3a-cbd0c10cabd1,baseline,2026-03-08T08:28:04,False,0.00
e5b9c00c-29a6-5376-aa3a-cbd0c10cabd1,smart,2026-03-08T08:28:04,False,0.00
d49d9218-f298-5afd-92cf-a8c970346907,baseline,2026-01-04T01:25:03,True,4866.98
d49d9218-f298-5afd-92cf-a8c970346907,smart,2026-02-01T09:00:00,True,4866.98
af8b5713-6a3b-56e4-9612-1ef77081d746,baseline,,False,0.00
af8b5713-6a3b-56e4-9612-1ef77081d746,smart,,False,0.00
e5c9146b-9d61-559a-a4d8-bb9baf9a5049,baseline,2026-02-26T20:21:33,False,0.00
e5c9146b-9d61-559a-a4d8-bb9baf9a5049,smart,2026-03-01T09:00:00,True,1828.27
81d80485-aa7e-5875-b1cb-2810a4a9f142,baseline,,False,0.00
81d80485-aa7e-5875-b1cb-2810a4a9f142,smart,,False,0.00
e36d0715-fe91-56a4-95d2-4cb65e7b9735,baseline,2026-04-01T01:24:24,True,1597.96
e36d0715-fe91-56a4-95d2-4cb65e7b9735,smart,2026-04-01T09:00:00,True,1597.96
ae5b1d30-dbeb-56c5-b1e9-8f13e62241d0,baseline,,False,0.00
ae5b1d30-dbeb-56c5-b1e9-8f13e62241d0,smart,,False,0.00
1585091b-2d28-548d-92a6-153babedb087,baseline,2026-01-27T01:51:05,True,2493.44
1585091b-2d28-548d-92a6-153babedb087,smart,2026-02-01T09:00:00,True,2493.44
93adfef9-80e6-5dfc-b06f-48442a04b71d,baseline,2026-01-31T02:30:15,False,0.00
93adfef9-80e6-5dfc-b06f-48442a04b71d,smart,2026-02-01T09:00:00,True,1566.72
5fc572c6-ae71-5f02-99e6-2887b6b68278,baseline,2026-02-08T08:59:38,True,3785.92
5fc572c6-ae71-5f02-99e6-2887b6b68278,smart,2026-02-08T08:59:38,True,3785.92
4b65fe21-ac15-5780-bf2a-74945a8bf676,baseline,,False,0.00
4b65fe21-ac15-5780-bf2a-74945a8bf676,smart,,False,0.00
61aa30d1-1cb1-5be0-a67d-45081315b4e0,baseline,,False,0.00
61aa30d1-1cb1-5be0-a67d-45081315b4e0,smart,,False,0.00
63bb968f-3790-571c-99c2-959509ef36b1,baseline,2026-01-15T01:43:47,False,0.00
63bb968f-3790-571c-99c2-959509ef36b1,smart,2026-01-14T21:43:47,False,0.00
59f5eb22-08b8-59c1-8e47-9c5781e8261c,baseline,,False,0.00
59f5eb22-08b8-59c1-8e47-9c5781e8261c,smart,,False,0.00
f7908bb2-708c-56fe-ab7d-082ca649100e,baseline,2026-03-24T00:43:42,False,0.00
f7908bb2-708c-56fe-ab7d-082ca649100e,smart,2026-03-24T20:43:42,False,0.00
f19137dd-8342-5ef0-9cb9-e6a82a29d95c,baseline,2026-03-24T08:40:43,True,2216.23
f19137dd-8342-5ef0-9cb9-e6a82a29d95c,smart,2026-03-24T08:40:43,True,2216.23
6b726520-53f6-5210-a072-9144ca6c67ab,baseline,2026-02-25T17:02:01,True,4374.07
6b726520-53f6-5210-a072-9144ca6c67ab,smart,2026-02-25T13:02:01,True,4374.07
9e1aa81a-3484-549f-a9d1-f4c05a935809,baseline,2026-02-25T17:46:40,False,0.00
9e1aa81a-3484-549f-a9d1-f4c05a935809,smart,2026-02-26T13:46:40,False,0.00
e19097a0-1eed-5a65-b22b-b10d362ace60,baseline,2026-03-06T19:57:42,False,0.00
e19097a0-1eed-5a65-b22b-b10d362ace60,smart,2026-03-07T15:57:42,False,0.00
9608963d-4559-571c-9da6-98dbbe5591ee,baseline,2026-03-08T07:52:39,True,3258.46
9608963d-4559-571c-9da6-98dbbe5591ee,smart,2026-03-08T07:52:39,True,3258.46
5edb1024-7430-57bc-ad58-7a3091bf5d8d,baseline,2026-03-29T17:24:50,False,0.00
5edb1024-7430-57bc-ad58-7a3091bf5d8d,smart,2026-04-01T09:00:00,True,6826.28
808c4000-a613-5fb9-bcb7-6c5f29480e4b,baseline,2026-01-07T23:48:02,True,807.96
808c4000-a613-5fb9-bcb7-6c5f29480e4b,smart,2026-01-07T19:48:02,False,0.00
fd5eccea-db97-56ed-8427-f4ea5d620a2a,baseline,,False,0.00
fd5eccea-db97-56ed-8427-f4ea5d620a2a,smart,,False,0.00
6a26a2fd-54f9-56cf-86d2-b84e94a22c92,baseline,2026-01-31T17:16:35,True,4170.93
6a26a2fd-54f9-56cf-86d2-b84e94a22c92,smart,2026-02-01T09:00:00,True,4170.93
e92a3a60-1cd9-5d0f-bf30-73349e44b624,baseline,,False,0.00
e92a3a60-1cd9-5d0f-bf30-73349e44b624,smart,,False,0.00
1ffa11b0-4b24-5443-967d-c3939bb2a32f,baseline,2026-03-30T01:52:41,True,1910.27
1ffa11b0-4b24-5443-967d-c3939bb2a32f,smart,2026-04-01T09:00:00,True,1910.27
39e02186-19ee-5423-ac44-3e2f130783db,baseline,2026-01-01T06:10:47,True,3522.89
39e02186-19ee-5423-ac44-3e2f130783db,smart,2026-01-01T09:00:00,True,3522.89
7b7ba55b-5149-5123-94a4-5ee9d0a879b0,baseline,,False,0.00
7b7ba55b-5149-5123-94a4-5ee9d0a879b0,smart,,False,0.00
cd065d0a-3b96-5073-92a0-11a45a0d9c75,baseline,2026-01-31T01:44:08,False,0.00
cd065d0a-3b96-5073-92a0-11a45a0d9c75,smart,2026-02-01T09:00:00,False,0.00
16c92630-18b9-5d6a-a618-c0c4038775ff,baseline,2026-03-27T00:41:26,False,0.00
16c92630-18b9-5d6a-a618-c0c4038775ff,smart,2026-04-01T09:00:00,True,4548.59
ee3584e6-152e-562f-b7c2-b902e75aba22,baseline,2026-03-28T15:05:28,False,0.00
ee3584e6-152e-562f-b7c2-b902e75aba22,smart,2026-04-01T09:00:00,True,2657.78
07c11760-cf2b-5858-b092-2515ea791b4f,baseline,2026-01-29T08:04:23,False,0.00
07c11760-cf2b-5858-b092-2515ea791b4f,smart,2026-02-01T09:00:00,True,1868.96
4f2aeee8-75d7-58bc-b42f-c493e18ad94a,baseline,2026-01-30T01:22:32,False,0.00
4f2aeee8-75d7-58bc-b42f-c493e18ad94a,smart,2026-02-01T09:00:00,True,867.55
d0415325-d1b0-5b65-8aa0-345a9f3ebe73,baseline,2026-01-30T23:42:43,False,0.00
d0415325-d1b0-5b65-8aa0-345a9f3ebe73,smart,2026-02-01T09:00:00,True,2400.82
3e9243e7-45bf-5240-a5d7-83cd90c249df,baseline,2026-03-12T19:14:39,False,0.00
3e9243e7-45bf-5240-a5d7-83cd90c249df,smart,2026-03-13T15:14:39,False,0.00
b9e074e8-38a9-5e25-b8c3-64f0016f3ff9,baseline,2026-03-26T17:34:22,False,0.00
b9e074e8-38a9-5e25-b8c3-64f0016f3ff9,smart,2026-04-01T09:00:00,True,752.63
232261aa-ebac-5090-a416-5b196f1f9556,baseline,2026-01-24T08:53:25,True,1264.49
232261aa-ebac-5090-a416-5b196f1f9556,smart,2026-01-24T08:53:25,True,1264.49
35e664b6-bcfa-5bfb-90af-3ab54e1a86f0,baseline,2026-01-29T23:05:50,True,3358.58
35e664b6-bcfa-5bfb-90af-3ab54e1a86f0,smart,2026-02-01T09:00:00,False,0.00
a5c3d5f6-94e1-57ad-8f58-7e82b7203aa5,baseline,2026-02-04T00:46:41,True,985.56
a5c3d5f6-94e1-57ad-8f58-7e82b7203aa5,smart,2026-02-03T20:46:41,True,985.56
02a77318-94d3-5b55-a294-f63d49f854f2,baseline,2026-02-15T00:25:13,False,0.00
02a77318-94d3-5b55-a294-f63d49f854f2,smart,2026-02-14T20:25:13,True,335.69
3bb7efdb-34e1-5237-958c-e7edbaf90590,baseline,2026-02-18T08:17:10,True,418.61
3bb7efdb-34e1-5237-958c-e7edbaf90590,smart,2026-02-18T08:17:10,True,418.61
5f4c7fc1-2331-5d23-8669-d4ec647802ca,baseline,2026-01-20T17:37:19,True,1870.40
5f4c7fc1-2331-5d23-8669-d4ec647802ca,smart,2026-01-20T13:37:19,False,0.00
2ddff06b-f06e-5f5d-b8a6-19c1ac298f95,baseline,2026-02-03T17:15:10,True,1032.19
2ddff06b-f06e-5f5d-b8a6-19c1ac298f95,smart,2026-03-01T09:00:00,False,0.00
f6165e72-4745-5a99-bfae-a05cf4a889d4,baseline,2026-02-24T07:44:01,True,1713.34
f6165e72-4745-5a99-bfae-a05cf4a889d4,smart,2026-02-24T07:44:01,True,1713.34
f25ce77c-2109-5004-80ce-f0242eb07af5,baseline,2026-03-08T07:27:50,True,1263.37
f25ce77c-2109-5004-80ce-f0242eb07af5,smart,2026-03-08T07:27:50,True,1263.37
205b0145-2c92-5841-a2bc-c5d4eb320bc8,baseline,2026-03-28T07:45:09,False,0.00
205b0145-2c92-5841-a2bc-c5d4eb320bc8,smart,2026-04-01T09:00:00,True,879.73
9527eaa9-c4ee-564b-a665-744c08d860f1,baseline,2026-02-06T01:03:56,False,0.00
9527eaa9-c4ee-564b-a665-744c08d860f1,smart,2026-03-01T09:00:00,True,3431.94
9e972018-ca11-5b2f-a944-c4a3b098a873,baseline,2026-02-08T16:04:13,False,0.00
9e972018-ca11-5b2f-a944-c4a3b098a873,smart,2026-02-08T12:04:13,True,772.70
c5c86bc9-9d71-5954-9264-d3f1e64129b3,baseline,2026-03-18T23:59:24,True,1727.34
c5c86bc9-9d71-5954-9264-d3f1e64129b3,smart,2026-03-18T19:59:24,True,1727.34
c7b63424-1e81-5bb9-a980-df5eb4948cf7,baseline,2026-03-24T01:17:36,True,1504.53
c7b63424-1e81-5bb9-a980-df5eb4948cf7,smart,2026-03-23T21:17:36,False,0.00
3e918bc8-5901-5fb3-9d85-c90f811102a6,baseline,,False,0.00
3e918bc8-5901-5fb3-9d85-c90f811102a6,smart,,False,0.00
70461742-f03e-5133-b8a2-b01d28f6086e,baseline,,False,0.00
70461742-f03e-5133-b8a2-b01d28f6086e,smart,,False,0.00
740d3d48-a1d8-58ad-bff2-92af23d5e42d,baseline,2026-01-06T23:04:26,True,2738.74
740d3d48-a1d8-58ad-bff2-92af23d5e42d,smart,2026-01-06T19:04:26,True,2738.74
16d025ad-b7e7-532d-a8f0-51205bad6798,baseline,2026-02-02T09:02:23,False,0.00
16d025ad-b7e7-532d-a8f0-51205bad6798,smart,2026-02-02T09:00:00,False,0.00
eb923299-2423-594f-9aac-dbfe836e2183,baseline,2026-03-06T16:14:23,True,1312.49
eb923299-2423-594f-9aac-dbfe836e2183,smart,2026-03-06T12:14:23,False,0.00
1dc268ef-7e5a-5c28-a2e5-327b32073e2f,baseline,2026-03-31T15:06:03,False,0.00
1dc268ef-7e5a-5c28-a2e5-327b32073e2f,smart,2026-04-01T09:00:00,True,942.19
958a0f5c-7cb0-5084-95ed-25655e98189f,baseline,,False,0.00
958a0f5c-7cb0-5084-95ed-25655e98189f,smart,,False,0.00
b088fc20-3d6d-5979-8e0b-46771fe2f919,baseline,2026-01-26T23:43:05,False,0.00
b088fc20-3d6d-5979-8e0b-46771fe2f919,smart,2026-01-27T19:43:05,True,14201.08
1c84f5db-a3e3-576a-ac05-9d188218d927,baseline,2026-01-28T15:32:03,False,0.00
1c84f5db-a3e3-576a-ac05-9d188218d927,smart,2026-02-01T09:00:00,False,0.00
f45bd566-4155-59e0-8b7d-a3ee4be3710e,baseline,2026-02-28T23:03:24,False,0.00
f45bd566-4155-59e0-8b7d-a3ee4be3710e,smart,2026-03-01T09:00:00,True,3492.98
36e0514e-61b0-555d-a1ec-0d8498bab0ab,baseline,,False,0.00
36e0514e-61b0-555d-a1ec-0d8498bab0ab,smart,,False,0.00
e7a030da-bff2-5c86-b30b-0173b45e6dda,baseline,,False,0.00
e7a030da-bff2-5c86-b30b-0173b45e6dda,smart,,False,0.00
10c569c6-6fea-54b9-8383-0f535d940141,baseline,2026-01-24T07:15:39,False,0.00
10c569c6-6fea-54b9-8383-0f535d940141,smart,2026-01-24T07:15:39,False,0.00
ce7838d9-1cf5-51fa-8311-0c5a135d71b8,baseline,2026-01-29T23:52:54,False,0.00
ce7838d9-1cf5-51fa-8311-0c5a135d71b8,smart,2026-02-01T09:00:00,False,0.00
db336f73-607f-5c0f-925c-305e235ebd70,baseline,,False,0.00
db336f73-607f-5c0f-925c-305e235ebd70,smart,,False,0.00
d3dd5ecb-27f7-5c02-b7cc-7e67604089d7,baseline,2026-03-29T01:23:27,True,3658.91
d3dd5ecb-27f7-5c02-b7cc-7e67604089d7,smart,2026-04-01T09:00:00,False,0.00
9bfe8ab2-8f98-5970-82d7-c16835fedeb7,baseline,2026-01-24T07:46:15,True,1709.76
9bfe8ab2-8f98-5970-82d7-c16835fedeb7,smart,2026-01-24T07:46:15,True,1709.76
ea6f37f8-c188-5f3f-9eb1-81698d2c21b8,baseline,2026-01-26T23:05:04,True,1632.36
ea6f37f8-c188-5f3f-9eb1-81698d2c21b8,smart,2026-02-01T09:00:00,False,0.00
18ee98a1-02fb-59bf-abb0-0ee3bf60bf81,baseline,2026-01-30T15:44:54,False,0.00
18ee98a1-02fb-59bf-abb0-0ee3bf60bf81,smart,2026-02-01T09:00:00,True,645.27
86760900-e9d2-5bdf-a213-172c0e788c9b,baseline,2026-02-12T17:51:09,True,880.22
86760900-e9d2-5bdf-a213-172c0e788c9b,smart,2026-02-12T13:51:09,True,880.22
5acbb147-8547-596d-8161-ddd183310942,baseline,2026-02-28T17:38:20,False,0.00
5acbb147-8547-596d-8161-ddd183310942,smart,2026-03-01T09:00:00,True,4412.52
30da5c38-8480-56de-9029-0cf0344d6904,baseline,2026-01-09T01:33:31,True,1597.22
30da5c38-8480-56de-9029-0cf0344d6904,smart,2026-01-08T21:33:31,False,0.00
cd86a8eb-df90-55c2-83e7-2c29f2456a0a,baseline,,False,0.00
cd86a8eb-df90-55c2-83e7-2c29f2456a0a,smart,,False,0.00
0f589d9c-f1e2-5356-969f-ee3fc515a76e,baseline,2026-01-23T00:00:48,False,0.00
0f589d9c-f1e2-5356-969f-ee3fc515a76e,smart,2026-01-22T20:00:48,False,0.00
d3ea2900-2f86-5807-9e73-4d9a76b54947,baseline,2026-01-24T07:20:51,False,0.00
d3ea2900-2f86-5807-9e73-4d9a76b54947,smart,2026-01-24T07:20:51,False,0.00
5f21dbbc-6bc6-551c-af3d-0912ef6a742b,baseline,2026-03-31T23:14:53,False,0.00
5f21dbbc-6bc6-551c-af3d-0912ef6a742b,smart,2026-04-01T09:00:00,True,2749.78
de070bf1-ebbe-50dd-9421-cce3a86e9111,baseline,2026-01-16T15:13:04,False,0.00
de070bf1-ebbe-50dd-9421-cce3a86e9111,smart,2026-01-16T11:13:04,True,3819.95
4fb906b3-08e7-5124-81a1-de12f4d97b45,baseline,2026-01-29T22:02:25,False,0.00
4fb906b3-08e7-5124-81a1-de12f4d97b45,smart,2026-02-01T09:00:00,False,0.00
7a310f05-7bd9-538d-9cc2-97f30bcfbaae,baseline,2026-02-18T08:41:52,True,869.01
7a310f05-7bd9-538d-9cc2-97f30bcfbaae,smart,2026-02-18T08:41:52,True,869.01
b7e7531a-3497-5fbf-a080-a647c93dcc9b,baseline,,False,0.00
b7e7531a-3497-5fbf-a080-a647c93dcc9b,smart,,False,0.00
24f73e24-e712-5f50-afe4-75c31a61139f,baseline,2026-03-31T01:51:30,True,7863.99
24f73e24-e712-5f50-afe4-75c31a61139f,smart,2026-04-01T09:00:00,True,7863.99
07389101-5c84-5d52-9a95-77c9dc38b185,baseline,2026-02-26T23:25:15,True,2210.02
07389101-5c84-5d52-9a95-77c9dc38b185,smart,2026-03-01T09:00:00,True,2210.02
d3103280-10d1-5c78-b800-46284bfdc753,baseline,2026-03-18T07:05:27,False,0.00
d3103280-10d1-5c78-b800-46284bfdc753,smart,2026-03-18T07:05:27,False,0.00
6cd95fb3-4fe4-5f71-bb94-e64f058395c3,baseline,,False,0.00
6cd95fb3-4fe4-5f71-bb94-e64f058395c3,smart,,False,0.00
495ba661-e8a9-5504-9942-3e72c2956d29,baseline,2026-03-28T00:18:25,False,0.00
495ba661-e8a9-5504-9942-3e72c2956d29,smart,2026-04-01T09:00:00,True,2338.11
64a43113-df33-50a6-b8d7-824ccb2985b1,baseline,2026-03-31T00:23:28,False,0.00
64a43113-df33-50a6-b8d7-824ccb2985b1,smart,2026-04-01T09:00:00,True,1932.67
a5ca2277-3d6a-5046-b88c-704308dcc70c,baseline,,False,0.00
a5ca2277-3d6a-5046-b88c-704308dcc70c,smart,,False,0.00
4f5c7c77-d6c2-50fc-96d0-ef62b13de4d0,baseline,2026-01-26T18:46:16,False,0.00
4f5c7c77-d6c2-50fc-96d0-ef62b13de4d0,smart,2026-02-01T09:00:00,False,0.00
3a498cd1-862b-58da-b0b5-356e7dd52806,baseline,2026-01-31T03:25:04,True,1142.21
3a498cd1-862b-58da-b0b5-356e7dd52806,smart,2026-02-01T09:00:00,False,0.00
1130a34b-3f80-52dc-9cfa-0080431efaf5,baseline,,False,0.00
1130a34b-3f80-52dc-9cfa-0080431efaf5,smart,,False,0.00
cbf66e32-27ee-56c8-ae72-a7a559f3df70,baseline,2026-03-23T15:43:06,False,0.00
cbf66e32-27ee-56c8-ae72-a7a559f3df70,smart,2026-03-23T11:43:06,False,0.00
3eb62836-9211-5282-bc7a-0e654cd10091,baseline,2026-01-18T08:41:10,False,0.00
3eb62836-9211-5282-bc7a-0e654cd10091,smart,2026-01-18T08:41:10,False,0.00
f0bdbef5-4f9a-5526-868f-a3a163847abe,baseline,2026-02-20T16:09:07,True,24448.21
f0bdbef5-4f9a-5526-868f-a3a163847abe,smart,2026-02-21T12:09:07,False,0.00
935a27f7-fd1a-5f5d-a89e-0668c677ab6a,baseline,2026-02-23T15:01:14,True,2016.73
935a27f7-fd1a-5f5d-a89e-0668c677ab6a,smart,2026-02-23T11:01:14,True,2016.73
705216aa-5e2d-5f3c-8295-c3cbeb410918,baseline,,False,0.00
705216aa-5e2d-5f3c-8295-c3cbeb410918,smart,,False,0.00
c45037f4-7468-5a39-987e-d032fc248cc5,baseline,,False,0.00
c45037f4-7468-5a39-987e-d032fc248cc5,smart,,False,0.00
b7e3ae2c-6eca-5423-9271-280e7a4d013c,baseline,2026-01-15T01:12:18,False,0.00
b7e3ae2c-6eca-5423-9271-280e7a4d013c,smart,2026-01-14T21:12:18,False,0.00
c368d3b5-cc4d-5a78-8c5e-8e3740e79ba0,baseline,2026-02-02T06:49:13,True,3943.66
c368d3b5-cc4d-5a78-8c5e-8e3740e79ba0,smart,2026-02-02T09:00:00,True,3943.66
c4c37677-2d47-57ed-9fa9-c8fce2024995,baseline,2026-02-28T03:44:34,False,0.00
c4c37677-2d47-57ed-9fa9-c8fce2024995,smart,2026-03-01T09:00:00,True,1250.64
d084a969-e503-5c53-bf9f-a9b463f02526,baseline,2026-03-15T17:59:05,True,2114.77
d084a969-e503-5c53-bf9f-a9b463f02526,smart,2026-03-15T13:59:05,False,0.00
f46af680-1fb5-5cb6-84f3-dd9880bb5370,baseline,,False,0.00
f46af680-1fb5-5cb6-84f3-dd9880bb5370,smart,,False,0.00
dcd7151b-b752-52ee-96cb-c7d37dccaabc,baseline,2026-01-18T08:09:34,False,0.00
dcd7151b-b752-52ee-96cb-c7d37dccaabc,smart,2026-01-18T08:09:34,False,0.00
f3ad2a08-516e-50d5-bb32-5376856a37aa,baseline,,False,0.00
f3ad2a08-516e-50d5-bb32-5376856a37aa,smart,,False,0.00
f3ab961b-80d6-5a7f-af50-1cee2d0d702b,baseline,2026-02-01T15:04:58,False,0.00
f3ab961b-80d6-5a7f-af50-1cee2d0d702b,smart,2026-02-01T11:04:58,False,0.00
b945231a-11bc-5b04-b526-41e61bb4bb8d,baseline,2026-02-01T16:32:21,False,0.00
b945231a-11bc-5b04-b526-41e61bb4bb8d,smart,2026-03-01T09:00:00,False,0.00
ff5b2ee5-b468-564f-901c-11e598e3860d,baseline,,False,0.00
ff5b2ee5-b468-564f-901c-11e598e3860d,smart,,False,0.00
eea139d4-eade-5b40-899f-6aebe0ecf9d0,baseline,2026-01-18T08:46:54,True,12000.00
eea139d4-eade-5b40-899f-6aebe0ecf9d0,smart,2026-01-18T08:46:54,True,12000.00
6715af6f-dcf8-55a6-a9fb-960c41d0032c,baseline,,False,0.00
6715af6f-dcf8-55a6-a9fb-960c41d0032c,smart,,False,0.00
41232255-7414-54ab-a09c-df76e5065f5d,baseline,2026-01-31T00:39:17,False,0.00
41232255-7414-54ab-a09c-df76e5065f5d,smart,2026-02-01T09:00:00,True,3364.31
22b3a0ec-b567-555a-9dd2-df24be407742,baseline,2026-02-22T01:37:50,False,0.00
22b3a0ec-b567-555a-9dd2-df24be407742,smart,2026-02-22T21:37:50,False,0.00
6be99e86-305c-5a45-8074-132168244ef7,baseline,2026-03-08T01:34:33,True,5290.58
6be99e86-305c-5a45-8074-132168244ef7,smart,2026-03-07T21:34:33,False,0.00
1a30ec7d-9581-5477-b801-4afe5cda2fb6,baseline,,False,0.00
1a30ec7d-9581-5477-b801-4afe5cda2fb6,smart,,False,0.00
c75d3658-42ca-55ee-829f-df72add27f09,baseline,2026-01-23T23:22:32,True,984.83
c75d3658-42ca-55ee-829f-df72add27f09,smart,2026-01-23T19:22:32,False,0.00
7203f461-e4a3-5d43-8647-949814bfe4b8,baseline,,False,0.00
7203f461-e4a3-5d43-8647-949814bfe4b8,smart,,False,0.00
d9ef10b1-f6f3-5af1-a771-3cdf8f2629b5,baseline,,False,0.00
d9ef10b1-f6f3-5af1-a771-3cdf8f2629b5,smart,,False,0.00
e2a9ea7d-c003-5404-a08f-351728c52f12,baseline,2026-02-26T23:47:17,False,0.00
e2a9ea7d-c003-5404-a08f-351728c52f12,smart,2026-03-01T09:00:00,True,4041.39
feaae9d8-e98a-5e31-a1f8-3d1043525400,baseline,2026-01-03T17:19:15,False,0.00
feaae9d8-e98a-5e31-a1f8-3d1043525400,smart,2026-01-04T13:19:15,False,0.00
ad14768e-bfcc-5d08-a1f4-f0695ebd4da9,baseline,2026-01-17T16:06:40,False,0.00
ad14768e-bfcc-5d08-a1f4-f0695ebd4da9,smart,2026-01-17T12:06:40,False,0.00
7fc1ff5a-1c5e-5154-8340-9a2729898fcd,baseline,2026-02-01T00:48:26,True,8921.77
7fc1ff5a-1c5e-5154-8340-9a2729898fcd,smart,2026-02-01T09:00:00,True,8921.77
a81fe6fb-1bf2-512e-b68c-c1c045ed6860,baseline,,False,0.00
a81fe6fb-1bf2-512e-b68c-c1c045ed6860,smart,,False,0.00
85448a7a-ac71-5638-8bdb-36c8484b18b7,baseline,2026-03-02T01:57:27,True,592.31
85448a7a-ac71-5638-8bdb-36c8484b18b7,smart,2026-03-01T21:57:27,True,592.31
11b8bcc4-601e-539e-bdd0-810be477dc4c,baseline,2026-01-28T17:16:37,False,0.00
11b8bcc4-601e-539e-bdd0-810be477dc4c,smart,2026-02-01T09:00:00,True,881.28
4fe24804-b069-505e-b40b-66a950e9b95c,baseline,,False,0.00
4fe24804-b069-505e-b40b-66a950e9b95c,smart,,False,0.00
32f63883-aaf6-5f65-9b41-97ca31c7fc03,baseline,2026-03-02T16:30:43,False,0.00
32f63883-aaf6-5f65-9b41-97ca31c7fc03,smart,2026-04-01T09:00:00,True,2803.32
83cafbbd-94db-50d9-bb00-96dd2f3a11f2,baseline,2026-03-08T03:15:50,False,0.00
83cafbbd-94db-50d9-bb00-96dd2f3a11f2,smart,2026-03-07T23:15:50,False,0.00
acd989e2-f87c-5cf6-ae75-c65cf06da38c,baseline,2026-03-14T17:52:29,False,0.00
acd989e2-f87c-5cf6-ae75-c65cf06da38c,smart,2026-03-15T13:52:29,False,0.00
5f8c4a17-0dac-548b-9aa2-6d32b94d66c4,baseline,2026-01-07T01:27:06,True,2010.17
5f8c4a17-0dac-548b-9aa2-6d32b94d66c4,smart,2026-01-06T21:27:06,True,2010.17
1638a3ba-4ba8-5832-bbde-677f3e4d6cce,baseline,,False,0.00
1638a3ba-4ba8-5832-bbde-677f3e4d6cce,smart,,False,0.00
ae8a324c-696d-5af6-a73c-affa0d584e65,baseline,2026-03-27T15:08:46,False,0.00
ae8a324c-696d-5af6-a73c-affa0d584e65,smart,2026-04-01T09:00:00,True,7413.83
45a30e25-aad0-58ae-b1d7-1fecef910f5d,baseline,2026-03-29T23:45:06,False,0.00
45a30e25-aad0-58ae-b1d7-1fecef910f5d,smart,2026-04-01T09:00:00,True,2175.99
dfead787-89e8-5ad3-b6af-0a77084c02e1,baseline,2026-04-01T01:59:42,True,27776.21
dfead787-89e8-5ad3-b6af-0a77084c02e1,smart,2026-04-01T21:59:42,True,27776.21
22ca0d6e-0348-5d06-befe-270ef6468e20,baseline,,False,0.00
22ca0d6e-0348-5d06-befe-270ef6468e20,smart,,False,0.00
604e1e9d-a9d6-5808-a051-f667a8386ca7,baseline,2026-01-30T12:47:36,False,0.00
604e1e9d-a9d6-5808-a051-f667a8386ca7,smart,2026-02-01T09:00:00,False,0.00
e7937438-789e-5331-8e5f-55ba2804850e,baseline,2026-03-18T08:43:35,True,1932.81
e7937438-789e-5331-8e5f-55ba2804850e,smart,2026-03-18T08:43:35,True,1932.81
b5ddfee2-e723-5a4a-aedf-cd4bad9938c0,baseline,,False,0.00
b5ddfee2-e723-5a4a-aedf-cd4bad9938c0,smart,,False,0.00
06dacae8-0e55-501c-8ebe-162ecdebca69,baseline,2026-03-27T15:25:41,True,1697.31
06dacae8-0e55-501c-8ebe-162ecdebca69,smart,2026-04-01T09:00:00,False,0.00
d51b3671-b4c2-5624-b508-debcb964f6bc,baseline,2026-01-17T01:17:38,False,0.00
d51b3671-b4c2-5624-b508-debcb964f6bc,smart,2026-01-17T21:17:38,False,0.00
ecfeee7a-8ce9-55b7-b76d-b71b46d2b876,baseline,2026-01-29T23:37:46,False,0.00
ecfeee7a-8ce9-55b7-b76d-b71b46d2b876,smart,2026-02-01T09:00:00,True,1620.19
78d03681-6caa-5dc1-ad25-9ac812018cfe,baseline,,False,0.00
78d03681-6caa-5dc1-ad25-9ac812018cfe,smart,,False,0.00
dd7ed635-4f47-5385-a378-28f969e4b3ee,baseline,2026-03-23T17:08:23,False,0.00
dd7ed635-4f47-5385-a378-28f969e4b3ee,smart,2026-03-23T13:08:23,False,0.00
6627ac3f-e690-55fc-9cfb-9841d7023c3c,baseline,,False,0.00
6627ac3f-e690-55fc-9cfb-9841d7023c3c,smart,,False,0.00
2040a286-f6f0-54db-b867-169c468d88e8,baseline,2026-01-30T01:39:33,True,3508.08
2040a286-f6f0-54db-b867-169c468d88e8,smart,2026-02-01T09:00:00,True,3508.08
e73235ba-f235-54f6-8c42-c4fc81b0addf,baseline,2026-02-10T01:30:56,True,31557.18
e73235ba-f235-54f6-8c42-c4fc81b0addf,smart,2026-02-10T21:30:56,True,31557.18
c2d58397-e3b2-576d-a607-0d19643245a2,baseline,2026-03-03T23:27:29,True,3512.65
c2d58397-e3b2-576d-a607-0d19643245a2,smart,2026-03-03T19:27:29,False,0.00
47b742bf-1349-532a-93a3-9dc7433ca525,baseline,2026-01-31T05:01:43,False,0.00
47b742bf-1349-532a-93a3-9dc7433ca525,smart,2026-02-01T09:00:00,True,2402.03
da3050c4-0d7a-591e-9fd8-2142cba130aa,baseline,,False,0.00
da3050c4-0d7a-591e-9fd8-2142cba130aa,smart,,False,0.00
5920b5e5-cc40-5e01-b1e9-b8008bc5c3d3,baseline,,False,0.00
5920b5e5-cc40-5e01-b1e9-b8008bc5c3d3,smart,,False,0.00
a79970aa-e0ba-537b-a1cd-976774aae5ec,baseline,,False,0.00
a79970aa-e0ba-537b-a1cd-976774aae5ec,smart,,False,0.00
2de201bb-5905-5bcf-aace-f6de4029d306,baseline,2026-01-24T08:19:58,False,0.00
2de201bb-5905-5bcf-aace-f6de4029d306,smart,2026-01-24T08:19:58,False,0.00
83ca978b-5d7d-5d05-b4d2-ddde35fb4265,baseline,2026-02-12T16:06:37,True,719.25
83ca978b-5d7d-5d05-b4d2-ddde35fb4265,smart,2026-02-12T12:06:37,False,0.00
82159b27-2655-51c0-87df-fdfdfd2d7edc,baseline,2026-03-29T23:34:35,False,0.00
82159b27-2655-51c0-87df-fdfdfd2d7edc,smart,2026-04-01T09:00:00,True,1525.21
407305e7-1e49-5121-b4f7-14de631f0008,baseline,2026-03-31T01:55:20,False,0.00
407305e7-1e49-5121-b4f7-14de631f0008,smart,2026-04-01T09:00:00,True,1137.73
1f1dd790-1208-59ec-b7ff-34ef148f3363,baseline,,False,0.00
1f1dd790-1208-59ec-b7ff-34ef148f3363,smart,,False,0.00
05a1590c-a926-5a2f-9403-021401412e33,baseline,,False,0.00
05a1590c-a926-5a2f-9403-021401412e33,smart,,False,0.00
aa1b010b-a472-5eb1-9014-33e5bc2203ea,baseline,2026-03-16T00:46:59,True,2096.97
aa1b010b-a472-5eb1-9014-33e5bc2203ea,smart,2026-03-15T20:46:59,True,2096.97
58ffe7f3-23c7-56e2-a912-9e47df3999bd,baseline,2026-03-29T08:16:00,True,309.82
58ffe7f3-23c7-56e2-a912-9e47df3999bd,smart,2026-04-01T09:00:00,True,309.82
f819fe66-9041-54ad-91ea-77f6334910a5,baseline,,False,0.00
f819fe66-9041-54ad-91ea-77f6334910a5,smart,,False,0.00
232dc6a4-1855-5b53-a6b3-1d07e73597e6,baseline,2026-01-27T23:05:24,True,1661.06
232dc6a4-1855-5b53-a6b3-1d07e73597e6,smart,2026-02-01T09:00:00,True,1661.06
180087bd-bb4b-5104-b11f-7e061b7a89d4,baseline,,False,0.00
180087bd-bb4b-5104-b11f-7e061b7a89d4,smart,,False,0.00
0f8e052b-465c-5d37-9b28-dea109404ca4,baseline,,False,0.00
0f8e052b-465c-5d37-9b28-dea109404ca4,smart,,False,0.00
1056b4b8-802f-56ee-82ef-3be7e557185c,baseline,2026-03-08T07:33:52,True,2782.48
1056b4b8-802f-56ee-82ef-3be7e557185c,smart,2026-03-08T07:33:52,True,2782.48
8e0eeb60-bbf1-588c-b1d9-2caf2c8156fc,baseline,2026-03-29T15:42:38,False,0.00
8e0eeb60-bbf1-588c-b1d9-2caf2c8156fc,smart,2026-04-01T09:00:00,True,528.12
7e12d25a-f486-5665-bcaf-b4bac82d7f9b,baseline,2026-03-31T12:47:01,True,1379.50
7e12d25a-f486-5665-bcaf-b4bac82d7f9b,smart,2026-04-01T09:00:00,False,0.00
b0c00b79-a67f-5a10-a130-5002398438d6,baseline,,False,0.00
b0c00b79-a67f-5a10-a130-5002398438d6,smart,,False,0.00
6a3ac3e6-be9e-5456-9c96-d8b90f7a3af9,baseline,2026-01-06T00:46:02,True,292.31
6a3ac3e6-be9e-5456-9c96-d8b90f7a3af9,smart,2026-02-01T09:00:00,True,292.31
500a6274-67c1-5441-a248-4331ff45f5c7,baseline,2026-01-31T01:54:08,True,2127.67
500a6274-67c1-5441-a248-4331ff45f5c7,smart,2026-02-01T09:00:00,True,2127.67
ffaa588f-8add-5085-9790-59a63ed9ba51,baseline,,False,0.00
ffaa588f-8add-5085-9790-59a63ed9ba51,smart,,False,0.00
993e95fe-c1a6-5ccb-bf1d-0a197c2c11a6,baseline,2026-03-31T15:05:14,False,0.00
993e95fe-c1a6-5ccb-bf1d-0a197c2c11a6,smart,2026-04-01T09:00:00,True,3530.55
eee1de67-d4bb-52d4-bbab-a0551ccf5621,baseline,,False,0.00
eee1de67-d4bb-52d4-bbab-a0551ccf5621,smart,,False,0.00
17ce82cf-a0a3-5f22-9b8d-fdaa5874c593,baseline,2026-01-20T08:26:40,False,0.00
17ce82cf-a0a3-5f22-9b8d-fdaa5874c593,smart,2026-01-21T04:26:40,False,0.00
12e39542-f10d-506f-817e-870b6da4560c,baseline,2026-02-18T07:16:51,False,0.00
12e39542-f10d-506f-817e-870b6da4560c,smart,2026-02-18T07:16:51,False,0.00
520cc1b7-2943-518c-b03c-3448c48c306a,baseline,,False,0.00
520cc1b7-2943-518c-b03c-3448c48c306a,smart,,False,0.00
406309ca-d80d-5b80-bf17-98affbdeddbf,baseline,,False,0.00
406309ca-d80d-5b80-bf17-98affbdeddbf,smart,,False,0.00
07f35213-457b-59b3-995a-0fe180832e50,baseline,2026-01-22T07:19:27,False,0.00
07f35213-457b-59b3-995a-0fe180832e50,smart,2026-01-23T03:19:27,False,0.00
3d736945-717a-538d-a64b-e42ac891f34f,baseline,,False,0.00
3d736945-717a-538d-a64b-e42ac891f34f,smart,,False,0.00
200ee7f8-3d60-582a-a7c7-cb9a109a90aa,baseline,2026-03-30T00:16:26,True,1115.09
200ee7f8-3d60-582a-a7c7-cb9a109a90aa,smart,2026-04-01T09:00:00,True,1115.09
607c5d79-7307-572f-a39c-42a9eedb86cd,baseline,2026-01-27T15:44:21,True,1622.06
607c5d79-7307-572f-a39c-42a9eedb86cd,smart,2026-02-01T09:00:00,True,1622.06
dee415d5-1814-5847-a0e4-6d64921d374b,baseline,2026-01-31T12:38:32,True,2987.05
dee415d5-1814-5847-a0e4-6d64921d374b,smart,2026-02-01T09:00:00,False,0.00
1052891e-bb63-50e9-9afe-89fc4eaa25aa,baseline,,False,0.00
1052891e-bb63-50e9-9afe-89fc4eaa25aa,smart,,False,0.00
40446450-b67b-5be3-8da3-3f230c55dba6,baseline,2026-02-20T18:05:58,False,0.00
40446450-b67b-5be3-8da3-3f230c55dba6,smart,2026-02-20T14:05:58,True,2179.55
5eb486f2-421b-5b34-8608-812a32a4af9a,baseline,,False,0.00
5eb486f2-421b-5b34-8608-812a32a4af9a,smart,,False,0.00
2bb15191-7469-5769-9e14-072516a06272,baseline,2026-01-24T07:12:00,True,4336.48
2bb15191-7469-5769-9e14-072516a06272,smart,2026-01-24T07:12:00,True,4336.48
a0ea919e-6199-51bf-88b0-daf475f19737,baseline,2026-01-26T06:28:35,False,0.00
a0ea919e-6199-51bf-88b0-daf475f19737,smart,2026-02-01T09:00:00,True,1787.13
d02c0b1d-77d8-593b-9b18-d79a186faf44,baseline,2026-02-27T01:32:39,False,0.00
d02c0b1d-77d8-593b-9b18-d79a186faf44,smart,2026-02-27T21:32:39,False,0.00
dae99de2-3651-5f0d-8891-5ab3d7642144,baseline,,False,0.00
dae99de2-3651-5f0d-8891-5ab3d7642144,smart,,False,0.00
12802a6d-f15c-561e-ada2-e1a6dda55b14,baseline,2026-01-10T00:41:35,True,1245.16
12802a6d-f15c-561e-ada2-e1a6dda55b14,smart,2026-01-09T20:41:35,False,0.00
201f3536-b656-59d4-a963-46861e4481d6,baseline,2026-01-24T09:51:15,False,0.00
201f3536-b656-59d4-a963-46861e4481d6,smart,2026-01-24T05:51:15,False,0.00
5d2ed1c8-42aa-52b7-9709-cae337ca2fc8,baseline,,False,0.00
5d2ed1c8-42aa-52b7-9709-cae337ca2fc8,smart,,False,0.00
4143b8aa-313c-5326-8023-3e901e4d8f78,baseline,2026-01-29T23:47:05,True,3342.85
4143b8aa-313c-5326-8023-3e901e4d8f78,smart,2026-02-01T09:00:00,True,3342.85
7a099dc2-1acf-5c92-bed1-5dce26055efe,baseline,2026-02-08T07:39:14,False,0.00
7a099dc2-1acf-5c92-bed1-5dce26055efe,smart,2026-02-08T07:39:14,False,0.00
6e039803-abe2-527f-a066-43c653b0c6a2,baseline,,False,0.00
6e039803-abe2-527f-a066-43c653b0c6a2,smart,,False,0.00
645af173-27ea-5a8b-8fd6-65ca26a9e90f,baseline,2026-03-13T16:05:41,False,0.00
645af173-27ea-5a8b-8fd6-65ca26a9e90f,smart,2026-03-13T12:05:41,False,0.00
0360d850-5193-57d1-ad8b-fc2c79028375,baseline,2026-01-02T16:50:13,False,0.00
0360d850-5193-57d1-ad8b-fc2c79028375,smart,2026-01-02T12:50:13,False,0.00
8bb1b4f2-4c2f-5de3-ac92-f32b1f6004a9,baseline,2026-01-29T15:41:16,False,0.00
8bb1b4f2-4c2f-5de3-ac92-f32b1f6004a9,smart,2026-02-01T09:00:00,True,648.55
c4a0ab46-18f7-5a9f-8dbe-6fe176fc1e82,baseline,2026-02-12T02:01:06,False,0.00
c4a0ab46-18f7-5a9f-8dbe-6fe176fc1e82,smart,2026-02-12T22:01:06,True,25420.24
16530763-f9d3-5bc2-ac53-1029efea1ff3,baseline,2026-02-24T07:55:18,True,2047.84
16530763-f9d3-5bc2-ac53-1029efea1ff3,smart,2026-02-24T07:55:18,True,2047.84
5dcd3c0c-a113-55e5-83a5-63f2f8133095,baseline,2026-01-29T21:07:46,False,0.00
5dcd3c0c-a113-55e5-83a5-63f2f8133095,smart,2026-02-01T09:00:00,False,0.00
2d8295a7-0eee-59ea-a74e-107990cf3ed1,baseline,2026-02-18T08:42:27,False,0.00
2d8295a7-0eee-59ea-a74e-107990cf3ed1,smart,2026-02-18T08:42:27,False,0.00
985961ab-5743-52a9-b880-4d9c9aa4d67f,baseline,2026-03-11T01:52:04,False,0.00
985961ab-5743-52a9-b880-4d9c9aa4d67f,smart,2026-03-10T21:52:04,False,0.00
3741aa8f-755f-55f7-95b2-7e0bb31219a6,baseline,2026-03-28T22:47:59,False,0.00
3741aa8f-755f-55f7-95b2-7e0bb31219a6,smart,2026-03-29T18:47:59,False,0.00
a0b0d33d-a6b1-504c-afb1-1f301eb099ea,baseline,2026-02-28T04:49:13,False,0.00
a0b0d33d-a6b1-504c-afb1-1f301eb099ea,smart,2026-03-01T09:00:00,True,3247.02
ff99fedf-bde9-51f5-902b-6c1c5c97f1ac,baseline,,False,0.00
ff99fedf-bde9-51f5-902b-6c1c5c97f1ac,smart,,False,0.00
ab189ed4-a835-5798-9786-f55604ece186,baseline,2026-03-27T01:05:48,False,0.00
ab189ed4-a835-5798-9786-f55604ece186,smart,2026-04-01T09:00:00,False,0.00
064c69ea-6134-59b0-8f73-adf88291f300,baseline,2026-03-30T01:19:37,True,2948.28
064c69ea-6134-59b0-8f73-adf88291f300,smart,2026-04-01T09:00:00,False,0.00
dfe77841-572a-56d2-8605-0ede4be4ac9c,baseline,,False,0.00
dfe77841-572a-56d2-8605-0ede4be4ac9c,smart,,False,0.00
26c1fa64-f056-598e-b7c1-98ca7b2baf91,baseline,2026-01-31T15:11:16,True,3849.72
26c1fa64-f056-598e-b7c1-98ca7b2baf91,smart,2026-02-01T09:00:00,True,3849.72
a88cbdad-edcb-50fb-94b6-2538dfa0a630,baseline,2026-03-12T00:15:05,True,510.93
a88cbdad-edcb-50fb-94b6-2538dfa0a630,smart,2026-03-11T20:15:05,False,0.00
004f0060-e28e-504e-aa89-09c2551f59c1,baseline,2026-03-27T11:17:47,False,0.00
004f0060-e28e-504e-aa89-09c2551f59c1,smart,2026-04-01T09:00:00,False,0.00
d9668883-5e5b-5d66-a2a2-e272643a8945,baseline,,False,0.00
d9668883-5e5b-5d66-a2a2-e272643a8945,smart,,False,0.00
4624f452-8d1f-5e34-b639-74818ca20d48,baseline,,False,0.00
4624f452-8d1f-5e34-b639-74818ca20d48,smart,,False,0.00
43d2e7cb-92e2-5eda-afdd-3b7bba799793,baseline,2026-03-19T15:36:29,True,1696.83
43d2e7cb-92e2-5eda-afdd-3b7bba799793,smart,2026-03-19T11:36:29,True,1696.83
d9b687cd-871e-590c-9fa4-a88a9e071061,baseline,2026-03-23T15:08:46,False,0.00
d9b687cd-871e-590c-9fa4-a88a9e071061,smart,2026-03-23T11:08:46,False,0.00
14dcfcc8-aad3-575a-b10c-5e73d3bead33,baseline,2026-01-29T00:51:08,True,2165.81
14dcfcc8-aad3-575a-b10c-5e73d3bead33,smart,2026-02-01T09:00:00,False,0.00
1833554b-60aa-5712-91d0-de226b30c5b8,baseline,2026-03-02T01:22:43,True,2618.13
1833554b-60aa-5712-91d0-de226b30c5b8,smart,2026-04-01T09:00:00,False,0.00
21a44591-fcf5-52bf-9907-345b19c8729a,baseline,,False,0.00
21a44591-fcf5-52bf-9907-345b19c8729a,smart,,False,0.00
18d615dc-16f8-5db5-a25e-e79739ef501a,baseline,2026-03-30T07:02:57,False,0.00
18d615dc-16f8-5db5-a25e-e79739ef501a,smart,2026-04-01T09:00:00,True,1224.75
160043e1-de00-52a9-a119-d7a7e1e36cb0,baseline,2026-01-24T07:08:06,False,0.00
160043e1-de00-52a9-a119-d7a7e1e36cb0,smart,2026-01-24T07:08:06,False,0.00
947fd977-1a33-50df-af7b-43be9481d78b,baseline,2026-01-28T15:58:43,False,0.00
947fd977-1a33-50df-af7b-43be9481d78b,smart,2026-01-28T11:58:43,True,4572.54
e692c59d-fbd8-51b1-8b85-029da598f8a8,baseline,2026-02-07T06:36:25,False,0.00
e692c59d-fbd8-51b1-8b85-029da598f8a8,smart,2026-02-08T02:36:25,True,23578.73
2ef8c603-e513-5f42-a4d6-787b613c03a6,baseline,2026-03-23T16:50:18,False,0.00
2ef8c603-e513-5f42-a4d6-787b613c03a6,smart,2026-03-24T12:50:18,False,0.00
3c75da34-8b5a-5134-bd46-34230fd42d28,baseline,2026-02-02T01:02:57,True,496.33
3c75da34-8b5a-5134-bd46-34230fd42d28,smart,2026-02-01T21:02:57,True,496.33
4c64123b-8b5f-5cf0-80a3-98a9a7adc7c0,baseline,2026-02-26T08:36:47,True,1207.66
4c64123b-8b5f-5cf0-80a3-98a9a7adc7c0,smart,2026-03-01T09:00:00,True,1207.66
1427b239-d981-59f5-b453-d9553298a2eb,baseline,2026-03-26T12:24:18,False,0.00
1427b239-d981-59f5-b453-d9553298a2eb,smart,2026-04-01T09:00:00,True,2036.50
19ec3268-1d78-5551-a65b-2cceb14ce48f,baseline,2026-03-28T10:18:51,True,5237.90
19ec3268-1d78-5551-a65b-2cceb14ce48f,smart,2026-04-01T09:00:00,False,0.00
03ba5aab-939f-5316-bdd7-a18eda301f3c,baseline,2026-01-31T15:27:45,False,0.00
03ba5aab-939f-5316-bdd7-a18eda301f3c,smart,2026-02-01T09:00:00,True,2194.25
f7470687-d64c-52b3-bda6-b3d10272be85,baseline,,False,0.00
f7470687-d64c-52b3-bda6-b3d10272be85,smart,,False,0.00
e2d7fbfd-2489-5e6e-a2c6-8f0800c47601,baseline,2026-03-28T01:20:01,True,3415.17
e2d7fbfd-2489-5e6e-a2c6-8f0800c47601,smart,2026-04-01T09:00:00,True,3415.17
5b0e7359-75e7-584f-9e25-4b6f426b74d5,baseline,2026-03-30T17:38:01,False,0.00
5b0e7359-75e7-584f-9e25-4b6f426b74d5,smart,2026-04-01T09:00:00,True,2608.07
a4056590-6e9a-5962-8d80-7bcc4a7a1f56,baseline,2026-01-28T14:42:03,True,1490.29
a4056590-6e9a-5962-8d80-7bcc4a7a1f56,smart,2026-02-01T09:00:00,True,1490.29
be961d44-8487-55f5-b19b-9bbf43893213,baseline,,False,0.00
be961d44-8487-55f5-b19b-9bbf43893213,smart,,False,0.00
11de1193-e60f-5879-824d-21e5df5af7b2,baseline,2026-02-28T15:43:41,False,0.00
11de1193-e60f-5879-824d-21e5df5af7b2,smart,2026-03-01T09:00:00,False,0.00
b760ce8a-279c-5c79-9482-1110381f51c7,baseline,,False,0.00
b760ce8a-279c-5c79-9482-1110381f51c7,smart,,False,0.00
05cbfd4f-85ea-5875-b4ef-e8f74468164d,baseline,2026-01-28T00:13:56,True,1041.23
05cbfd4f-85ea-5875-b4ef-e8f74468164d,smart,2026-02-01T09:00:00,True,1041.23
de05cb50-0935-5775-a6fa-3d338d9e5dd3,baseline,2026-03-25T10:21:15,False,0.00
de05cb50-0935-5775-a6fa-3d338d9e5dd3,smart,2026-03-25T06:21:15,False,0.00
ab51940b-7ef4-5f58-90a2-391846391f2b,baseline,2026-03-27T17:39:39,True,2226.25
ab51940b-7ef4-5f58-90a2-391846391f2b,smart,2026-04-01T09:00:00,True,2226.25
25372f44-31c5-54e6-86e8-e553ea3983fc,baseline,,False,0.00
25372f44-31c5-54e6-86e8-e553ea3983fc,smart,,False,0.00
eba76aa4-62dc-5c6f-a305-ed1af66bdc8c,baseline,,False,0.00
eba76aa4-62dc-5c6f-a305-ed1af66bdc8c,smart,,False,0.00
75e9e000-a340-5cbc-a013-37b1a3a8f93f,baseline,2026-02-03T01:53:49,False,0.00
75e9e000-a340-5cbc-a013-37b1a3a8f93f,smart,2026-02-02T21:53:49,False,0.00
b91c72a3-75ef-5f8f-9539-c446cd32f17c,baseline,,False,0.00
b91c72a3-75ef-5f8f-9539-c446cd32f17c,smart,,False,0.00
c4c10119-ecca-5083-9314-8fd8cb5982c9,baseline,2026-02-27T09:05:03,False,0.00
c4c10119-ecca-5083-9314-8fd8cb5982c9,smart,2026-03-01T09:00:00,True,1820.67
58ad07c0-908d-5937-a67e-57b9decb9cfa,baseline,2026-01-16T16:44:01,True,4869.42
58ad07c0-908d-5937-a67e-57b9decb9cfa,smart,2026-01-16T12:44:01,False,0.00
83926174-745d-5e82-adc8-d55275d3918d,baseline,2026-02-04T17:19:31,True,26659.81
83926174-745d-5e82-adc8-d55275d3918d,smart,2026-02-05T13:19:31,True,26659.81
651a2318-6990-524c-b56f-d0b81ec03614,baseline,2026-02-04T17:51:52,False,0.00
651a2318-6990-524c-b56f-d0b81ec03614,smart,2026-02-04T13:51:52,True,2062.50
c606ed71-4249-51db-988b-78c70c799a00,baseline,2026-02-25T00:15:30,True,5126.52
c606ed71-4249-51db-988b-78c70c799a00,smart,2026-02-24T20:15:30,False,0.00
ddd8ab63-1bde-58fe-8080-fa5b9ec2d3d4,baseline,2026-01-13T18:46:49,False,0.00
ddd8ab63-1bde-58fe-8080-fa5b9ec2d3d4,smart,2026-01-14T14:46:49,False,0.00
7a3d85be-9363-51f0-ac89-c3cd3331e90f,baseline,2026-02-26T15:00:40,False,0.00
7a3d85be-9363-51f0-ac89-c3cd3331e90f,smart,2026-03-01T09:00:00,True,2290.21
465d7a91-ff34-59cc-b5f9-2a832bee3f9b,baseline,2026-02-26T16:37:25,False,0.00
465d7a91-ff34-59cc-b5f9-2a832bee3f9b,smart,2026-03-01T09:00:00,False,0.00
69dc6cfc-8ee4-508c-9d11-20d4fdfe971d,baseline,2026-03-28T01:03:11,False,0.00
69dc6cfc-8ee4-508c-9d11-20d4fdfe971d,smart,2026-04-01T09:00:00,True,1413.44
0305ffb3-aed5-5b9c-ba6c-a04aab837b6f,baseline,,False,0.00
0305ffb3-aed5-5b9c-ba6c-a04aab837b6f,smart,,False,0.00
b7dec031-b778-543c-8581-b8af188b0dd6,baseline,,False,0.00
b7dec031-b778-543c-8581-b8af188b0dd6,smart,,False,0.00
f2b5ee8f-daac-5d02-abd6-b99a92770b96,baseline,2026-01-28T15:32:52,False,0.00
f2b5ee8f-daac-5d02-abd6-b99a92770b96,smart,2026-01-28T11:32:52,False,0.00
b2a29a9a-8582-57b4-a4de-9a587ea85ce7,baseline,,False,0.00
b2a29a9a-8582-57b4-a4de-9a587ea85ce7,smart,,False,0.00
cc6c18d8-c33e-54ee-b8f5-a2be38e94c53,baseline,2026-01-09T00:39:18,False,0.00
cc6c18d8-c33e-54ee-b8f5-a2be38e94c53,smart,2026-01-08T20:39:18,True,2671.80
f5e3e8c9-f730-541c-b3f6-015694737279,baseline,2026-01-26T17:11:03,False,0.00
f5e3e8c9-f730-541c-b3f6-015694737279,smart,2026-02-01T09:00:00,True,5298.32
3bccd805-ac62-57f5-ab8f-4f4bfea8fbf6,baseline,2026-01-30T03:48:15,False,0.00
3bccd805-ac62-57f5-ab8f-4f4bfea8fbf6,smart,2026-02-01T09:00:00,True,3673.47
38641da2-57fc-5d6a-bd2d-a2a91a34125f,baseline,2026-03-06T01:40:38,True,2843.01
38641da2-57fc-5d6a-bd2d-a2a91a34125f,smart,2026-03-05T21:40:38,False,0.00
5d80723d-45b0-52c3-9e7f-50b5a6253c10,baseline,2026-01-03T19:01:13,True,26035.88
5d80723d-45b0-52c3-9e7f-50b5a6253c10,smart,2026-01-04T15:01:13,True,26035.88
93dce905-c16a-5cca-8ee0-46882711ea45,baseline,2026-02-24T06:30:43,False,0.00
93dce905-c16a-5cca-8ee0-46882711ea45,smart,2026-02-25T02:30:43,False,0.00
7ff9e606-6326-510a-8ed8-ff710a862a5f,baseline,2026-02-26T14:58:50,True,1067.97
7ff9e606-6326-510a-8ed8-ff710a862a5f,smart,2026-03-01T09:00:00,True,1067.97
a593e2c8-3bf0-54aa-9c19-16584838c5b6,baseline,,False,0.00
a593e2c8-3bf0-54aa-9c19-16584838c5b6,smart,,False,0.00
f3122091-0c34-5804-ba30-311ecbf3ec75,baseline,2026-01-11T15:56:44,False,0.00
f3122091-0c34-5804-ba30-311ecbf3ec75,smart,2026-01-12T11:56:44,False,0.00
bfb87be2-e9ee-52b6-9303-6745ff57114e,baseline,,False,0.00
bfb87be2-e9ee-52b6-9303-6745ff57114e,smart,,False,0.00
1d21fa09-e5a3-52c6-8bd2-0e5860e938ac,baseline,2026-02-26T23:38:06,False,0.00
1d21fa09-e5a3-52c6-8bd2-0e5860e938ac,smart,2026-03-01T09:00:00,False,0.00
ff563daa-1afd-57a2-b2a6-a5fcd4666d7e,baseline,,False,0.00
ff563daa-1afd-57a2-b2a6-a5fcd4666d7e,smart,,False,0.00
aa6e6024-b771-55a8-825e-cc998880a929,baseline,2026-01-04T04:51:59,True,379.39
aa6e6024-b771-55a8-825e-cc998880a929,smart,2026-01-04T09:00:00,True,379.39
6debc854-4f3e-521c-84af-cbc4128e3291,baseline,,False,0.00
6debc854-4f3e-521c-84af-cbc4128e3291,smart,,False,0.00
56e9aa31-c730-584c-b56e-74fbae8b271c,baseline,2026-01-30T17:15:50,False,0.00
56e9aa31-c730-584c-b56e-74fbae8b271c,smart,2026-02-01T09:00:00,True,768.29
5b17409a-04cd-5051-8b39-51592c9941ab,baseline,,False,0.00
5b17409a-04cd-5051-8b39-51592c9941ab,smart,,False,0.00
d4d0daa4-8a00-5492-b8d6-dbab5d2a1360,baseline,,False,0.00
d4d0daa4-8a00-5492-b8d6-dbab5d2a1360,smart,,False,0.00
e435a953-b2e0-59db-822a-f6891297487f,baseline,,False,0.00
e435a953-b2e0-59db-822a-f6891297487f,smart,,False,0.00
c2d0693a-a4a9-5f64-a6d9-06c194d32ee2,baseline,,False,0.00
c2d0693a-a4a9-5f64-a6d9-06c194d32ee2,smart,,False,0.00
ea80d32a-325e-52de-a223-513d9e3bf945,baseline,,False,0.00
ea80d32a-325e-52de-a223-513d9e3bf945,smart,,False,0.00
08433794-fd0c-5daf-be92-393bb7190413,baseline,,False,0.00
08433794-fd0c-5daf-be92-393bb7190413,smart,,False,0.00
c5c1b6cc-4d98-5f39-be35-483596615a4d,baseline,2026-02-20T15:53:15,False,0.00
c5c1b6cc-4d98-5f39-be35-483596615a4d,smart,2026-02-21T11:53:15,False,0.00
2f4d66fd-61ea-5886-84f0-c8677477d5ab,baseline,,False,0.00
2f4d66fd-61ea-5886-84f0-c8677477d5ab,smart,,False,0.00
eda18994-4baa-5f54-bd02-d61787142fda,baseline,2026-03-26T23:00:12,False,0.00
eda18994-4baa-5f54-bd02-d61787142fda,smart,2026-04-01T09:00:00,True,892.66
4fec4032-0476-57a8-b47b-858510729220,baseline,2026-01-22T15:05:28,True,7699.32
4fec4032-0476-57a8-b47b-858510729220,smart,2026-01-22T11:05:28,False,0.00
a2449d87-0566-51fd-aa74-356b37e1b1fa,baseline,2026-01-29T16:42:21,False,0.00
a2449d87-0566-51fd-aa74-356b37e1b1fa,smart,2026-02-01T09:00:00,False,0.00
1d6f2c26-f6e7-5b91-a946-6d3c5f710090,baseline,2026-01-29T23:19:00,True,1461.06
1d6f2c26-f6e7-5b91-a946-6d3c5f710090,smart,2026-02-01T09:00:00,True,1461.06
1fc42731-7128-568f-8a39-a7ccb9e30907,baseline,2026-01-30T00:19:55,False,0.00
1fc42731-7128-568f-8a39-a7ccb9e30907,smart,2026-02-01T09:00:00,True,5374.53
888cddc7-bd50-5a72-b4da-e330dd0d3e7a,baseline,2026-01-31T02:56:08,False,0.00
888cddc7-bd50-5a72-b4da-e330dd0d3e7a,smart,2026-02-01T09:00:00,True,4499.14
6ae54eb0-f7e7-506d-8de5-f058a1373793,baseline,,False,0.00
6ae54eb0-f7e7-506d-8de5-f058a1373793,smart,,False,0.00
97c8ffb6-f07e-5ba3-943b-e0f45a5c6caa,baseline,,False,0.00
97c8ffb6-f07e-5ba3-943b-e0f45a5c6caa,smart,,False,0.00
5c1fd3b5-7f68-5ea3-9e61-dccbd60dbc94,baseline,2026-03-29T11:09:34,True,205.73
5c1fd3b5-7f68-5ea3-9e61-dccbd60dbc94,smart,2026-04-01T09:00:00,True,205.73
2e37840e-f837-5743-b23c-864aa2ba37e0,baseline,,False,0.00
2e37840e-f837-5743-b23c-864aa2ba37e0,smart,,False,0.00
c28801f9-1ad7-5456-99ee-2e83fc605c16,baseline,2026-02-08T07:34:37,False,0.00
c28801f9-1ad7-5456-99ee-2e83fc605c16,smart,2026-02-08T07:34:37,False,0.00
74b35ee6-d739-520d-b19a-21692c958944,baseline,2026-02-17T17:42:39,True,22507.77
74b35ee6-d739-520d-b19a-21692c958944,smart,2026-02-18T13:42:39,False,0.00
971b34b0-0d2a-5974-9c9b-00365f20fca6,baseline,,False,0.00
971b34b0-0d2a-5974-9c9b-00365f20fca6,smart,,False,0.00
8ba60503-2ff0-51d0-8118-918559851bc0,baseline,2026-01-04T16:00:56,False,0.00
8ba60503-2ff0-51d0-8118-918559851bc0,smart,2026-02-01T09:00:00,False,0.00
3097ccad-b4b9-5196-bd47-d412532c0716,baseline,2026-01-18T08:02:16,True,1738.05
3097ccad-b4b9-5196-bd47-d412532c0716,smart,2026-01-18T08:02:16,True,1738.05
b97d998b-98a8-5603-8967-80a470fdefbd,baseline,2026-02-27T00:35:42,False,0.00
b97d998b-98a8-5603-8967-80a470fdefbd,smart,2026-03-01T09:00:00,False,0.00
db316435-8111-5c11-a7aa-42d2148f7c87,baseline,,False,0.00
db316435-8111-5c11-a7aa-42d2148f7c87,smart,,False,0.00
9c941e39-5d15-5766-ab67-518df9489a82,baseline,2026-01-06T00:12:55,False,0.00
9c941e39-5d15-5766-ab67-518df9489a82,smart,2026-01-06T20:12:55,False,0.00
e5d56abd-7209-5cc1-bca7-1e624ab97f6e,baseline,2026-01-26T23:34:37,False,0.00
e5d56abd-7209-5cc1-bca7-1e624ab97f6e,smart,2026-02-01T09:00:00,False,0.00
aa2544dc-d994-5ca7-8f0a-338bd4b36649,baseline,2026-01-31T20:24:31,False,0.00
aa2544dc-d994-5ca7-8f0a-338bd4b36649,smart,2026-02-01T09:00:00,False,0.00
a7b2a91d-b810-5fe7-8bd4-fd27088038b3,baseline,2026-03-08T20:22:34,True,3391.23
a7b2a91d-b810-5fe7-8bd4-fd27088038b3,smart,2026-03-08T20:22:34,True,3391.23
66cfa236-a687-5518-9bd3-8c44cfe0c3b3,baseline,,False,0.00
66cfa236-a687-5518-9bd3-8c44cfe0c3b3,smart,,False,0.00
94b1842c-e1e4-54af-bcab-a58ae4b13f24,baseline,2026-01-30T11:07:36,False,0.00
94b1842c-e1e4-54af-bcab-a58ae4b13f24,smart,2026-02-01T09:00:00,False,0.00
0373aa61-0463-5522-bdec-c51b19671123,baseline,2026-02-19T00:43:37,True,6541.69
0373aa61-0463-5522-bdec-c51b19671123,smart,2026-02-18T20:43:37,True,6541.69
5d59d76b-0236-5245-b2cd-5906845380b8,baseline,2026-03-28T23:01:26,False,0.00
5d59d76b-0236-5245-b2cd-5906845380b8,smart,2026-04-01T09:00:00,True,1603.75
d0a956a0-609e-52cb-8e4f-13aeaaad2a45,baseline,2026-01-19T23:01:57,True,2594.09
d0a956a0-609e-52cb-8e4f-13aeaaad2a45,smart,2026-01-19T19:01:57,False,0.00
a2a3ea78-57c3-5f86-b0ae-35c90e09c0b8,baseline,,False,0.00
a2a3ea78-57c3-5f86-b0ae-35c90e09c0b8,smart,,False,0.00
a62a56fc-c1af-5422-9c8a-b1687eecbcc7,baseline,2026-01-28T15:36:37,True,1622.68
a62a56fc-c1af-5422-9c8a-b1687eecbcc7,smart,2026-02-01T09:00:00,True,1622.68
b79b443f-6f8b-573a-a67f-00eed72d43e8,baseline,,False,0.00
b79b443f-6f8b-573a-a67f-00eed72d43e8,smart,,False,0.00
ff8f1cbc-e49a-53cf-97e4-a1d1f45daf3f,baseline,2026-01-26T17:36:19,False,0.00
ff8f1cbc-e49a-53cf-97e4-a1d1f45daf3f,smart,2026-01-26T13:36:19,False,0.00
a7285a10-6bb5-5428-9e86-f39eb2ee6bbf,baseline,2026-01-27T17:09:51,False,0.00
a7285a10-6bb5-5428-9e86-f39eb2ee6bbf,smart,2026-02-01T09:00:00,True,1931.82
875cdcdf-0a53-58c2-b5c6-983e947d1105,baseline,2026-01-31T04:19:30,False,0.00
875cdcdf-0a53-58c2-b5c6-983e947d1105,smart,2026-02-01T09:00:00,True,8457.47
acc6cc97-a548-5120-8a6a-842b562e4b66,baseline,2026-03-31T23:38:19,False,0.00
acc6cc97-a548-5120-8a6a-842b562e4b66,smart,2026-04-01T09:00:00,False,0.00
42fe03e4-b1ed-513f-95ea-de65b97f2765,baseline,,False,0.00
42fe03e4-b1ed-513f-95ea-de65b97f2765,smart,,False,0.00
232dae5b-9ef5-5d0a-9c0f-c71166ba618d,baseline,2026-03-27T16:28:23,False,0.00
232dae5b-9ef5-5d0a-9c0f-c71166ba618d,smart,2026-03-27T12:28:23,True,3804.98
d2f89c95-6daf-5ee4-83b7-b14bdc44d201,baseline,2026-03-28T02:21:06,True,32288.62
d2f89c95-6daf-5ee4-83b7-b14bdc44d201,smart,2026-03-28T22:21:06,False,0.00
53d722b3-edc5-5ca5-97a6-3f348c5f97c4,baseline,2026-03-29T17:41:49,False,0.00
53d722b3-edc5-5ca5-97a6-3f348c5f97c4,smart,2026-04-01T09:00:00,False,0.00
fbab10bf-557e-5b17-8f27-0f199b119860,baseline,2026-01-26T06:21:05,False,0.00
fbab10bf-557e-5b17-8f27-0f199b119860,smart,2026-02-01T09:00:00,True,1831.42
9495400e-46a5-5b84-9176-dda2ef209915,baseline,,False,0.00
9495400e-46a5-5b84-9176-dda2ef209915,smart,,False,0.00
2629516d-fe29-518c-bf96-e8704155cfa5,baseline,,False,0.00
2629516d-fe29-518c-bf96-e8704155cfa5,smart,,False,0.00
c2e75b37-8417-549f-a89d-4b665c243e93,baseline,2026-03-31T17:13:27,True,634.21
c2e75b37-8417-549f-a89d-4b665c243e93,smart,2026-04-01T09:00:00,True,634.21
fae2e6ab-de7e-5b33-9bb2-59f914c55160,baseline,2026-01-02T18:53:50,True,1547.75
fae2e6ab-de7e-5b33-9bb2-59f914c55160,smart,2026-02-01T09:00:00,True,1547.75
cf99612f-8ac9-56eb-8d2a-05868d382567,baseline,2026-03-03T16:10:53,True,1715.40
cf99612f-8ac9-56eb-8d2a-05868d382567,smart,2026-03-03T12:10:53,True,1715.40
952734c9-ce05-5db9-9e87-dec775eba744,baseline,2026-03-20T17:17:46,False,0.00
952734c9-ce05-5db9-9e87-dec775eba744,smart,2026-03-20T13:17:46,False,0.00
ef7b99d7-574d-5baf-8475-84050b2ca0f2,baseline,2026-03-29T00:17:11,False,0.00
ef7b99d7-574d-5baf-8475-84050b2ca0f2,smart,2026-04-01T09:00:00,True,627.41
dc898131-0dd2-5790-8739-956251195e9c,baseline,,False,0.00
dc898131-0dd2-5790-8739-956251195e9c,smart,,False,0.00
26b940a4-6de3-531b-9918-2b4b49a617d3,baseline,2026-01-30T14:37:05,False,0.00
26b940a4-6de3-531b-9918-2b4b49a617d3,smart,2026-02-01T09:00:00,True,1505.99
4839fb9e-ecfc-5af7-822f-4a4632252184,baseline,,False,0.00
4839fb9e-ecfc-5af7-822f-4a4632252184,smart,,False,0.00
a97615d7-ddb2-5d3f-bac7-5b164f96e305,baseline,,False,0.00
a97615d7-ddb2-5d3f-bac7-5b164f96e305,smart,,False,0.00
416a9cc4-7c45-51a0-a6a1-5b5ffd7b3e5c,baseline,,False,0.00
416a9cc4-7c45-51a0-a6a1-5b5ffd7b3e5c,smart,,False,0.00
72be65fb-a4c9-57a7-881c-570be6a2a44d,baseline,2026-02-24T07:51:24,False,0.00
72be65fb-a4c9-57a7-881c-570be6a2a44d,smart,2026-02-24T07:51:24,False,0.00
3977881c-c83d-522e-9677-4943212482bf,baseline,,False,0.00
3977881c-c83d-522e-9677-4943212482bf,smart,,False,0.00
f8bb067a-fee7-5083-8851-a478b75c16d3,baseline,,False,0.00
f8bb067a-fee7-5083-8851-a478b75c16d3,smart,,False,0.00
be996f1e-abeb-5067-b4ef-5fd232ca6f16,baseline,2026-01-24T07:41:56,True,6706.23
be996f1e-abeb-5067-b4ef-5fd232ca6f16,smart,2026-01-24T07:41:56,True,6706.23
bac75db1-a29f-528d-8ef8-ccb974ecf8cd,baseline,,False,0.00
bac75db1-a29f-528d-8ef8-ccb974ecf8cd,smart,,False,0.00
260a2930-7633-5517-8dd4-f03b31e8fcae,baseline,2026-01-30T00:23:59,True,711.86
260a2930-7633-5517-8dd4-f03b31e8fcae,smart,2026-02-01T09:00:00,True,711.86
7fc03d8c-a0a5-5177-8eb1-eb1ceae756fc,baseline,2026-03-26T20:14:56,True,2926.67
7fc03d8c-a0a5-5177-8eb1-eb1ceae756fc,smart,2026-04-01T09:00:00,True,2926.67
793ef1b2-4359-522e-b81f-a901bba2123d,baseline,2026-01-01T23:55:07,False,0.00
793ef1b2-4359-522e-b81f-a901bba2123d,smart,2026-02-01T09:00:00,False,0.00
757385f8-9fb7-5b00-8fba-3c5f4d186817,baseline,2026-01-03T23:35:09,False,0.00
757385f8-9fb7-5b00-8fba-3c5f4d186817,smart,2026-01-03T19:35:09,False,0.00
512c56f2-0bf1-5f24-8e33-2bdced9bb8b5,baseline,2026-02-27T22:13:28,False,0.00
512c56f2-0bf1-5f24-8e33-2bdced9bb8b5,smart,2026-03-01T09:00:00,True,574.09
ce9e65b6-d175-57c8-ab5f-5a9abb961036,baseline,2026-03-18T08:26:06,False,0.00
ce9e65b6-d175-57c8-ab5f-5a9abb961036,smart,2026-03-18T08:26:06,False,0.00
46688e85-01dd-5687-b646-d1855d54b823,baseline,,False,0.00
46688e85-01dd-5687-b646-d1855d54b823,smart,,False,0.00
e2cabbc1-491c-54ec-b81a-87eccf5401a1,baseline,2026-03-07T23:18:23,True,2036.46
e2cabbc1-491c-54ec-b81a-87eccf5401a1,smart,2026-03-07T19:18:23,False,0.00
ef0d0d93-6beb-593c-a639-e225fc903db4,baseline,2026-03-09T23:54:55,True,2634.37
ef0d0d93-6beb-593c-a639-e225fc903db4,smart,2026-03-09T19:54:55,True,2634.37
832eb28e-5ea5-51ed-a13f-baf013ba7af3,baseline,,False,0.00
832eb28e-5ea5-51ed-a13f-baf013ba7af3,smart,,False,0.00
b4c8deff-b54a-5e40-a7ea-a2403acad4a0,baseline,,False,0.00
b4c8deff-b54a-5e40-a7ea-a2403acad4a0,smart,,False,0.00
fe0a63e6-6485-552d-837c-ba67ed49a911,baseline,2026-02-16T15:31:52,False,0.00
fe0a63e6-6485-552d-837c-ba67ed49a911,smart,2026-02-16T11:31:52,False,0.00
aa91fde9-cb39-5e81-972e-f5dd5b0d5202,baseline,2026-02-28T08:18:36,False,0.00
aa91fde9-cb39-5e81-972e-f5dd5b0d5202,smart,2026-03-01T09:00:00,True,3439.65
df3fb6d7-f2f7-55ee-bc70-8597f9ffee22,baseline,,False,0.00
df3fb6d7-f2f7-55ee-bc70-8597f9ffee22,smart,,False,0.00
965ec73a-4eb8-58e9-ad14-b4f5a599f8e9,baseline,2026-01-30T20:16:26,False,0.00
965ec73a-4eb8-58e9-ad14-b4f5a599f8e9,smart,2026-02-01T09:00:00,True,1073.94
aa6818f6-a93a-503d-8b74-c7ec8f959d01,baseline,,False,0.00
aa6818f6-a93a-503d-8b74-c7ec8f959d01,smart,,False,0.00
b551415c-777c-58f0-b7d7-44f7e0dcc38b,baseline,,False,0.00
b551415c-777c-58f0-b7d7-44f7e0dcc38b,smart,,False,0.00
6943c9cd-8023-57f1-b371-b1bc670c31db,baseline,2026-03-01T17:23:44,True,3126.66
6943c9cd-8023-57f1-b371-b1bc670c31db,smart,2026-03-01T13:23:44,True,3126.66
a02d3ffe-77be-5e7e-8d03-765dcf73e065,baseline,2026-01-03T15:14:51,False,0.00
a02d3ffe-77be-5e7e-8d03-765dcf73e065,smart,2026-01-03T11:14:51,True,740.40
5d23c13e-edab-5791-bddf-efe7d73d8430,baseline,,False,0.00
5d23c13e-edab-5791-bddf-efe7d73d8430,smart,,False,0.00
3ed7924f-3dab-55eb-b785-de32871b657e,baseline,2026-02-02T08:49:51,True,964.59
3ed7924f-3dab-55eb-b785-de32871b657e,smart,2026-02-02T08:49:51,True,964.59
230b8ba5-3327-5d66-8b23-00da52ba413f,baseline,2026-03-28T23:13:29,False,0.00
230b8ba5-3327-5d66-8b23-00da52ba413f,smart,2026-04-01T09:00:00,True,895.01
17f498a1-1e1f-5b16-aed1-58575495ddf8,baseline,2026-01-17T17:57:49,False,0.00
17f498a1-1e1f-5b16-aed1-58575495ddf8,smart,2026-01-17T13:57:49,False,0.00
836a156a-d9ff-5a2d-90d5-d62bf28087f6,baseline,,False,0.00
836a156a-d9ff-5a2d-90d5-d62bf28087f6,smart,,False,0.00
12c5ecf8-f3bd-5903-90c8-93bf304d1f5a,baseline,,False,0.00
12c5ecf8-f3bd-5903-90c8-93bf304d1f5a,smart,,False,0.00
e6e352f7-759d-51e3-9ac8-29e3fbec899b,baseline,2026-03-05T00:33:34,True,1255.04
e6e352f7-759d-51e3-9ac8-29e3fbec899b,smart,2026-04-01T09:00:00,True,1255.04
d4508d92-a358-5245-8dc5-5ff7b26f03aa,baseline,2026-01-18T07:41:39,True,4283.17
d4508d92-a358-5245-8dc5-5ff7b26f03aa,smart,2026-01-18T07:41:39,True,4283.17
2afca509-d0ff-5d52-955d-d7c588b4e1d6,baseline,,False,0.00
2afca509-d0ff-5d52-955d-d7c588b4e1d6,smart,,False,0.00
b7710d5c-1c40-5741-8431-5f1e6a0f9af5,baseline,2026-02-27T23:58:38,False,0.00
b7710d5c-1c40-5741-8431-5f1e6a0f9af5,smart,2026-03-01T09:00:00,False,0.00
42083170-2271-5bff-959e-c042c68a5e33,baseline,2026-03-08T08:26:05,True,2317.59
42083170-2271-5bff-959e-c042c68a5e33,smart,2026-03-08T08:26:05,True,2317.59
b7a0fd88-9eff-50a5-ace8-28bf454a9a9d,baseline,2026-01-02T23:16:10,True,1020.12
b7a0fd88-9eff-50a5-ace8-28bf454a9a9d,smart,2026-01-02T19:16:10,False,0.00
ed8edf93-17e7-5516-a650-d8b8c1820ccd,baseline,,False,0.00
ed8edf93-17e7-5516-a650-d8b8c1820ccd,smart,,False,0.00
d29f403f-de7a-5e4a-b94c-c16c7552c9d9,baseline,2026-03-02T21:20:50,False,0.00
d29f403f-de7a-5e4a-b94c-c16c7552c9d9,smart,2026-04-01T09:00:00,True,1645.65
e84e5632-fb71-541b-9477-89acc25e7714,baseline,2026-03-28T01:17:15,True,5134.02
e84e5632-fb71-541b-9477-89acc25e7714,smart,2026-04-01T09:00:00,False,0.00
66f00fc3-050c-509e-82c0-44c649f203bd,baseline,,False,0.00
66f00fc3-050c-509e-82c0-44c649f203bd,smart,,False,0.00
32160e12-5cad-5296-b51f-5d2a198404f3,baseline,2026-01-29T15:32:13,False,0.00
32160e12-5cad-5296-b51f-5d2a198404f3,smart,2026-02-01T09:00:00,True,1641.24
c958f365-3a44-5892-9a8f-c9b2de049121,baseline,,False,0.00
c958f365-3a44-5892-9a8f-c9b2de049121,smart,,False,0.00
e6425583-cf4f-5572-abab-4d846725a091,baseline,2026-03-18T08:09:49,True,634.22
e6425583-cf4f-5572-abab-4d846725a091,smart,2026-03-18T08:09:49,True,634.22
be3d20a6-bc99-54ab-b40d-a3b055da323f,baseline,,False,0.00
be3d20a6-bc99-54ab-b40d-a3b055da323f,smart,,False,0.00
a607d3aa-d847-5e2c-a780-6d18d703ee93,baseline,2026-01-24T07:19:49,False,0.00
a607d3aa-d847-5e2c-a780-6d18d703ee93,smart,2026-01-24T07:19:49,False,0.00
2a95c406-8af4-512b-8bc0-5caa1c5c9162,baseline,2026-01-24T08:29:45,True,944.69
2a95c406-8af4-512b-8bc0-5caa1c5c9162,smart,2026-01-24T08:29:45,True,944.69
0b51f537-62ea-5db8-a655-093e6dea36a4,baseline,,False,0.00
0b51f537-62ea-5db8-a655-093e6dea36a4,smart,,False,0.00
7676550a-0606-5d57-9bab-b7fe799ed10f,baseline,2026-01-05T15:07:03,False,0.00
7676550a-0606-5d57-9bab-b7fe799ed10f,smart,2026-01-06T11:07:03,True,17356.81
b881eaae-f795-5a09-aed7-f416f57c2f18,baseline,,False,0.00
b881eaae-f795-5a09-aed7-f416f57c2f18,smart,,False,0.00
c228e26c-d417-59d2-8c00-b8711ff77502,baseline,2026-03-21T15:16:20,False,0.00
c228e26c-d417-59d2-8c00-b8711ff77502,smart,2026-03-21T11:16:20,False,0.00
f317abc8-0eb4-5d75-99e7-523fec3ada9f,baseline,2026-03-28T07:19:56,True,6816.38
f317abc8-0eb4-5d75-99e7-523fec3ada9f,smart,2026-04-01T09:00:00,True,6816.38
6087f594-8178-57ed-9c4e-692036e9b58c,baseline,2026-03-14T17:28:33,False,0.00
6087f594-8178-57ed-9c4e-692036e9b58c,smart,2026-03-14T13:28:33,False,0.00
69cff442-d267-57b5-9967-03004aeec083,baseline,2026-03-17T16:41:41,False,0.00
69cff442-d267-57b5-9967-03004aeec083,smart,2026-03-18T12:41:41,True,13918.52
1988a833-d3b1-5dba-b8bd-d2d934b2a9f1,baseline,2026-03-31T00:43:41,False,0.00
1988a833-d3b1-5dba-b8bd-d2d934b2a9f1,smart,2026-04-01T09:00:00,False,0.00
328b50f2-3e31-56eb-aee9-2e6ec5720510,baseline,,False,0.00
328b50f2-3e31-56eb-aee9-2e6ec5720510,smart,,False,0.00
f79dba42-2ffe-513f-aa94-0ebbd42607ab,baseline,2026-01-24T17:29:50,True,2797.95
f79dba42-2ffe-513f-aa94-0ebbd42607ab,smart,2026-01-24T13:29:50,False,0.00
e80fdc23-ffb7-5ff2-8b88-ce29f9ad7adb,baseline,2026-02-27T10:41:18,False,0.00
e80fdc23-ffb7-5ff2-8b88-ce29f9ad7adb,smart,2026-03-01T09:00:00,True,5956.68
bf409e28-fd52-5ddd-a3b0-23a13cbf118a,baseline,,False,0.00
bf409e28-fd52-5ddd-a3b0-23a13cbf118a,smart,,False,0.00
c32dfd35-dc87-5ce2-954a-bd9418ae55e9,baseline,2026-02-13T17:09:37,True,3667.38
c32dfd35-dc87-5ce2-954a-bd9418ae55e9,smart,2026-02-13T13:09:37,False,0.00
f0972d26-1cb8-5670-b62f-6506e4609a8b,baseline,2026-02-17T20:53:49,False,0.00
f0972d26-1cb8-5670-b62f-6506e4609a8b,smart,2026-02-17T16:53:49,False,0.00
c63f1e89-2aea-5118-b88b-9d114d7fa854,baseline,2026-01-12T15:25:42,True,559.16
c63f1e89-2aea-5118-b88b-9d114d7fa854,smart,2026-01-12T11:25:42,False,0.00
6c3c08d7-9f32-5569-98bc-6ba4676996d6,baseline,2026-02-26T15:59:55,False,0.00
6c3c08d7-9f32-5569-98bc-6ba4676996d6,smart,2026-03-01T09:00:00,False,0.00
6c041578-b529-502a-93a2-c4c4795b7649,baseline,2026-03-26T15:47:49,True,691.38
6c041578-b529-502a-93a2-c4c4795b7649,smart,2026-04-01T09:00:00,True,691.38
42d83382-2fda-5a43-81ba-e96128bf5f75,baseline,2026-03-30T09:59:20,False,0.00
42d83382-2fda-5a43-81ba-e96128bf5f75,smart,2026-04-01T09:00:00,False,0.00
6d31e5f4-7504-5cce-9e46-e0f340c072ce,baseline,2026-03-30T12:44:30,False,0.00
6d31e5f4-7504-5cce-9e46-e0f340c072ce,smart,2026-04-01T09:00:00,True,2430.05
5b578eae-372a-5210-9acd-43e2d8059cf3,baseline,2026-04-01T01:19:45,True,1432.76
5b578eae-372a-5210-9acd-43e2d8059cf3,smart,2026-04-01T09:00:00,False,0.00
3372c90f-500a-5189-b3d9-fe50bc5c5a1c,baseline,2026-01-28T15:04:19,False,0.00
3372c90f-500a-5189-b3d9-fe50bc5c5a1c,smart,2026-02-01T09:00:00,False,0.00
7c5ec9a6-863a-50e3-88d0-32aaa22b2137,baseline,2026-02-11T14:52:31,False,0.00
7c5ec9a6-863a-50e3-88d0-32aaa22b2137,smart,2026-02-11T10:52:31,False,0.00
6da8c622-0cef-5e9c-af7d-ce1f80e74f97,baseline,,False,0.00
6da8c622-0cef-5e9c-af7d-ce1f80e74f97,smart,,False,0.00
0705784c-45d6-5a71-ae02-d13c3d788085,baseline,2026-02-24T07:21:55,False,0.00
0705784c-45d6-5a71-ae02-d13c3d788085,smart,2026-02-24T07:21:55,False,0.00
3ccbbc6f-90ff-5d50-8ea1-d893cad08795,baseline,2026-02-27T16:11:23,False,0.00
3ccbbc6f-90ff-5d50-8ea1-d893cad08795,smart,2026-03-01T09:00:00,True,997.08
192895d5-6b37-55f4-b05b-c99eecf76df5,baseline,2026-03-29T06:04:28,True,3835.79
192895d5-6b37-55f4-b05b-c99eecf76df5,smart,2026-04-01T09:00:00,True,3835.79
2568ff9e-fdf3-5cb4-a475-3f19806af9b5,baseline,2026-01-03T16:52:13,True,1225.98
2568ff9e-fdf3-5cb4-a475-3f19806af9b5,smart,2026-01-03T12:52:13,False,0.00
6d2d1dd2-e7d3-506a-9d80-7713561790df,baseline,2026-01-30T17:11:30,False,0.00
6d2d1dd2-e7d3-506a-9d80-7713561790df,smart,2026-02-01T09:00:00,True,2452.51
6808e527-f34f-53fe-8d83-5b2452f11901,baseline,2026-03-04T01:15:06,False,0.00
6808e527-f34f-53fe-8d83-5b2452f11901,smart,2026-03-04T21:15:06,False,0.00
4881b113-04c9-5d3e-b55b-998654446d56,baseline,2026-01-30T23:31:32,True,933.12
4881b113-04c9-5d3e-b55b-998654446d56,smart,2026-01-30T19:31:32,False,0.00
2e7018db-9327-5966-aa4c-4a2a9be5802b,baseline,2026-02-21T16:53:39,False,0.00
2e7018db-9327-5966-aa4c-4a2a9be5802b,smart,2026-02-21T12:53:39,True,576.46
d55a1094-5425-5af8-a3e1-f9b1f1968cc0,baseline,,False,0.00
d55a1094-5425-5af8-a3e1-f9b1f1968cc0,smart,,False,0.00
bae6dccf-9aaf-5d86-9406-6f2ff390a9b9,baseline,2026-02-12T01:28:01,True,3968.62
bae6dccf-9aaf-5d86-9406-6f2ff390a9b9,smart,2026-02-11T21:28:01,False,0.00
c0ab058a-0439-5998-9ee1-7e624317a9c5,baseline,2026-03-18T08:33:01,False,0.00
c0ab058a-0439-5998-9ee1-7e624317a9c5,smart,2026-03-18T08:33:01,False,0.00
09a2e623-b249-52e4-bc00-7ea22bf289e0,baseline,2026-03-18T09:53:13,False,0.00
09a2e623-b249-52e4-bc00-7ea22bf289e0,smart,2026-03-18T05:53:13,False,0.00
222b1d3b-22e2-5e3d-af34-043638a902f9,baseline,2026-01-01T23:36:40,True,23802.72
222b1d3b-22e2-5e3d-af34-043638a902f9,smart,2026-01-02T19:36:40,True,23802.72
9e27626b-dbd4-56e8-afec-982a28108f93,baseline,,False,0.00
9e27626b-dbd4-56e8-afec-982a28108f93,smart,,False,0.00
3a5cf775-526f-5ae2-8fbf-bd6024b60c6f,baseline,2026-03-17T01:33:20,True,2592.09
3a5cf775-526f-5ae2-8fbf-bd6024b60c6f,smart,2026-03-16T21:33:20,True,2592.09
7504c383-4ff6-5791-a73b-0e3946829068,baseline,2026-01-10T00:46:24,False,0.00
7504c383-4ff6-5791-a73b-0e3946829068,smart,2026-01-10T20:46:24,True,23761.75
dc633c06-8078-5ba9-aa6d-c6e8c90f180e,baseline,2026-02-27T01:12:28,False,0.00
dc633c06-8078-5ba9-aa6d-c6e8c90f180e,smart,2026-03-01T09:00:00,True,1896.82
409b24af-a3d9-54c8-82ed-f103316841cb,baseline,2026-03-09T01:00:44,False,0.00
409b24af-a3d9-54c8-82ed-f103316841cb,smart,2026-03-09T21:00:44,False,0.00
864a94dd-d0ac-5e7c-bb24-dc4410ee3277,baseline,2026-01-26T09:01:25,True,2290.43
864a94dd-d0ac-5e7c-bb24-dc4410ee3277,smart,2026-02-01T09:00:00,True,2290.43
c05224fe-989c-59d6-8f0f-0ea93359cf1a,baseline,2026-01-27T23:57:44,False,0.00
c05224fe-989c-59d6-8f0f-0ea93359cf1a,smart,2026-02-01T09:00:00,True,5190.41
a0731ad8-3688-5d06-aedb-cd0c478679c3,baseline,2026-03-24T00:42:12,True,27077.42
a0731ad8-3688-5d06-aedb-cd0c478679c3,smart,2026-03-24T20:42:12,True,27077.42
0005289b-754f-5d43-ba4e-b519d51a4962,baseline,2026-02-26T16:30:02,True,4565.37
0005289b-754f-5d43-ba4e-b519d51a4962,smart,2026-03-01T09:00:00,True,4565.37
ffdb1043-7154-52de-b4bd-4b17665e5314,baseline,2026-02-26T22:21:07,False,0.00
ffdb1043-7154-52de-b4bd-4b17665e5314,smart,2026-03-01T09:00:00,True,3025.93
15139b97-842c-5da2-9855-1c3adb129ead,baseline,,False,0.00
15139b97-842c-5da2-9855-1c3adb129ead,smart,,False,0.00
1fe2d6d3-b641-58fd-8320-61fb19e268cb,baseline,,False,0.00
1fe2d6d3-b641-58fd-8320-61fb19e268cb,smart,,False,0.00
0d0f4bb3-1b3b-5356-8615-f229fcde40ba,baseline,2026-03-09T00:04:32,True,1185.04
0d0f4bb3-1b3b-5356-8615-f229fcde40ba,smart,2026-03-08T20:04:32,False,0.00
04a2c574-17c2-56a6-a2a8-00687af7f9ab,baseline,2026-03-30T17:16:47,True,1909.89
04a2c574-17c2-56a6-a2a8-00687af7f9ab,smart,2026-04-01T09:00:00,True,1909.89
888fecd0-6760-5705-8cad-d2a935796c62,baseline,,False,0.00
888fecd0-6760-5705-8cad-d2a935796c62,smart,,False,0.00
f4abdf1f-6794-5fda-85bc-1d410d098f15,baseline,2026-02-27T23:34:43,False,0.00
f4abdf1f-6794-5fda-85bc-1d410d098f15,smart,2026-03-01T09:00:00,False,0.00
597babea-1b15-565f-bdf5-bcfac3a79657,baseline,2026-02-28T15:31:43,False,0.00
597babea-1b15-565f-bdf5-bcfac3a79657,smart,2026-03-01T09:00:00,True,11147.09
2663b5f6-2207-5842-a729-9baf45c2c020,baseline,,False,0.00
2663b5f6-2207-5842-a729-9baf45c2c020,smart,,False,0.00
e9c63bf8-a99e-596c-b905-1b6d2b195c04,baseline,,False,0.00
e9c63bf8-a99e-596c-b905-1b6d2b195c04,smart,,False,0.00
35ad253d-2f78-597a-ac78-d6eed4f4b47f,baseline,,False,0.00
35ad253d-2f78-597a-ac78-d6eed4f4b47f,smart,,False,0.00
c66b3dee-2e27-5a1b-9623-f782f0d81184,baseline,2026-01-08T07:39:38,True,1518.95
c66b3dee-2e27-5a1b-9623-f782f0d81184,smart,2026-01-08T07:39:38,True,1518.95
32d19476-b65d-524a-99a9-8ff9c3a79ef9,baseline,2026-03-18T07:57:38,False,0.00
32d19476-b65d-524a-99a9-8ff9c3a79ef9,smart,2026-03-18T07:57:38,False,0.00
1442793d-c471-5c50-98a7-4cd2243cfb19,baseline,2026-04-01T02:36:27,False,0.00
1442793d-c471-5c50-98a7-4cd2243cfb19,smart,2026-04-01T09:00:00,True,432.05
20de9bd8-51dc-5735-8329-973e79ffa1fe,baseline,,False,0.00
20de9bd8-51dc-5735-8329-973e79ffa1fe,smart,,False,0.00
612a8f66-39ba-583c-ad46-ae99c1e3d742,baseline,2026-02-26T23:37:30,False,0.00
612a8f66-39ba-583c-ad46-ae99c1e3d742,smart,2026-03-01T09:00:00,True,1357.80
53d51f33-15e0-5495-be55-4ed4b3233a5e,baseline,2026-03-24T08:43:37,True,3151.78
53d51f33-15e0-5495-be55-4ed4b3233a5e,smart,2026-03-24T08:43:37,True,3151.78
7ccf0379-8076-5b11-961e-79637c80caae,baseline,2026-01-29T23:05:11,False,0.00
7ccf0379-8076-5b11-961e-79637c80caae,smart,2026-01-29T19:05:11,False,0.00
bf1033b4-004d-5914-b7f9-91ef72a5cff8,baseline,2026-01-30T23:02:41,True,2103.58
bf1033b4-004d-5914-b7f9-91ef72a5cff8,smart,2026-02-01T09:00:00,True,2103.58
75016d94-80a7-5f15-8c35-8e361bfe24ac,baseline,2026-02-27T00:09:00,False,0.00
75016d94-80a7-5f15-8c35-8e361bfe24ac,smart,2026-03-01T09:00:00,False,0.00
afb5b851-37da-5948-8629-4678f7fd425f,baseline,2026-02-04T23:07:23,True,2449.93
afb5b851-37da-5948-8629-4678f7fd425f,smart,2026-03-01T09:00:00,True,2449.93
286e2fa4-9a38-5a3f-b901-9e1d1da811b9,baseline,2026-03-01T01:28:10,True,1065.77
286e2fa4-9a38-5a3f-b901-9e1d1da811b9,smart,2026-03-01T09:00:00,True,1065.77
ef30396c-c369-5c50-acc8-bdd508c88783,baseline,2026-03-08T07:14:33,False,0.00
ef30396c-c369-5c50-acc8-bdd508c88783,smart,2026-03-08T07:14:33,False,0.00
bf1f9f0f-67fc-5d68-90b4-6268127775f6,baseline,,False,0.00
bf1f9f0f-67fc-5d68-90b4-6268127775f6,smart,,False,0.00
f05905cb-bbd1-5181-9701-b0a4d7a544d4,baseline,,False,0.00
f05905cb-bbd1-5181-9701-b0a4d7a544d4,smart,,False,0.00
eba90536-5620-535e-a51e-f617ff33e579,baseline,,False,0.00
eba90536-5620-535e-a51e-f617ff33e579,smart,,False,0.00
f7f8606f-2390-5140-b6a1-1844bd0595c6,baseline,2026-01-27T15:19:32,True,2072.52
f7f8606f-2390-5140-b6a1-1844bd0595c6,smart,2026-02-01T09:00:00,True,2072.52
52454327-5850-5229-b4b5-53d869ead4c5,baseline,2026-02-27T16:22:57,True,8040.89
52454327-5850-5229-b4b5-53d869ead4c5,smart,2026-03-01T09:00:00,True,8040.89
2a3c91a4-6869-5a24-a5cd-acc458a6987f,baseline,2026-03-24T08:52:14,True,1295.14
2a3c91a4-6869-5a24-a5cd-acc458a6987f,smart,2026-03-24T08:52:14,True,1295.14
75e8a713-977c-52c1-a658-a784bbdb0ff9,baseline,2026-01-27T21:43:45,False,0.00
75e8a713-977c-52c1-a658-a784bbdb0ff9,smart,2026-02-01T09:00:00,True,2756.97
279cec61-ce4e-5e5a-9d70-06be803213c0,baseline,2026-01-30T12:18:32,False,0.00
279cec61-ce4e-5e5a-9d70-06be803213c0,smart,2026-02-01T09:00:00,True,2381.93
0974c447-a50d-5483-81fe-5dbece1e65dc,baseline,2026-02-16T01:40:58,True,3766.68
0974c447-a50d-5483-81fe-5dbece1e65dc,smart,2026-02-15T21:40:58,True,3766.68
69bdd2da-50c2-5718-baf6-817f22dfb6a3,baseline,,False,0.00
69bdd2da-50c2-5718-baf6-817f22dfb6a3,smart,,False,0.00
7c0e3a2d-8dfc-54c7-88f2-f9712c5e1c42,baseline,2026-02-28T23:56:46,False,0.00
7c0e3a2d-8dfc-54c7-88f2-f9712c5e1c42,smart,2026-03-01T09:00:00,True,2027.28
40d48b7a-06d8-5fa6-ad5e-b1e899eb4829,baseline,,False,0.00
40d48b7a-06d8-5fa6-ad5e-b1e899eb4829,smart,,False,0.00
a5550014-8a64-539d-8703-af9af537d7f9,baseline,2026-01-26T13:17:03,False,0.00
a5550014-8a64-539d-8703-af9af537d7f9,smart,2026-02-01T09:00:00,True,1703.33
fbfe7d6b-eadc-56c1-8373-008898e49ebf,baseline,2026-02-05T23:17:24,False,0.00
fbfe7d6b-eadc-56c1-8373-008898e49ebf,smart,2026-02-05T19:17:24,True,1005.44
664491a1-d868-5a0d-9a96-e148272e37d2,baseline,2026-02-12T15:44:44,False,0.00
664491a1-d868-5a0d-9a96-e148272e37d2,smart,2026-02-12T11:44:44,False,0.00
7f4ebfe0-8545-5e4b-98f6-350f7f49ac6c,baseline,2026-02-23T10:44:34,False,0.00
7f4ebfe0-8545-5e4b-98f6-350f7f49ac6c,smart,2026-02-24T06:44:34,False,0.00
c7d4efea-b41d-5338-a011-26e198676f96,baseline,2026-02-27T01:40:08,False,0.00
c7d4efea-b41d-5338-a011-26e198676f96,smart,2026-02-26T21:40:08,True,1289.15
8506acbb-f1a8-59e1-9f8d-17906fa5c6d3,baseline,2026-02-27T23:26:11,False,0.00
8506acbb-f1a8-59e1-9f8d-17906fa5c6d3,smart,2026-03-01T09:00:00,False,0.00
1b617fb3-2588-577e-928c-f2181399569d,baseline,2026-01-27T00:58:37,False,0.00
1b617fb3-2588-577e-928c-f2181399569d,smart,2026-02-01T09:00:00,True,1749.22
a81b99b7-8c89-5d27-a4bc-d026d0e734e6,baseline,,False,0.00
a81b99b7-8c89-5d27-a4bc-d026d0e734e6,smart,,False,0.00
d4c4e49f-8f4a-58c2-bf72-76325e00dd26,baseline,2026-03-24T07:11:15,True,1213.82
d4c4e49f-8f4a-58c2-bf72-76325e00dd26,smart,2026-03-24T07:11:15,True,1213.82
459f64da-2fcf-59de-b03d-a20e68d88606,baseline,2026-01-24T07:09:42,True,5111.00
459f64da-2fcf-59de-b03d-a20e68d88606,smart,2026-01-24T07:09:42,True,5111.00
4962b26d-02a4-5e95-9810-e75b9de5b560,baseline,2026-01-24T08:32:05,False,0.00
4962b26d-02a4-5e95-9810-e75b9de5b560,smart,2026-01-24T08:32:05,False,0.00
4bcd85bf-7c50-5d77-a84a-21dc6fef4496,baseline,2026-02-19T15:24:17,False,0.00
4bcd85bf-7c50-5d77-a84a-21dc6fef4496,smart,2026-02-19T11:24:17,False,0.00
68ad9f35-fcae-59cd-b44c-e70bbdc6fdde,baseline,2026-01-09T15:34:56,True,2381.02
68ad9f35-fcae-59cd-b44c-e70bbdc6fdde,smart,2026-01-09T11:34:56,False,0.00
22b8b9e0-2d16-559d-9d92-c7f41eba2577,baseline,,False,0.00
22b8b9e0-2d16-559d-9d92-c7f41eba2577,smart,,False,0.00
a3fa2203-a73d-5d91-acf3-dfcaff444213,baseline,,False,0.00
a3fa2203-a73d-5d91-acf3-dfcaff444213,smart,,False,0.00
979ce2f4-059c-5d52-b2c8-e24c1113f33f,baseline,2026-01-19T16:48:13,True,1983.67
979ce2f4-059c-5d52-b2c8-e24c1113f33f,smart,2026-01-19T12:48:13,False,0.00
30ebb431-6426-512a-87f7-42cb7762d753,baseline,2026-02-24T08:13:34,True,1982.96
30ebb431-6426-512a-87f7-42cb7762d753,smart,2026-02-24T08:13:34,True,1982.96
645f17fa-4751-5dd2-8b93-cfa033466647,baseline,2026-03-27T01:40:15,True,4223.32
645f17fa-4751-5dd2-8b93-cfa033466647,smart,2026-04-01T09:00:00,False,0.00
7b6e2976-9055-540f-9b1d-f79e171babc7,baseline,2026-02-17T17:48:02,True,19890.47
7b6e2976-9055-540f-9b1d-f79e171babc7,smart,2026-02-18T13:48:02,False,0.00
cb7f9fc0-b7c0-5214-a5e8-15ea661751db,baseline,2026-02-26T23:42:18,True,3590.82
cb7f9fc0-b7c0-5214-a5e8-15ea661751db,smart,2026-03-01T09:00:00,True,3590.82
4709837d-eb30-54ca-a24f-ab3fdd8fc59f,baseline,2026-03-04T21:30:02,False,0.00
4709837d-eb30-54ca-a24f-ab3fdd8fc59f,smart,2026-03-05T17:30:02,False,0.00
9645e2c7-bc1d-5be6-931a-5db0fcdc08c4,baseline,2026-01-06T00:38:01,True,822.90
9645e2c7-bc1d-5be6-931a-5db0fcdc08c4,smart,2026-02-01T09:00:00,True,822.90
e9b28296-c263-59cf-8fc3-18db7a55d298,baseline,,False,0.00
e9b28296-c263-59cf-8fc3-18db7a55d298,smart,,False,0.00
6cad4402-7545-578e-b8ca-2173de884043,baseline,2026-02-26T15:59:55,False,0.00
6cad4402-7545-578e-b8ca-2173de884043,smart,2026-03-01T09:00:00,True,1201.39
239b731c-a119-56ad-815f-8883de0d53e1,baseline,2026-01-08T08:45:13,True,5378.69
239b731c-a119-56ad-815f-8883de0d53e1,smart,2026-01-08T08:45:13,True,5378.69
be7dabf0-f58b-51f6-a648-d3200dfe9499,baseline,,False,0.00
be7dabf0-f58b-51f6-a648-d3200dfe9499,smart,,False,0.00
f6be7003-c88e-5f7a-bbbe-bd90039adc55,baseline,2026-02-03T15:39:04,True,397.96
f6be7003-c88e-5f7a-bbbe-bd90039adc55,smart,2026-02-03T11:39:04,False,0.00
affe229d-43eb-5d27-a728-81cc8de313e0,baseline,2026-01-02T11:34:05,False,0.00
affe229d-43eb-5d27-a728-81cc8de313e0,smart,2026-01-03T07:34:05,False,0.00
08d27eed-36c1-5b90-a636-3d756a55cb55,baseline,,False,0.00
08d27eed-36c1-5b90-a636-3d756a55cb55,smart,,False,0.00
81849901-ef29-572f-8504-c2777168cec0,baseline,2026-03-29T06:23:28,False,0.00
81849901-ef29-572f-8504-c2777168cec0,smart,2026-04-01T09:00:00,True,973.43
6ffd345e-8e70-5525-807c-bdac2dd307a8,baseline,2026-01-24T07:28:18,True,4857.94
6ffd345e-8e70-5525-807c-bdac2dd307a8,smart,2026-01-24T07:28:18,True,4857.94
93f0f498-b251-5e9a-9879-8558049b7b3b,baseline,2026-01-28T17:30:37,False,0.00
93f0f498-b251-5e9a-9879-8558049b7b3b,smart,2026-02-01T09:00:00,True,980.61
bf0fa926-6201-566e-b41e-8342e29ce7dd,baseline,2026-02-16T16:08:02,True,22795.54
bf0fa926-6201-566e-b41e-8342e29ce7dd,smart,2026-02-17T12:08:02,False,0.00
591d126a-bca1-511a-9abd-e71c4fe5e007,baseline,,False,0.00
591d126a-bca1-511a-9abd-e71c4fe5e007,smart,,False,0.00
20d91037-95ef-5e31-a0ec-8aba86d315ef,baseline,2026-03-31T00:01:36,False,0.00
20d91037-95ef-5e31-a0ec-8aba86d315ef,smart,2026-04-01T09:00:00,True,2731.54
11b8337d-2025-5b44-a2ff-5e29ebd98699,baseline,,False,0.00
11b8337d-2025-5b44-a2ff-5e29ebd98699,smart,,False,0.00
8e3ab8f5-effc-53b9-b4d9-a853326f1174,baseline,2026-03-22T00:55:47,True,975.99
8e3ab8f5-effc-53b9-b4d9-a853326f1174,smart,2026-03-21T20:55:47,False,0.00
e61902c9-7957-5954-b0b3-d8427b85ae2f,baseline,2026-03-22T16:59:19,False,0.00
e61902c9-7957-5954-b0b3-d8427b85ae2f,smart,2026-03-23T12:59:19,False,0.00
62d7d15f-8e74-5479-856c-312d1791f1eb,baseline,2026-03-26T23:07:39,True,844.40
62d7d15f-8e74-5479-856c-312d1791f1eb,smart,2026-04-01T09:00:00,False,0.00
6bdec2d2-0b15-5b5f-92c6-88e99aea222c,baseline,,False,0.00
6bdec2d2-0b15-5b5f-92c6-88e99aea222c,smart,,False,0.00
8f70cd2c-7b3d-5a53-9c24-adbbbe237d9f,baseline,2026-02-05T15:19:16,True,753.99
8f70cd2c-7b3d-5a53-9c24-adbbbe237d9f,smart,2026-03-01T09:00:00,True,753.99
79824c4c-8f5b-5af2-b195-094892ebe30d,baseline,2026-02-22T12:10:57,False,0.00
79824c4c-8f5b-5af2-b195-094892ebe30d,smart,2026-02-23T08:10:57,False,0.00
76a6e69c-025b-5d8e-998d-09f0be26ab60,baseline,2026-02-07T17:51:00,False,0.00
76a6e69c-025b-5d8e-998d-09f0be26ab60,smart,2026-02-07T13:51:00,False,0.00
b14fb81d-0f5d-53be-9e27-c4e7ea90680b,baseline,2026-02-11T15:10:40,False,0.00
b14fb81d-0f5d-53be-9e27-c4e7ea90680b,smart,2026-02-11T11:10:40,False,0.00
a4cc2855-0a35-57c7-9cd5-e4cacdf9b0f4,baseline,2026-03-31T02:00:07,False,0.00
a4cc2855-0a35-57c7-9cd5-e4cacdf9b0f4,smart,2026-04-01T09:00:00,True,3222.45
1cb5b508-5750-5530-8ef3-bca017de07dd,baseline,2026-02-26T00:12:34,False,0.00
1cb5b508-5750-5530-8ef3-bca017de07dd,smart,2026-02-25T20:12:34,True,3304.81
70c19f81-c25a-5ee2-a29a-b1103ffb8dac,baseline,2026-03-15T23:52:40,True,1311.77
70c19f81-c25a-5ee2-a29a-b1103ffb8dac,smart,2026-03-15T19:52:40,True,1311.77
7e120f25-a0e1-5246-bcd7-b14978d23f66,baseline,2026-03-31T17:35:15,False,0.00
7e120f25-a0e1-5246-bcd7-b14978d23f66,smart,2026-04-01T09:00:00,False,0.00
4d72aae8-7e0a-53ae-b1a5-a0df4caa21d0,baseline,2026-01-18T08:26:43,False,0.00
4d72aae8-7e0a-53ae-b1a5-a0df4caa21d0,smart,2026-01-18T08:26:43,False,0.00
3538a1dd-94cc-5c75-b9d6-6a437b4866a0,baseline,2026-02-08T08:10:16,True,2103.21
3538a1dd-94cc-5c75-b9d6-6a437b4866a0,smart,2026-02-08T08:10:16,True,2103.21
ca76b991-b7c0-5bb4-89a8-98f94c280d68,baseline,2026-03-27T05:50:23,False,0.00
ca76b991-b7c0-5bb4-89a8-98f94c280d68,smart,2026-04-01T09:00:00,True,2081.24
0c34cd29-26f6-5006-a9e0-2b75409f19b4,baseline,2026-01-29T16:11:16,True,3308.85
0c34cd29-26f6-5006-a9e0-2b75409f19b4,smart,2026-02-01T09:00:00,True,3308.85
81d3c583-d6d5-55da-b541-2438981a6e8a,baseline,,False,0.00
81d3c583-d6d5-55da-b541-2438981a6e8a,smart,,False,0.00
25080ee2-c643-556d-b441-bf65b349fa46,baseline,2026-03-27T16:54:30,False,0.00
25080ee2-c643-556d-b441-bf65b349fa46,smart,2026-04-01T09:00:00,True,3012.83
7a0aa85c-4b6d-5292-8845-986bd161a32e,baseline,2026-02-12T15:11:48,False,0.00
7a0aa85c-4b6d-5292-8845-986bd161a32e,smart,2026-02-12T11:11:48,True,839.83
99ff9630-2011-54d5-bfaf-61aad2e66aad,baseline,2026-02-28T23:38:29,False,0.00
99ff9630-2011-54d5-bfaf-61aad2e66aad,smart,2026-03-01T19:38:29,False,0.00
191a5c2d-bf5a-54b7-bebe-a8a9a9d0ba2d,baseline,2026-03-17T09:47:53,True,1788.80
191a5c2d-bf5a-54b7-bebe-a8a9a9d0ba2d,smart,2026-03-17T05:47:53,True,1788.80
4b049f2b-810c-5ca3-b421-ada4e1fb6801,baseline,,False,0.00
4b049f2b-810c-5ca3-b421-ada4e1fb6801,smart,,False,0.00
b59246bf-ce1b-5e3c-a07c-b7f094a18801,baseline,2026-02-28T13:32:15,False,0.00
b59246bf-ce1b-5e3c-a07c-b7f094a18801,smart,2026-03-01T09:00:00,True,802.18
6a0a35df-27e2-5142-a55b-18047a6087ae,baseline,2026-03-30T17:04:09,True,2485.89
6a0a35df-27e2-5142-a55b-18047a6087ae,smart,2026-04-01T09:00:00,False,0.00
6296791e-fd0c-5fda-858c-7b7fdae14b20,baseline,2026-01-26T22:29:28,True,889.76
6296791e-fd0c-5fda-858c-7b7fdae14b20,smart,2026-02-01T09:00:00,True,889.76
a569a1fb-322b-51cc-ae83-6244490acdbf,baseline,2026-01-31T23:12:08,False,0.00
a569a1fb-322b-51cc-ae83-6244490acdbf,smart,2026-02-01T09:00:00,True,1344.69
abc9bc35-7916-597a-9ea8-2014859e7765,baseline,2026-03-29T17:05:20,False,0.00
abc9bc35-7916-597a-9ea8-2014859e7765,smart,2026-04-01T09:00:00,True,5538.99
2ad907c0-815a-5e5c-aa91-fccf62571a05,baseline,2026-01-27T17:08:59,True,1451.02
2ad907c0-815a-5e5c-aa91-fccf62571a05,smart,2026-02-01T09:00:00,True,1451.02
62c395c5-17fd-5892-80e0-f60ee7b6054e,baseline,2026-01-28T01:46:27,False,0.00
62c395c5-17fd-5892-80e0-f60ee7b6054e,smart,2026-02-01T09:00:00,False,0.00
ec213718-a0fe-5194-b59a-aaa29d39ec46,baseline,,False,0.00
ec213718-a0fe-5194-b59a-aaa29d39ec46,smart,,False,0.00
78c4bc2c-8fbe-5e1a-be45-91e6aa259d75,baseline,2026-01-05T17:34:51,False,0.00
78c4bc2c-8fbe-5e1a-be45-91e6aa259d75,smart,2026-02-01T09:00:00,True,939.83
c3955ffa-010e-5b3c-86e3-110dc83d7304,baseline,2026-03-14T00:10:45,True,2464.17
c3955ffa-010e-5b3c-86e3-110dc83d7304,smart,2026-03-13T20:10:45,True,2464.17
bd381e23-ef1d-52e5-ba37-7b8ecc9949ab,baseline,2026-03-18T07:58:37,False,0.00
bd381e23-ef1d-52e5-ba37-7b8ecc9949ab,smart,2026-03-18T07:58:37,False,0.00
6284d802-17a8-58a8-98b7-6bbe170a14eb,baseline,2026-02-26T05:17:42,False,0.00
6284d802-17a8-58a8-98b7-6bbe170a14eb,smart,2026-02-27T01:17:42,False,0.00
f8041c71-91d1-519b-9966-8c54fb3e5b1a,baseline,2026-02-27T15:08:21,False,0.00
f8041c71-91d1-519b-9966-8c54fb3e5b1a,smart,2026-03-01T09:00:00,True,3219.77
427bb44e-c6fd-55a9-89ab-74ac4a0ed2d8,baseline,,False,0.00
427bb44e-c6fd-55a9-89ab-74ac4a0ed2d8,smart,,False,0.00
80d89405-8453-551f-92e7-e825bd2b40ac,baseline,,False,0.00
80d89405-8453-551f-92e7-e825bd2b40ac,smart,,False,0.00
798baafa-c63c-559c-be05-2b0f687628d2,baseline,2026-02-24T07:24:37,True,3939.91
798baafa-c63c-559c-be05-2b0f687628d2,smart,2026-02-24T07:24:37,True,3939.91
b52d713a-8d49-5313-a94f-e5978344bdbf,baseline,2026-03-24T00:08:13,False,0.00
b52d713a-8d49-5313-a94f-e5978344bdbf,smart,2026-03-23T20:08:13,False,0.00
d33f69cc-2985-5aa9-8085-54e96c7d5c1a,baseline,2026-01-18T23:40:22,False,0.00
d33f69cc-2985-5aa9-8085-54e96c7d5c1a,smart,2026-01-18T19:40:22,False,0.00
b0762b53-c271-53f1-a54d-60c38fdab1c6,baseline,2026-01-24T07:46:28,True,1023.17
b0762b53-c271-53f1-a54d-60c38fdab1c6,smart,2026-01-24T07:46:28,True,1023.17
9699d615-d081-505a-9d99-62699a0eb00f,baseline,2026-02-19T15:44:14,True,1752.88
9699d615-d081-505a-9d99-62699a0eb00f,smart,2026-02-19T11:44:14,True,1752.88
dbfdb23f-44a0-5123-8d76-8e199e5eb7f3,baseline,2026-02-11T00:48:25,True,718.23
dbfdb23f-44a0-5123-8d76-8e199e5eb7f3,smart,2026-02-10T20:48:25,False,0.00
66508bb5-5b4e-5d25-9fd9-baeeaefbfd61,baseline,2026-02-15T00:05:34,False,0.00
66508bb5-5b4e-5d25-9fd9-baeeaefbfd61,smart,2026-02-14T20:05:34,False,0.00
b821ae34-10ae-5e30-b297-f85c1fef1f0d,baseline,,False,0.00
b821ae34-10ae-5e30-b297-f85c1fef1f0d,smart,,False,0.00
9f156e6f-acc1-5702-99e2-9211b97a6c47,baseline,2026-01-30T00:55:29,True,985.94
9f156e6f-acc1-5702-99e2-9211b97a6c47,smart,2026-02-01T09:00:00,True,985.94
6acc5c7b-b41e-5ab6-a6e6-dc69779c687f,baseline,,False,0.00
6acc5c7b-b41e-5ab6-a6e6-dc69779c687f,smart,,False,0.00
017b6289-0f18-5458-b6e2-ffac65d735e5,baseline,2026-03-07T16:16:46,False,0.00
017b6289-0f18-5458-b6e2-ffac65d735e5,smart,2026-03-08T12:16:46,False,0.00
7bf0d69c-1874-57e6-8445-aa117624b4ed,baseline,,False,0.00
7bf0d69c-1874-57e6-8445-aa117624b4ed,smart,,False,0.00
864af21e-4c9d-5706-bc6c-a4083421dbda,baseline,2026-01-30T01:27:30,False,0.00
864af21e-4c9d-5706-bc6c-a4083421dbda,smart,2026-02-01T09:00:00,True,2756.70
ceb87e83-49f1-5791-8730-9a2cfa3a9ddb,baseline,,False,0.00
ceb87e83-49f1-5791-8730-9a2cfa3a9ddb,smart,,False,0.00
cfb3c797-c5e3-515b-8d93-dad7929ae482,baseline,2026-01-04T10:18:32,False,0.00
cfb3c797-c5e3-515b-8d93-dad7929ae482,smart,2026-01-04T09:00:00,False,0.00
775da6bc-33e0-5a00-a6b4-139d42c4502d,baseline,2026-01-28T23:09:00,False,0.00
775da6bc-33e0-5a00-a6b4-139d42c4502d,smart,2026-01-29T19:09:00,False,0.00
a8423b39-e125-5674-b729-8832c2819c1c,baseline,2026-03-30T16:09:59,False,0.00
a8423b39-e125-5674-b729-8832c2819c1c,smart,2026-04-01T09:00:00,False,0.00
ca776134-cb3e-556b-bdcd-0392a2c650c6,baseline,,False,0.00
ca776134-cb3e-556b-bdcd-0392a2c650c6,smart,,False,0.00
5cc6ab44-f91c-55fd-9fb7-3d761e6a2511,baseline,2026-01-30T01:23:39,True,520.40
5cc6ab44-f91c-55fd-9fb7-3d761e6a2511,smart,2026-02-01T09:00:00,True,520.40
701bbf87-479c-5502-95eb-81a4422e86a5,baseline,2026-03-23T19:53:01,False,0.00
701bbf87-479c-5502-95eb-81a4422e86a5,smart,2026-03-24T15:53:01,False,0.00
d84c0261-c49f-52f6-8eea-21f8460a33de,baseline,2026-01-05T15:04:20,False,0.00
d84c0261-c49f-52f6-8eea-21f8460a33de,smart,2026-02-01T09:00:00,False,0.00
d5a12364-bf49-56f0-a162-a66523e72fef,baseline,2026-03-27T08:15:50,False,0.00
d5a12364-bf49-56f0-a162-a66523e72fef,smart,2026-03-28T04:15:50,False,0.00
4e70cbaf-7901-5190-a24d-fa287af7846a,baseline,2026-03-28T16:12:33,False,0.00
4e70cbaf-7901-5190-a24d-fa287af7846a,smart,2026-04-01T09:00:00,False,0.00
ec5e6f14-c015-500c-a58f-49c426add6e6,baseline,,False,0.00
ec5e6f14-c015-500c-a58f-49c426add6e6,smart,,False,0.00
d0a1416d-3fea-5291-9346-44e9396236da,baseline,,False,0.00
d0a1416d-3fea-5291-9346-44e9396236da,smart,,False,0.00
80b50b35-6689-5553-b2a5-b0702395f3a6,baseline,2026-03-30T23:31:12,True,35105.91
80b50b35-6689-5553-b2a5-b0702395f3a6,smart,2026-03-31T19:31:12,False,0.00
30304f2c-b29a-5d53-b5e4-fd127c3be6fb,baseline,2026-01-01T23:04:56,False,0.00
30304f2c-b29a-5d53-b5e4-fd127c3be6fb,smart,2026-01-02T19:04:56,False,0.00
e61493a0-aa75-59a6-89b5-9d62897989b9,baseline,2026-01-29T23:21:46,True,1524.04
e61493a0-aa75-59a6-89b5-9d62897989b9,smart,2026-02-01T09:00:00,True,1524.04
000ecaba-af99-518f-b20a-189b36e3f334,baseline,2026-01-31T11:54:42,False,0.00
000ecaba-af99-518f-b20a-189b36e3f334,smart,2026-02-01T09:00:00,False,0.00
9253ec2e-2461-54fe-a201-5ca8e5b6f8a5,baseline,2026-01-26T16:48:57,False,0.00
9253ec2e-2461-54fe-a201-5ca8e5b6f8a5,smart,2026-02-01T09:00:00,True,2922.05
29fce852-817a-56f8-8e22-824d3c732a4a,baseline,2026-02-04T01:37:25,True,1133.85
29fce852-817a-56f8-8e22-824d3c732a4a,smart,2026-03-01T09:00:00,False,0.00
efbf5bd3-c1e3-55cb-8b29-3f1653cf9bb2,baseline,2026-03-07T01:21:12,False,0.00
efbf5bd3-c1e3-55cb-8b29-3f1653cf9bb2,smart,2026-03-06T21:21:12,True,1069.58
fdb2582c-1fba-52bb-9c3c-88b528bb025a,baseline,2026-03-15T00:57:30,False,0.00
fdb2582c-1fba-52bb-9c3c-88b528bb025a,smart,2026-03-14T20:57:30,False,0.00
29e54cb8-decd-5ecf-bfdd-3adcd71664dc,baseline,2026-03-29T04:01:29,True,3367.53
29e54cb8-decd-5ecf-bfdd-3adcd71664dc,smart,2026-04-01T09:00:00,True,3367.53
993676af-7199-5edb-8346-12dc64fc4aaa,baseline,2026-03-29T16:09:10,True,473.39
993676af-7199-5edb-8346-12dc64fc4aaa,smart,2026-04-01T09:00:00,True,473.39
04ac9249-3e12-5b51-ac34-80cefbe0a4b9,baseline,2026-01-27T00:44:15,False,0.00
04ac9249-3e12-5b51-ac34-80cefbe0a4b9,smart,2026-02-01T09:00:00,True,4708.30
5f5b1b6e-779f-529b-997d-2dc53f33b77e,baseline,2026-03-01T02:14:41,False,0.00
5f5b1b6e-779f-529b-997d-2dc53f33b77e,smart,2026-03-01T09:00:00,True,5097.80
35cf6ed3-46c1-58f7-ac28-bad82b7bfdcc,baseline,2026-03-08T08:54:40,False,0.00
35cf6ed3-46c1-58f7-ac28-bad82b7bfdcc,smart,2026-03-08T08:54:40,False,0.00
ea7c3bb4-60af-5e02-b5d3-c19ac2aaa711,baseline,2026-01-18T07:18:56,True,2413.28
ea7c3bb4-60af-5e02-b5d3-c19ac2aaa711,smart,2026-01-18T07:18:56,True,2413.28
7681cb97-1eca-5d61-b650-531ad263ba00,baseline,2026-02-03T23:55:09,False,0.00
7681cb97-1eca-5d61-b650-531ad263ba00,smart,2026-02-04T19:55:09,False,0.00
258e3f01-8944-5d0d-80f9-60b0ae439ffc,baseline,,False,0.00
258e3f01-8944-5d0d-80f9-60b0ae439ffc,smart,,False,0.00
a0f29139-0ec3-5cc5-b94f-43aaf06079d6,baseline,2026-02-08T08:06:41,False,0.00
a0f29139-0ec3-5cc5-b94f-43aaf06079d6,smart,2026-02-08T08:06:41,False,0.00
d2af5f18-4c14-567d-9d20-b0a33fab32f6,baseline,,False,0.00
d2af5f18-4c14-567d-9d20-b0a33fab32f6,smart,,False,0.00
061f0d59-55ec-507e-929c-18bb53bbd6c5,baseline,2026-02-25T17:30:21,True,1591.29
061f0d59-55ec-507e-929c-18bb53bbd6c5,smart,2026-02-25T13:30:21,False,0.00
6f825423-0f9f-54d7-9c1c-b79b74076347,baseline,,False,0.00
6f825423-0f9f-54d7-9c1c-b79b74076347,smart,,False,0.00
f4d9c879-0ab0-5fdf-8415-5fc8e03d245e,baseline,,False,0.00
f4d9c879-0ab0-5fdf-8415-5fc8e03d245e,smart,,False,0.00
411180a6-6b55-5121-9586-8b24c8ac0eb6,baseline,,False,0.00
411180a6-6b55-5121-9586-8b24c8ac0eb6,smart,,False,0.00
58e1812e-b3f3-547a-9b66-0a2e2726bf96,baseline,2026-01-08T07:34:32,False,0.00
58e1812e-b3f3-547a-9b66-0a2e2726bf96,smart,2026-01-08T07:34:32,False,0.00
9a3d36fb-630c-5cbc-8b4f-1d581cbce4a3,baseline,,False,0.00
9a3d36fb-630c-5cbc-8b4f-1d581cbce4a3,smart,,False,0.00
e5525436-7dad-570e-94cb-d61b08bed53f,baseline,,False,0.00
e5525436-7dad-570e-94cb-d61b08bed53f,smart,,False,0.00
3129e1fc-4c79-54ba-8949-870afdf04b28,baseline,2026-01-27T20:23:14,False,0.00
3129e1fc-4c79-54ba-8949-870afdf04b28,smart,2026-02-01T09:00:00,False,0.00
250d0976-c0ca-5e1d-9b30-6f956883180e,baseline,2026-02-24T08:28:16,True,1266.49
250d0976-c0ca-5e1d-9b30-6f956883180e,smart,2026-02-24T08:28:16,True,1266.49
f37358c9-f46d-5422-a134-52030cdbe5c1,baseline,2026-03-24T07:14:36,False,0.00
f37358c9-f46d-5422-a134-52030cdbe5c1,smart,2026-03-24T07:14:36,False,0.00
f6e177b1-b67a-5b9d-aaf4-77d30c486aa3,baseline,2026-01-30T03:54:38,False,0.00
f6e177b1-b67a-5b9d-aaf4-77d30c486aa3,smart,2026-02-01T09:00:00,True,5508.40
d1fd938a-60b4-5552-a9ad-fd40a976fe85,baseline,2026-02-23T09:56:20,False,0.00
d1fd938a-60b4-5552-a9ad-fd40a976fe85,smart,2026-02-24T05:56:20,False,0.00
15adba35-545b-5954-9e1f-210ed220a92f,baseline,2026-03-16T00:00:29,False,0.00
15adba35-545b-5954-9e1f-210ed220a92f,smart,2026-03-15T20:00:29,False,0.00
58ee24c5-29bc-51af-98a5-0ae1791feddc,baseline,2026-01-28T14:34:40,False,0.00
58ee24c5-29bc-51af-98a5-0ae1791feddc,smart,2026-02-01T09:00:00,False,0.00
1279794b-db6f-5ad4-9d4e-19f2b6539596,baseline,,False,0.00
1279794b-db6f-5ad4-9d4e-19f2b6539596,smart,,False,0.00
4fa330fa-74e0-53e3-85a9-32c6988d9623,baseline,2026-03-29T23:21:01,False,0.00
4fa330fa-74e0-53e3-85a9-32c6988d9623,smart,2026-04-01T09:00:00,False,0.00
0bde6ee7-0ff0-5a62-993e-900a495e88e8,baseline,2026-01-13T16:00:50,True,2355.57
0bde6ee7-0ff0-5a62-993e-900a495e88e8,smart,2026-01-13T12:00:50,True,2355.57
88710754-4635-50b7-b47b-3304df9ddda6,baseline,2026-01-27T16:04:11,False,0.00
88710754-4635-50b7-b47b-3304df9ddda6,smart,2026-02-01T09:00:00,True,4004.27
f82a93bd-eb82-5cf0-b130-b6bb7401f38c,baseline,2026-02-03T18:39:14,False,0.00
f82a93bd-eb82-5cf0-b130-b6bb7401f38c,smart,2026-02-04T14:39:14,True,24721.45
4ab300dc-c75a-5066-994b-fdafdc43ee49,baseline,2026-01-28T09:08:46,False,0.00
4ab300dc-c75a-5066-994b-fdafdc43ee49,smart,2026-02-01T09:00:00,True,726.43
35ef4fe9-99ef-5456-bc09-379da50c83c3,baseline,,False,0.00
35ef4fe9-99ef-5456-bc09-379da50c83c3,smart,,False,0.00
841db501-148c-55bc-b13f-14d4086e2b78,baseline,2026-04-01T01:32:45,True,1425.53
841db501-148c-55bc-b13f-14d4086e2b78,smart,2026-04-01T09:00:00,True,1425.53
9f82791c-0008-5679-96a0-6ee016d6c1ff,baseline,2026-02-05T06:51:17,False,0.00
9f82791c-0008-5679-96a0-6ee016d6c1ff,smart,2026-02-06T02:51:17,False,0.00
2235eddf-d357-5578-928c-a5c22dd437ef,baseline,,False,0.00
2235eddf-d357-5578-928c-a5c22dd437ef,smart,,False,0.00
cb5d1937-7bfd-5774-904b-582143576457,baseline,2026-03-31T23:32:45,False,0.00
cb5d1937-7bfd-5774-904b-582143576457,smart,2026-04-01T09:00:00,True,1915.73
44ce0075-e315-584d-877d-2b538de6a03c,baseline,,False,0.00
44ce0075-e315-584d-877d-2b538de6a03c,smart,,False,0.00
2bfa77f8-2ea2-5daa-b7d0-3065dc49db07,baseline,,False,0.00
2bfa77f8-2ea2-5daa-b7d0-3065dc49db07,smart,,False,0.00
a688a79c-812b-56ca-a6dd-b8d37920faed,baseline,,False,0.00
a688a79c-812b-56ca-a6dd-b8d37920faed,smart,,False,0.00
6de4764c-c64d-5ba4-8413-c021362f10c8,baseline,2026-01-29T00:12:24,True,1880.31
6de4764c-c64d-5ba4-8413-c021362f10c8,smart,2026-02-01T09:00:00,True,1880.31
008e9244-64dc-546b-9b66-3d5a4ec146ed,baseline,2026-02-04T00:56:02,True,2477.85
008e9244-64dc-546b-9b66-3d5a4ec146ed,smart,2026-02-03T20:56:02,False,0.00
a6d8501b-90cf-5b20-afb5-8572e495e392,baseline,2026-02-26T23:34:15,False,0.00
a6d8501b-90cf-5b20-afb5-8572e495e392,smart,2026-03-01T09:00:00,False,0.00
ef2d953e-e104-553c-bf1f-d0e006b338f1,baseline,,False,0.00
ef2d953e-e104-553c-bf1f-d0e006b338f1,smart,,False,0.00
e688bc73-341f-59e8-bed8-5697bf219894,baseline,,False,0.00
e688bc73-341f-59e8-bed8-5697bf219894,smart,,False,0.00
9d6a02fd-949a-57f1-997b-54005fe329ac,baseline,,False,0.00
9d6a02fd-949a-57f1-997b-54005fe329ac,smart,,False,0.00
08c0043a-92e9-578f-94ad-d5d230795f9a,baseline,2026-01-08T08:24:39,True,1232.32
08c0043a-92e9-578f-94ad-d5d230795f9a,smart,2026-01-08T08:24:39,True,1232.32
0bd20190-e315-54f0-be29-dcf833772666,baseline,2026-03-03T01:13:03,False,0.00
0bd20190-e315-54f0-be29-dcf833772666,smart,2026-03-02T21:13:03,True,2158.45
64ffdf12-3a09-5001-a062-0b0c86c7bcd1,baseline,2026-03-28T05:39:22,False,0.00
64ffdf12-3a09-5001-a062-0b0c86c7bcd1,smart,2026-04-01T09:00:00,True,2476.37
3b06441f-41fe-5774-b5b8-808f86645f2c,baseline,2026-01-29T09:43:50,False,0.00
3b06441f-41fe-5774-b5b8-808f86645f2c,smart,2026-02-01T09:00:00,False,0.00
293033bd-7046-5e66-af78-64e9a9f10dbe,baseline,2026-02-13T01:24:41,False,0.00
293033bd-7046-5e66-af78-64e9a9f10dbe,smart,2026-02-12T21:24:41,True,1765.74
2d30aac8-787c-573c-9a28-5ca69abd7574,baseline,,False,0.00
2d30aac8-787c-573c-9a28-5ca69abd7574,smart,,False,0.00
bc09091a-7834-50c5-bacd-96dc33792467,baseline,,False,0.00
bc09091a-7834-50c5-bacd-96dc33792467,smart,,False,0.00
a8e02b1e-7637-555e-9c68-730292b72a52,baseline,,False,0.00
a8e02b1e-7637-555e-9c68-730292b72a52,smart,,False,0.00
63895b87-d45c-5c99-b358-9f5423355641,baseline,,False,0.00
63895b87-d45c-5c99-b358-9f5423355641,smart,,False,0.00
6b2fc654-3a3c-5f84-adfc-639c743df1ba,baseline,2026-02-24T08:53:08,False,0.00
6b2fc654-3a3c-5f84-adfc-639c743df1ba,smart,2026-02-24T08:53:08,False,0.00
4198e811-b364-58b3-a06a-6eeec5def326,baseline,2026-02-27T00:32:55,False,0.00
4198e811-b364-58b3-a06a-6eeec5def326,smart,2026-03-01T09:00:00,True,980.60
26a6f49f-5071-50d2-a4b0-3bb7e232ea1d,baseline,2026-03-28T22:40:31,False,0.00
26a6f49f-5071-50d2-a4b0-3bb7e232ea1d,smart,2026-04-01T09:00:00,True,3294.96
59d439c9-466c-5b6a-b50d-3a8c187fd19b,baseline,,False,0.00
59d439c9-466c-5b6a-b50d-3a8c187fd19b,smart,,False,0.00
f9a9bf37-e2bd-52a1-9dd0-810807b00497,baseline,2026-02-27T17:10:38,False,0.00
f9a9bf37-e2bd-52a1-9dd0-810807b00497,smart,2026-03-01T09:00:00,False,0.00
e1a55f15-0bb7-5d2c-83a8-3aa57f0169b0,baseline,2026-02-28T00:37:15,False,0.00
e1a55f15-0bb7-5d2c-83a8-3aa57f0169b0,smart,2026-03-01T09:00:00,True,1522.70
2a719907-8ccf-5ba1-a0b6-0ef4f8bc229d,baseline,,False,0.00
2a719907-8ccf-5ba1-a0b6-0ef4f8bc229d,smart,,False,0.00
47dc9426-6d68-5247-b4be-05bda6e94914,baseline,,False,0.00
47dc9426-6d68-5247-b4be-05bda6e94914,smart,,False,0.00
5542ec1d-5310-5efb-85c7-c3261eb22163,baseline,2026-03-08T07:44:05,False,0.00
5542ec1d-5310-5efb-85c7-c3261eb22163,smart,2026-03-08T07:44:05,False,0.00
f185f475-c6f7-5802-b7b2-0127215cf9b2,baseline,,False,0.00
f185f475-c6f7-5802-b7b2-0127215cf9b2,smart,,False,0.00
9de329c9-a4ca-5d15-9b8a-071c9cb5335f,baseline,2026-02-19T01:47:09,False,0.00
9de329c9-a4ca-5d15-9b8a-071c9cb5335f,smart,2026-02-18T21:47:09,True,4965.56
3fb7ce7c-d532-5ec1-b809-8c2201672694,baseline,2026-04-01T03:45:52,True,5139.30
3fb7ce7c-d532-5ec1-b809-8c2201672694,smart,2026-04-01T09:00:00,True,5139.30
bcccd430-753a-5050-9978-c4d6207afa10,baseline,2026-01-08T08:56:52,False,0.00
bcccd430-753a-5050-9978-c4d6207afa10,smart,2026-01-08T08:56:52,False,0.00
96bacff7-797e-56ab-9c23-a6f1ae6625ab,baseline,,False,0.00
96bacff7-797e-56ab-9c23-a6f1ae6625ab,smart,,False,0.00
1c3787d4-1510-5674-8043-6d9cb853a39b,baseline,2026-01-18T07:43:11,True,1114.42
1c3787d4-1510-5674-8043-6d9cb853a39b,smart,2026-01-18T07:43:11,True,1114.42
dcc61011-5052-54e9-996c-75c1d5139414,baseline,2026-01-24T07:50:23,True,3178.97
dcc61011-5052-54e9-996c-75c1d5139414,smart,2026-01-24T07:50:23,True,3178.97
f36383f8-746b-5a09-b112-bdab47621be3,baseline,2026-01-24T08:33:05,True,3186.66
f36383f8-746b-5a09-b112-bdab47621be3,smart,2026-01-24T08:33:05,True,3186.66
5204eaf1-24c8-519c-9482-036320a9cded,baseline,2026-03-20T15:38:30,False,0.00
5204eaf1-24c8-519c-9482-036320a9cded,smart,2026-03-20T11:38:30,False,0.00
052088fa-b00a-5ae8-911e-cad6affd5742,baseline,2026-01-28T16:41:22,False,0.00
052088fa-b00a-5ae8-911e-cad6affd5742,smart,2026-01-28T12:41:22,False,0.00
8e6cf263-a654-5bdb-9a8d-cec75f237946,baseline,2026-02-01T07:07:06,False,0.00
8e6cf263-a654-5bdb-9a8d-cec75f237946,smart,2026-02-01T09:00:00,True,3722.96
611a3ba2-da34-5c3e-b899-b2b6cb6955b6,baseline,,False,0.00
611a3ba2-da34-5c3e-b899-b2b6cb6955b6,smart,,False,0.00
541e4aa8-8431-585e-a326-3bfd189dbdf9,baseline,2026-01-24T08:59:20,False,0.00
541e4aa8-8431-585e-a326-3bfd189dbdf9,smart,2026-01-24T08:59:20,False,0.00
3d5baf49-eea5-5bab-9247-662b2c46c862,baseline,2026-02-10T17:38:37,False,0.00
3d5baf49-eea5-5bab-9247-662b2c46c862,smart,2026-02-10T13:38:37,True,873.16
74186e5e-8fa5-5c51-955a-c0a9f197e8ef,baseline,2026-02-23T00:10:24,True,1313.96
74186e5e-8fa5-5c51-955a-c0a9f197e8ef,smart,2026-02-22T20:10:24,True,1313.96
4c3e83e8-01fd-5d33-a7bf-bf1b7b66c408,baseline,2026-01-22T16:20:50,True,1478.87
4c3e83e8-01fd-5d33-a7bf-bf1b7b66c408,smart,2026-01-22T12:20:50,True,1478.87
056d34fb-4f44-5abc-9658-a5292d85aaed,baseline,2026-01-29T10:06:32,False,0.00
056d34fb-4f44-5abc-9658-a5292d85aaed,smart,2026-02-01T09:00:00,True,2743.06
754579dd-24cb-5a12-bf65-3427c2546e94,baseline,2026-03-23T17:01:31,False,0.00
754579dd-24cb-5a12-bf65-3427c2546e94,smart,2026-03-23T13:01:31,True,1635.62
f2d8abf4-9baa-59ac-9030-d4c82efc964d,baseline,,False,0.00
f2d8abf4-9baa-59ac-9030-d4c82efc964d,smart,,False,0.00
49ea3d22-3b78-5eac-bec1-eeeaf641e4e2,baseline,2026-01-30T01:57:33,True,5055.63
49ea3d22-3b78-5eac-bec1-eeeaf641e4e2,smart,2026-02-01T09:00:00,True,5055.63
d86663e5-1b58-5fb9-86fc-0d485ffcac70,baseline,,False,0.00
d86663e5-1b58-5fb9-86fc-0d485ffcac70,smart,,False,0.00
4538c41e-14be-567f-911f-2954bf7389d5,baseline,2026-02-05T11:48:43,True,20669.25
4538c41e-14be-567f-911f-2954bf7389d5,smart,2026-02-06T07:48:43,False,0.00
76626e0c-592b-5f9b-a3f2-b7ea32a9f18a,baseline,2026-02-18T07:35:41,False,0.00
76626e0c-592b-5f9b-a3f2-b7ea32a9f18a,smart,2026-02-18T07:35:41,False,0.00
30348cfc-d883-551c-a75f-c6fca7e05638,baseline,2026-02-25T22:34:53,False,0.00
30348cfc-d883-551c-a75f-c6fca7e05638,smart,2026-02-26T18:34:53,False,0.00
a1de8503-bf93-5dbe-ba94-f03846cd5908,baseline,2026-01-06T01:05:48,True,1404.66
a1de8503-bf93-5dbe-ba94-f03846cd5908,smart,2026-01-05T21:05:48,False,0.00
d7ce41b7-6cd0-5a3f-b89a-3e0e60e1170f,baseline,2026-02-22T23:02:50,True,5121.57
d7ce41b7-6cd0-5a3f-b89a-3e0e60e1170f,smart,2026-02-22T19:02:50,True,5121.57
3137ec6f-f13f-574f-9078-e1195d562b73,baseline,2026-03-14T23:45:59,False,0.00
3137ec6f-f13f-574f-9078-e1195d562b73,smart,2026-03-15T19:45:59,False,0.00
e303f03f-4df2-5760-bfe4-cef482f195f9,baseline,2026-01-27T01:26:40,False,0.00
e303f03f-4df2-5760-bfe4-cef482f195f9,smart,2026-02-01T09:00:00,True,2313.01
264d67ab-37ae-5534-a549-84f720bac780,baseline,2026-03-01T13:51:44,False,0.00
264d67ab-37ae-5534-a549-84f720bac780,smart,2026-04-01T09:00:00,False,0.00
08dbbdea-aacd-541f-a207-eceedc37bd11,baseline,,False,0.00
08dbbdea-aacd-541f-a207-eceedc37bd11,smart,,False,0.00
9eefa41f-e56e-5dba-8936-d08c465114f2,baseline,2026-01-26T00:29:11,True,516.51
9eefa41f-e56e-5dba-8936-d08c465114f2,smart,2026-01-25T20:29:11,True,516.51
e9f10f76-5048-58f2-b93e-0d1eefc4a28c,baseline,2026-01-29T18:27:33,False,0.00
e9f10f76-5048-58f2-b93e-0d1eefc4a28c,smart,2026-02-01T09:00:00,False,0.00
974ac7b1-2b06-5bff-805e-540a4cf6cf7f,baseline,2026-01-30T08:52:13,True,606.55
974ac7b1-2b06-5bff-805e-540a4cf6cf7f,smart,2026-02-01T09:00:00,True,606.55
1c86cbcf-2d92-5a2b-83be-bbc47a0e14c8,baseline,2026-01-12T16:34:52,False,0.00
1c86cbcf-2d92-5a2b-83be-bbc47a0e14c8,smart,2026-01-12T12:34:52,False,0.00
50e6d6af-7722-51a4-aaf8-d0043944d840,baseline,2026-03-10T23:32:41,True,3329.45
50e6d6af-7722-51a4-aaf8-d0043944d840,smart,2026-03-10T19:32:41,True,3329.45
be551936-b3b6-5667-9efc-3cfbc7fc8158,baseline,2026-03-27T18:49:29,True,217.46
be551936-b3b6-5667-9efc-3cfbc7fc8158,smart,2026-04-01T09:00:00,False,0.00
aa331850-33b8-5b15-9906-ca17df551fb3,baseline,,False,0.00
aa331850-33b8-5b15-9906-ca17df551fb3,smart,,False,0.00
279ed328-ab97-5b85-a107-7984d3267272,baseline,2026-02-18T08:56:33,True,1629.45
279ed328-ab97-5b85-a107-7984d3267272,smart,2026-02-18T08:56:33,True,1629.45
a0db5c2f-1e30-5a69-a51c-9f4469c52781,baseline,2026-02-25T00:18:28,True,677.91
a0db5c2f-1e30-5a69-a51c-9f4469c52781,smart,2026-02-24T20:18:28,True,677.91
5c853841-c106-5857-9e2f-aaa7653d732e,baseline,2026-01-02T14:01:26,False,0.00
5c853841-c106-5857-9e2f-aaa7653d732e,smart,2026-02-01T09:00:00,False,0.00
990f4556-8d43-55c9-998b-7f18bc874d0e,baseline,2026-01-29T07:36:38,False,0.00
990f4556-8d43-55c9-998b-7f18bc874d0e,smart,2026-02-01T09:00:00,False,0.00
52b60051-7001-586d-8f89-a9770863be23,baseline,2026-03-13T16:05:30,True,1465.71
52b60051-7001-586d-8f89-a9770863be23,smart,2026-03-13T12:05:30,True,1465.71
e00c2522-e1b3-5d2f-830e-ce0b98ed22cc,baseline,2026-01-17T17:06:17,False,0.00
e00c2522-e1b3-5d2f-830e-ce0b98ed22cc,smart,2026-01-17T13:06:17,True,1459.84
5b8afc4b-c205-571d-853a-6b2846f0c28b,baseline,2026-01-18T07:28:57,False,0.00
5b8afc4b-c205-571d-853a-6b2846f0c28b,smart,2026-01-18T07:28:57,False,0.00
a7673c78-2faf-521f-a518-4a6fa47bcf76,baseline,2026-02-08T08:19:11,True,2197.73
a7673c78-2faf-521f-a518-4a6fa47bcf76,smart,2026-02-08T08:19:11,True,2197.73
745f6bd5-3f64-57d0-a924-5c769fdb4c10,baseline,,False,0.00
745f6bd5-3f64-57d0-a924-5c769fdb4c10,smart,,False,0.00
7264dce4-8d9e-5306-94d3-239b81b26d88,baseline,2026-02-08T08:27:29,False,0.00
7264dce4-8d9e-5306-94d3-239b81b26d88,smart,2026-02-08T08:27:29,False,0.00
9597da9c-21d9-5119-9b79-38eb1659b117,baseline,,False,0.00
9597da9c-21d9-5119-9b79-38eb1659b117,smart,,False,0.00
beae174f-d591-50b0-9a12-83f0148939cd,baseline,,False,0.00
beae174f-d591-50b0-9a12-83f0148939cd,smart,,False,0.00
24043541-9844-551f-9309-02e0e4cb3403,baseline,,False,0.00
24043541-9844-551f-9309-02e0e4cb3403,smart,,False,0.00
bf18dc3c-dd85-5de8-a352-c412211f5409,baseline,2026-03-04T23:48:22,False,0.00
bf18dc3c-dd85-5de8-a352-c412211f5409,smart,2026-04-01T09:00:00,True,1027.66
50cf203f-1b69-54ac-a243-5e07eb43f195,baseline,2026-01-06T02:42:05,True,1499.76
50cf203f-1b69-54ac-a243-5e07eb43f195,smart,2026-02-01T09:00:00,False,0.00
1d9aa571-6eb6-5784-b58f-0b918906e921,baseline,2026-03-02T17:18:28,True,1860.71
1d9aa571-6eb6-5784-b58f-0b918906e921,smart,2026-03-02T13:18:28,True,1860.71
e694aa90-46ca-519c-bcf4-f90af107f4b7,baseline,,False,0.00
e694aa90-46ca-519c-bcf4-f90af107f4b7,smart,,False,0.00
20ee3438-db76-511b-acac-c538ac3af85d,baseline,,False,0.00
20ee3438-db76-511b-acac-c538ac3af85d,smart,,False,0.00
8e07e656-fa9a-5de3-992d-aa58b1eab807,baseline,2026-02-18T08:48:01,False,0.00
8e07e656-fa9a-5de3-992d-aa58b1eab807,smart,2026-02-18T08:48:01,False,0.00
fb4a029a-7981-5818-b67f-8d96b1e2bed3,baseline,2026-03-18T07:29:54,False,0.00
fb4a029a-7981-5818-b67f-8d96b1e2bed3,smart,2026-03-18T07:29:54,False,0.00
a1cb3713-563c-58c0-a4f7-3d4beffcc2d3,baseline,2026-01-02T16:22:14,False,0.00
a1cb3713-563c-58c0-a4f7-3d4beffcc2d3,smart,2026-02-01T09:00:00,True,1773.14
3b05aeec-aa5c-570a-a144-84706320a845,baseline,,False,0.00
3b05aeec-aa5c-570a-a144-84706320a845,smart,,False,0.00
2fce6152-4430-543a-a22f-8ea312762823,baseline,2026-02-16T16:50:49,True,12000.00
2fce6152-4430-543a-a22f-8ea312762823,smart,2026-02-16T12:50:49,True,12000.00
6e41822a-f2b8-55ff-a07e-78a20609d37b,baseline,2026-01-26T17:28:00,False,0.00
6e41822a-f2b8-55ff-a07e-78a20609d37b,smart,2026-02-01T09:00:00,True,3780.37
151fb6bc-de64-59f0-8c1f-54052998dbbb,baseline,,False,0.00
151fb6bc-de64-59f0-8c1f-54052998dbbb,smart,,False,0.00
4e79b5ae-52ad-56a5-842b-022630b26101,baseline,2026-03-24T07:05:55,True,656.65
4e79b5ae-52ad-56a5-842b-022630b26101,smart,2026-03-24T07:05:55,True,656.65
45b8633a-b1d8-5daa-849a-61160424d27e,baseline,2026-01-24T08:29:08,False,0.00
45b8633a-b1d8-5daa-849a-61160424d27e,smart,2026-01-24T08:29:08,False,0.00
bcd48e30-8583-5524-91ff-ef78a98a7671,baseline,,False,0.00
bcd48e30-8583-5524-91ff-ef78a98a7671,smart,,False,0.00
ab1cbd1a-48f4-57af-a247-90a7144e6c40,baseline,,False,0.00
ab1cbd1a-48f4-57af-a247-90a7144e6c40,smart,,False,0.00
3af5189a-3522-5d02-b99b-ed9cdca6e265,baseline,2026-01-24T08:16:06,True,862.07
3af5189a-3522-5d02-b99b-ed9cdca6e265,smart,2026-01-24T08:16:06,True,862.07
f37b3c85-7e3a-586c-b361-97aeef1a1a0b,baseline,2026-03-17T14:35:23,False,0.00
f37b3c85-7e3a-586c-b361-97aeef1a1a0b,smart,2026-03-18T10:35:23,False,0.00
fe775f19-7a1c-5768-8b8e-44393a689c60,baseline,2026-03-30T23:46:04,True,1356.33
fe775f19-7a1c-5768-8b8e-44393a689c60,smart,2026-04-01T09:00:00,True,1356.33
65ff8a38-d49d-5550-a716-ddbddeccb006,baseline,2026-01-24T07:57:09,True,1005.25
65ff8a38-d49d-5550-a716-ddbddeccb006,smart,2026-01-24T07:57:09,True,1005.25
a8888c35-0eca-51fe-9b7b-cf0d72d1a398,baseline,2026-02-28T01:57:04,True,841.27
a8888c35-0eca-51fe-9b7b-cf0d72d1a398,smart,2026-03-01T09:00:00,False,0.00
cab7ee6a-257b-506a-af1c-2d2388dde115,baseline,2026-03-30T01:51:19,False,0.00
cab7ee6a-257b-506a-af1c-2d2388dde115,smart,2026-04-01T09:00:00,True,2558.75
7ad5e167-aaa9-5be2-b29a-79f1af90b4de,baseline,2026-02-19T01:33:33,True,24441.78
7ad5e167-aaa9-5be2-b29a-79f1af90b4de,smart,2026-02-19T21:33:33,True,24441.78
22dba137-0836-55af-8e9a-2832e6f67833,baseline,,False,0.00
22dba137-0836-55af-8e9a-2832e6f67833,smart,,False,0.00
9a5a5985-395b-5528-8459-5863596afebe,baseline,2026-03-24T00:00:24,False,0.00
9a5a5985-395b-5528-8459-5863596afebe,smart,2026-03-23T20:00:24,True,1182.08
70141e56-4975-50a8-a8e5-79e3d3e156bc,baseline,2026-01-18T08:11:48,True,6896.06
70141e56-4975-50a8-a8e5-79e3d3e156bc,smart,2026-01-18T08:11:48,True,6896.06
8baf0e0b-743a-55ba-ab77-3c31e65e6d28,baseline,,False,0.00
8baf0e0b-743a-55ba-ab77-3c31e65e6d28,smart,,False,0.00
1d5e3aad-40ae-54b4-bbc5-3cf6d396651d,baseline,,False,0.00
1d5e3aad-40ae-54b4-bbc5-3cf6d396651d,smart,,False,0.00
7552e23a-cf67-535d-88d3-1951d478a34a,baseline,2026-01-30T00:26:43,False,0.00
7552e23a-cf67-535d-88d3-1951d478a34a,smart,2026-01-29T20:26:43,True,1366.05
0608d119-e528-51d8-86dd-26898d47b575,baseline,2026-02-28T19:37:22,False,0.00
0608d119-e528-51d8-86dd-26898d47b575,smart,2026-03-01T09:00:00,False,0.00
148de6ce-c47a-5688-9d4c-d6166f775772,baseline,,False,0.00
148de6ce-c47a-5688-9d4c-d6166f775772,smart,,False,0.00
56264214-a429-529f-bffa-9926ce7e2e4b,baseline,2026-01-22T16:41:54,True,15777.28
56264214-a429-529f-bffa-9926ce7e2e4b,smart,2026-01-23T12:41:54,False,0.00
0829ad2d-0ad9-55f7-8d96-3a9fe011af25,baseline,2026-02-01T01:16:21,True,17682.25
0829ad2d-0ad9-55f7-8d96-3a9fe011af25,smart,2026-02-01T21:16:21,False,0.00
90466109-2583-54cb-b56b-f097e8f4d114,baseline,2026-03-29T23:52:45,True,2902.41
90466109-2583-54cb-b56b-f097e8f4d114,smart,2026-04-01T09:00:00,False,0.00
2e033a1c-a20b-5ac4-89e9-c0250cfb7088,baseline,,False,0.00
2e033a1c-a20b-5ac4-89e9-c0250cfb7088,smart,,False,0.00
5c112c84-ef4d-5b83-916f-107a1cf32c3d,baseline,,False,0.00
5c112c84-ef4d-5b83-916f-107a1cf32c3d,smart,,False,0.00
c7a2dba7-ab7d-5760-b52b-082fa6ef0612,baseline,,False,0.00
c7a2dba7-ab7d-5760-b52b-082fa6ef0612,smart,,False,0.00
e6da902f-1858-5990-848a-0758e0de2773,baseline,,False,0.00
e6da902f-1858-5990-848a-0758e0de2773,smart,,False,0.00
782355ff-e011-5995-8e1c-68ce6cf4cc69,baseline,2026-02-08T08:46:12,False,0.00
782355ff-e011-5995-8e1c-68ce6cf4cc69,smart,2026-02-08T08:46:12,False,0.00
200ad907-cad4-5364-a650-38624cc3fe71,baseline,2026-03-27T00:18:26,True,2846.99
200ad907-cad4-5364-a650-38624cc3fe71,smart,2026-03-26T20:18:26,True,2846.99
61789aa4-4719-5600-8bbb-64af213ebb68,baseline,2026-01-28T11:54:56,False,0.00
61789aa4-4719-5600-8bbb-64af213ebb68,smart,2026-02-01T09:00:00,False,0.00
a6bc4ab0-7e4e-51f6-b26f-8ed3fd503900,baseline,2026-03-12T15:32:51,True,3182.35
a6bc4ab0-7e4e-51f6-b26f-8ed3fd503900,smart,2026-03-12T11:32:51,False,0.00
069e8bac-0e6d-5466-a770-eca52fa8b9d3,baseline,2026-03-24T08:42:21,True,487.77
069e8bac-0e6d-5466-a770-eca52fa8b9d3,smart,2026-03-24T08:42:21,True,487.77
cb6442f0-9dc5-5517-9d95-6dd18b1b65af,baseline,2026-01-20T07:57:14,False,0.00
cb6442f0-9dc5-5517-9d95-6dd18b1b65af,smart,2026-01-20T07:57:14,False,0.00
d98021a8-6088-5710-a43f-1818501cb7a1,baseline,,False,0.00
d98021a8-6088-5710-a43f-1818501cb7a1,smart,,False,0.00
8a091268-cb73-5ab3-bc49-1c3d5989ba3a,baseline,,False,0.00
8a091268-cb73-5ab3-bc49-1c3d5989ba3a,smart,,False,0.00
c9509675-fc40-55f8-9284-68fdaecf7f08,baseline,2026-01-29T23:50:34,False,0.00
c9509675-fc40-55f8-9284-68fdaecf7f08,smart,2026-02-01T09:00:00,True,1890.16
764afb51-4700-5e7c-b25c-9bc8f77b5422,baseline,,False,0.00
764afb51-4700-5e7c-b25c-9bc8f77b5422,smart,,False,0.00
16ef0c1e-08b0-56c5-b046-45db53b339c0,baseline,,False,0.00
16ef0c1e-08b0-56c5-b046-45db53b339c0,smart,,False,0.00
e627472d-b82c-5c1c-a523-7f63e30d6519,baseline,,False,0.00
e627472d-b82c-5c1c-a523-7f63e30d6519,smart,,False,0.00
79a8eb01-2da0-5365-853e-c03c5003fafb,baseline,2026-02-26T15:03:06,True,3545.08
79a8eb01-2da0-5365-853e-c03c5003fafb,smart,2026-03-01T09:00:00,True,3545.08
ea9ac863-c2b7-53cf-b641-e638255cc664,baseline,2026-02-28T00:29:18,False,0.00
ea9ac863-c2b7-53cf-b641-e638255cc664,smart,2026-03-01T09:00:00,True,2796.82
23f1a2a9-29e9-5c88-8a13-3df8596af180,baseline,2026-02-28T04:01:38,False,0.00
23f1a2a9-29e9-5c88-8a13-3df8596af180,smart,2026-03-01T09:00:00,True,1873.97
32ff94e3-e08a-5546-839f-8f0b50a56238,baseline,2026-03-17T17:10:23,True,2467.52
32ff94e3-e08a-5546-839f-8f0b50a56238,smart,2026-03-17T13:10:23,True,2467.52
497231eb-c284-5888-b1bf-cfa269b3823e,baseline,2026-03-24T07:48:16,True,2458.62
497231eb-c284-5888-b1bf-cfa269b3823e,smart,2026-03-24T07:48:16,True,2458.62
3899e683-7437-5256-88c6-31139ac473dd,baseline,,False,0.00
3899e683-7437-5256-88c6-31139ac473dd,smart,,False,0.00
eeb94127-e5bc-5d63-bdf7-9cce50d813f4,baseline,,False,0.00
eeb94127-e5bc-5d63-bdf7-9cce50d813f4,smart,,False,0.00
7fc9e611-a75f-53e3-a21b-f46d1bd2a96c,baseline,,False,0.00
7fc9e611-a75f-53e3-a21b-f46d1bd2a96c,smart,,False,0.00
69aa7ce2-d6be-574e-95e9-dfc93d1bbadf,baseline,2026-01-15T01:18:07,False,0.00
69aa7ce2-d6be-574e-95e9-dfc93d1bbadf,smart,2026-01-14T21:18:07,False,0.00
f540271a-40b2-50ae-8c31-0577b0016fbf,baseline,,False,0.00
f540271a-40b2-50ae-8c31-0577b0016fbf,smart,,False,0.00
dd4a34ae-58ff-5d31-a4b5-81100e562e38,baseline,2026-03-18T07:12:39,False,0.00
dd4a34ae-58ff-5d31-a4b5-81100e562e38,smart,2026-03-18T07:12:39,False,0.00
9c31c1b0-2b0d-5fa0-aabb-603cd313cd5a,baseline,2026-01-28T19:57:56,True,922.96
9c31c1b0-2b0d-5fa0-aabb-603cd313cd5a,smart,2026-02-01T09:00:00,True,922.96
6fe98037-588f-5f2e-a41f-359073a17520,baseline,,False,0.00
6fe98037-588f-5f2e-a41f-359073a17520,smart,,False,0.00
7bae15fb-d1b9-5e64-b169-7f7c34c007e0,baseline,2026-03-31T10:46:37,True,1006.51
7bae15fb-d1b9-5e64-b169-7f7c34c007e0,smart,2026-04-01T09:00:00,True,1006.51
d7b45761-90e0-5e49-848f-22622dabcb6a,baseline,,False,0.00
d7b45761-90e0-5e49-848f-22622dabcb6a,smart,,False,0.00
18fc0651-14ff-5b97-b90a-e61045a05c60,baseline,2026-02-24T07:55:14,True,2098.52
18fc0651-14ff-5b97-b90a-e61045a05c60,smart,2026-02-24T07:55:14,True,2098.52
a92cc4d5-a19d-5b76-b1a7-9fe3e9f7c565,baseline,,False,0.00
a92cc4d5-a19d-5b76-b1a7-9fe3e9f7c565,smart,,False,0.00
61799f68-77c1-57c1-a370-f45898732082,baseline,2026-01-04T23:54:38,True,2151.93
61799f68-77c1-57c1-a370-f45898732082,smart,2026-01-04T19:54:38,True,2151.93
80c0fc32-c346-5ad0-8199-4a00098e1cd5,baseline,2026-02-24T07:53:04,False,0.00
80c0fc32-c346-5ad0-8199-4a00098e1cd5,smart,2026-02-24T07:53:04,False,0.00
d9d0a012-db34-5ef3-bf52-2d3346ac4e49,baseline,,False,0.00
d9d0a012-db34-5ef3-bf52-2d3346ac4e49,smart,,False,0.00
eb082165-e4c8-5945-9c28-6bee8829a057,baseline,2026-01-08T16:02:39,False,0.00
eb082165-e4c8-5945-9c28-6bee8829a057,smart,2026-01-08T12:02:39,False,0.00
97bafc6d-24dd-5324-97be-3ca45739b253,baseline,,False,0.00
97bafc6d-24dd-5324-97be-3ca45739b253,smart,,False,0.00
7196962d-03c6-5d51-b651-9e2bfa8449e1,baseline,2026-01-30T14:22:48,False,0.00
7196962d-03c6-5d51-b651-9e2bfa8449e1,smart,2026-02-01T09:00:00,True,1071.23
a46078b6-2437-5eb4-9c4b-b9f7311a9361,baseline,2026-01-02T23:20:04,False,0.00
a46078b6-2437-5eb4-9c4b-b9f7311a9361,smart,2026-01-02T19:20:04,True,3996.78
b0bfbda9-ae9a-57ff-9211-5671b758554d,baseline,2026-02-02T17:45:36,False,0.00
b0bfbda9-ae9a-57ff-9211-5671b758554d,smart,2026-02-03T13:45:36,False,0.00
078c245a-1750-51dc-a9ea-09d0a3cac69a,baseline,2026-03-24T08:27:22,False,0.00
078c245a-1750-51dc-a9ea-09d0a3cac69a,smart,2026-03-24T08:27:22,False,0.00
9bba4676-52bc-561f-a305-e2f08ac90e1c,baseline,2026-02-27T10:48:42,False,0.00
9bba4676-52bc-561f-a305-e2f08ac90e1c,smart,2026-03-01T09:00:00,True,1057.47
01ee9c2b-a7e7-5d02-84a1-d9f2a7e3cfd6,baseline,2026-03-25T11:17:30,False,0.00
01ee9c2b-a7e7-5d02-84a1-d9f2a7e3cfd6,smart,2026-03-25T07:17:30,False,0.00
671bfb6a-7d30-5867-9db4-530be5c1caea,baseline,,False,0.00
671bfb6a-7d30-5867-9db4-530be5c1caea,smart,,False,0.00
9805c9af-111e-5a29-baae-f32a53040d0f,baseline,2026-01-27T00:47:44,True,1503.59
9805c9af-111e-5a29-baae-f32a53040d0f,smart,2026-01-26T20:47:44,True,1503.59
0c2df0f4-5149-55a7-beb3-b14215775b5b,baseline,2026-03-22T00:14:38,False,0.00
0c2df0f4-5149-55a7-beb3-b14215775b5b,smart,2026-03-21T20:14:38,True,1200.82
5d8e6895-bdf4-5cfc-8f56-6f04facbe408,baseline,2026-03-26T16:14:45,False,0.00
5d8e6895-bdf4-5cfc-8f56-6f04facbe408,smart,2026-04-01T09:00:00,True,1875.29
25997a12-6f5e-527e-a411-f4d42b05074d,baseline,,False,0.00
25997a12-6f5e-527e-a411-f4d42b05074d,smart,,False,0.00
cb18e63a-0fe2-5705-b0d3-5e7e755ffae8,baseline,,False,0.00
cb18e63a-0fe2-5705-b0d3-5e7e755ffae8,smart,,False,0.00
d9255a8a-3fc8-5dd3-b81b-540592b7fa2d,baseline,2026-03-28T15:00:49,False,0.00
d9255a8a-3fc8-5dd3-b81b-540592b7fa2d,smart,2026-04-01T09:00:00,False,0.00
589a0ded-b1b2-5e2c-945f-264f4c5361ec,baseline,2026-02-20T15:30:13,False,0.00
589a0ded-b1b2-5e2c-945f-264f4c5361ec,smart,2026-02-20T11:30:13,False,0.00
b97e493c-8105-508a-832a-25a6901063e0,baseline,,False,0.00
b97e493c-8105-508a-832a-25a6901063e0,smart,,False,0.00
b80a2834-a13e-59d3-9242-5c785f2ed05c,baseline,2026-03-28T10:57:22,True,6279.73
b80a2834-a13e-59d3-9242-5c785f2ed05c,smart,2026-04-01T09:00:00,False,0.00
693ff76b-c856-5859-b4ab-8da389d34a1b,baseline,2026-01-20T15:31:58,True,1897.05
693ff76b-c856-5859-b4ab-8da389d34a1b,smart,2026-01-20T11:31:58,False,0.00
74b02090-3aa5-50e4-a536-f841b789cb88,baseline,,False,0.00
74b02090-3aa5-50e4-a536-f841b789cb88,smart,,False,0.00
6510911a-0ebf-5813-bfac-e0e54b3b4e69,baseline,2026-03-14T17:56:33,False,0.00
6510911a-0ebf-5813-bfac-e0e54b3b4e69,smart,2026-03-14T13:56:33,True,504.86
1524430a-667a-502b-9fd4-655ff6398054,baseline,,False,0.00
1524430a-667a-502b-9fd4-655ff6398054,smart,,False,0.00
f16fcdd4-e6e8-5be9-9bdb-3df9d4f2f7dd,baseline,2026-01-29T23:26:41,False,0.00
f16fcdd4-e6e8-5be9-9bdb-3df9d4f2f7dd,smart,2026-02-01T09:00:00,True,1839.52
a924a2fe-a7af-53ad-8955-13ff762e8f0f,baseline,2026-03-21T16:43:03,True,694.39
a924a2fe-a7af-53ad-8955-13ff762e8f0f,smart,2026-03-21T12:43:03,True,694.39
bdcb7f9c-65e2-595b-b4cf-153c0bbec6ee,baseline,2026-01-30T01:13:35,False,0.00
bdcb7f9c-65e2-595b-b4cf-153c0bbec6ee,smart,2026-01-29T21:13:35,True,793.70
ffd8dc33-d888-5441-bdef-2ef49f7b16a4,baseline,2026-01-31T16:43:11,False,0.00
ffd8dc33-d888-5441-bdef-2ef49f7b16a4,smart,2026-02-01T09:00:00,True,4782.60
fd783306-d23d-556b-b529-7c282c4a90f3,baseline,2026-03-12T15:27:37,True,820.52
fd783306-d23d-556b-b529-7c282c4a90f3,smart,2026-03-12T11:27:37,True,820.52
5fda0547-b2fd-53aa-a503-abee20fd5163,baseline,2026-01-15T00:44:30,False,0.00
5fda0547-b2fd-53aa-a503-abee20fd5163,smart,2026-01-14T20:44:30,False,0.00
1d6f2f03-1a54-5cbe-b306-23d3c9a65ce7,baseline,2026-02-24T08:47:04,False,0.00
1d6f2f03-1a54-5cbe-b306-23d3c9a65ce7,smart,2026-02-24T08:47:04,False,0.00
a337ead3-6639-5af6-be89-0ed0b6d387f5,baseline,2026-02-27T07:45:09,False,0.00
a337ead3-6639-5af6-be89-0ed0b6d387f5,smart,2026-03-01T09:00:00,False,0.00
5760e03e-7a52-5091-9bee-4fd82e85eaf0,baseline,,False,0.00
5760e03e-7a52-5091-9bee-4fd82e85eaf0,smart,,False,0.00
95cf960d-52de-58fd-88c7-483fc763ff29,baseline,2026-03-24T07:15:36,False,0.00
95cf960d-52de-58fd-88c7-483fc763ff29,smart,2026-03-24T07:15:36,False,0.00
a0139e3b-f8b4-501d-b5b2-d261bf4318fb,baseline,2026-03-31T03:59:19,True,2646.01
a0139e3b-f8b4-501d-b5b2-d261bf4318fb,smart,2026-04-01T09:00:00,True,2646.01
3a93c55b-6dfc-5a3c-9ecd-c54b4be40bc7,baseline,,False,0.00
3a93c55b-6dfc-5a3c-9ecd-c54b4be40bc7,smart,,False,0.00
5bd71ad6-ac3a-5071-b746-25911e29174c,baseline,2026-02-18T07:16:27,True,2780.95
5bd71ad6-ac3a-5071-b746-25911e29174c,smart,2026-02-18T07:16:27,True,2780.95
d21bfb5b-b541-51ab-a063-da3d4f2daef8,baseline,2026-03-30T15:17:31,False,0.00
d21bfb5b-b541-51ab-a063-da3d4f2daef8,smart,2026-04-01T09:00:00,True,2838.09
540117af-7176-5fd3-9267-b72ef0796a6c,baseline,2026-02-26T20:46:41,True,26258.19
540117af-7176-5fd3-9267-b72ef0796a6c,smart,2026-02-27T16:46:41,False,0.00
b2bee3c6-754d-5724-a26b-b3422deacb87,baseline,,False,0.00
b2bee3c6-754d-5724-a26b-b3422deacb87,smart,,False,0.00
b1daca42-452e-5ca4-96d4-6d1501cb51d8,baseline,,False,0.00
b1daca42-452e-5ca4-96d4-6d1501cb51d8,smart,,False,0.00
35c99e4e-1966-5f77-bfd2-b538437b831c,baseline,,False,0.00
35c99e4e-1966-5f77-bfd2-b538437b831c,smart,,False,0.00
ff8a81b4-db3e-5e4c-b35f-69975570c785,baseline,2026-03-13T23:00:43,True,4657.43
ff8a81b4-db3e-5e4c-b35f-69975570c785,smart,2026-03-13T19:00:43,False,0.00
0d581737-7503-5e3f-9613-4037c71bc354,baseline,,False,0.00
0d581737-7503-5e3f-9613-4037c71bc354,smart,,False,0.00
a085ed91-022d-5c8d-8915-8c02969ca07d,baseline,2026-01-28T17:28:16,True,1630.51
a085ed91-022d-5c8d-8915-8c02969ca07d,smart,2026-02-01T09:00:00,False,0.00
bfd63c93-7812-5af3-a5a6-ddb6749890ed,baseline,2026-03-04T09:23:23,False,0.00
bfd63c93-7812-5af3-a5a6-ddb6749890ed,smart,2026-03-04T09:00:00,True,2423.94
f39131a6-bede-5c03-8de4-e4a758d9f8ee,baseline,,False,0.00
f39131a6-bede-5c03-8de4-e4a758d9f8ee,smart,,False,0.00
e6d0ce2e-7d9c-53ae-97b2-9bf020f5f6f9,baseline,,False,0.00
e6d0ce2e-7d9c-53ae-97b2-9bf020f5f6f9,smart,,False,0.00
2df0ef98-981c-5b48-a0df-dd14a35072ca,baseline,,False,0.00
2df0ef98-981c-5b48-a0df-dd14a35072ca,smart,,False,0.00
5f544223-6628-51ab-a904-7d7dda764285,baseline,,False,0.00
5f544223-6628-51ab-a904-7d7dda764285,smart,,False,0.00
b4c62b67-c1ba-5eee-8aec-5fc861ffe5e0,baseline,2026-01-22T16:16:50,False,0.00
b4c62b67-c1ba-5eee-8aec-5fc861ffe5e0,smart,2026-01-22T12:16:50,False,0.00
21b8a4df-fa2b-5e52-aef0-151f713bed65,baseline,,False,0.00
21b8a4df-fa2b-5e52-aef0-151f713bed65,smart,,False,0.00
405edfef-0e34-5d7f-a6a9-cb0522b9b65e,baseline,2026-03-27T23:06:37,False,0.00
405edfef-0e34-5d7f-a6a9-cb0522b9b65e,smart,2026-04-01T09:00:00,True,809.32
c625f081-8231-5511-87d1-784de53bd89b,baseline,2026-03-31T17:03:43,True,628.91
c625f081-8231-5511-87d1-784de53bd89b,smart,2026-04-01T09:00:00,True,628.91
aa7bf44d-dbfc-5a33-a555-2f441a04f16b,baseline,2026-01-27T20:19:15,False,0.00
aa7bf44d-dbfc-5a33-a555-2f441a04f16b,smart,2026-01-28T16:19:15,False,0.00
82d8526d-37b6-57ac-be52-9a132bdfe4d8,baseline,2026-03-26T23:51:19,True,1583.80
82d8526d-37b6-57ac-be52-9a132bdfe4d8,smart,2026-03-26T19:51:19,False,0.00
ae535df2-49ba-56a8-b139-43a7dc1335d5,baseline,,False,0.00
ae535df2-49ba-56a8-b139-43a7dc1335d5,smart,,False,0.00
165e2c88-e772-5938-979e-347527a92325,baseline,2026-02-24T07:37:14,False,0.00
165e2c88-e772-5938-979e-347527a92325,smart,2026-02-24T07:37:14,False,0.00
697fbf15-7258-5f04-bfd0-3260f6f7c766,baseline,,False,0.00
697fbf15-7258-5f04-bfd0-3260f6f7c766,smart,,False,0.00
e5a788c8-82ee-51cc-9817-fe97635958c9,baseline,2026-03-21T16:38:49,True,4717.08
e5a788c8-82ee-51cc-9817-fe97635958c9,smart,2026-03-21T12:38:49,True,4717.08
3441edde-3d04-5d3f-b3d5-8bded6b2451d,baseline,,False,0.00
3441edde-3d04-5d3f-b3d5-8bded6b2451d,smart,,False,0.00
313005ea-2a44-555d-8c53-c84b7e5ed4ea,baseline,2026-03-28T23:21:27,False,0.00
313005ea-2a44-555d-8c53-c84b7e5ed4ea,smart,2026-04-01T09:00:00,True,1184.34
6038b8a3-0ec1-55e1-8828-0188c88a022f,baseline,,False,0.00
6038b8a3-0ec1-55e1-8828-0188c88a022f,smart,,False,0.00
f6e9a872-e134-5ae5-bb92-4fd2381933c8,baseline,2026-01-27T01:50:02,True,1565.53
f6e9a872-e134-5ae5-bb92-4fd2381933c8,smart,2026-01-26T21:50:02,True,1565.53
b576bb02-1dd2-5a80-9a27-9dcbb9ee7247,baseline,2026-02-26T21:56:04,True,830.20
b576bb02-1dd2-5a80-9a27-9dcbb9ee7247,smart,2026-03-01T09:00:00,True,830.20
b7e4004f-5a0d-53f4-83f6-f11f241e1e41,baseline,2026-02-28T22:23:30,True,2387.86
b7e4004f-5a0d-53f4-83f6-f11f241e1e41,smart,2026-03-01T09:00:00,False,0.00
65fcac83-fc89-53c1-954b-b25db8c8368f,baseline,,False,0.00
65fcac83-fc89-53c1-954b-b25db8c8368f,smart,,False,0.00
d58db94e-c998-5236-8e27-5f265054bc4e,baseline,2026-02-28T01:40:39,False,0.00
d58db94e-c998-5236-8e27-5f265054bc4e,smart,2026-03-01T09:00:00,True,2910.94
eba9f1c9-e155-5ab9-9e67-5cb1e962c23f,baseline,2026-01-18T17:05:53,True,681.87
eba9f1c9-e155-5ab9-9e67-5cb1e962c23f,smart,2026-01-18T13:05:53,True,681.87
796dbfe5-e084-53fc-b768-a5866c5213e7,baseline,2026-03-24T07:15:24,False,0.00
796dbfe5-e084-53fc-b768-a5866c5213e7,smart,2026-03-24T07:15:24,False,0.00
4ee489d4-c600-529e-ac8d-098894378df8,baseline,2026-01-31T18:32:15,False,0.00
4ee489d4-c600-529e-ac8d-098894378df8,smart,2026-02-01T09:00:00,True,3564.02
dffd964b-0ec2-51f5-85b7-e4e475fae334,baseline,2026-03-01T00:02:09,False,0.00
dffd964b-0ec2-51f5-85b7-e4e475fae334,smart,2026-03-01T09:00:00,True,1993.35
c6878759-3dc0-557e-b3bb-fbcfab908a5d,baseline,,False,0.00
c6878759-3dc0-557e-b3bb-fbcfab908a5d,smart,,False,0.00
c091cee5-522e-561d-bac8-97f339b765d8,baseline,2026-03-30T23:17:53,False,0.00
c091cee5-522e-561d-bac8-97f339b765d8,smart,2026-04-01T09:00:00,True,9521.63
ade54687-a0b1-5b58-90f6-0e676dc4d954,baseline,,False,0.00
ade54687-a0b1-5b58-90f6-0e676dc4d954,smart,,False,0.00
da20d886-b8b2-5107-b685-1c6915f0d2b5,baseline,2026-02-03T15:45:16,False,0.00
da20d886-b8b2-5107-b685-1c6915f0d2b5,smart,2026-02-03T11:45:16,False,0.00
31da0113-ab4a-5a6e-84b5-dd6f2c6f607e,baseline,2026-01-15T17:42:02,True,5261.89
31da0113-ab4a-5a6e-84b5-dd6f2c6f607e,smart,2026-01-15T13:42:02,False,0.00
688f158a-e44c-50a5-8c06-1cec65b5895c,baseline,2026-04-01T00:25:27,True,3928.08
688f158a-e44c-50a5-8c06-1cec65b5895c,smart,2026-04-01T09:00:00,True,3928.08
f45e6246-ffd3-5a56-881f-86d71bc780fe,baseline,2026-01-30T05:42:16,False,0.00
f45e6246-ffd3-5a56-881f-86d71bc780fe,smart,2026-02-01T09:00:00,True,3375.22
eb2cdfd6-0dc0-5a44-8c8e-e87f8d8a4d4a,baseline,2026-03-18T07:50:55,True,1184.43
eb2cdfd6-0dc0-5a44-8c8e-e87f8d8a4d4a,smart,2026-03-18T07:50:55,True,1184.43
6e2479e4-57df-577e-9df0-24138d7ae424,baseline,2026-02-08T07:32:00,False,0.00
6e2479e4-57df-577e-9df0-24138d7ae424,smart,2026-02-08T07:32:00,False,0.00
32b536db-4439-5345-b077-4119c5cdc064,baseline,2026-03-31T10:39:36,False,0.00
32b536db-4439-5345-b077-4119c5cdc064,smart,2026-04-01T09:00:00,True,1370.05
fbfad43d-eec0-56a7-97b3-949440040cf6,baseline,2026-01-26T16:29:16,True,2025.19
fbfad43d-eec0-56a7-97b3-949440040cf6,smart,2026-01-26T12:29:16,True,2025.19
d9b6b8ec-c6da-5973-b72f-d467e4105794,baseline,,False,0.00
d9b6b8ec-c6da-5973-b72f-d467e4105794,smart,,False,0.00
f5bf5f26-8e38-5bd1-adc3-c46ca2a3b295,baseline,,False,0.00
f5bf5f26-8e38-5bd1-adc3-c46ca2a3b295,smart,,False,0.00
6cb0f73e-7abb-5145-9e24-0c9582a565e3,baseline,2026-02-26T16:17:44,True,7601.81
6cb0f73e-7abb-5145-9e24-0c9582a565e3,smart,2026-03-01T09:00:00,True,7601.81
99a8bef8-a27f-5310-ba8e-d2cb6351d953,baseline,,False,0.00
99a8bef8-a27f-5310-ba8e-d2cb6351d953,smart,,False,0.00
e59f6679-11bb-5412-9eaa-3dc1d0954ac1,baseline,2026-03-27T23:17:31,False,0.00
e59f6679-11bb-5412-9eaa-3dc1d0954ac1,smart,2026-04-01T09:00:00,True,1135.64
044fda5e-fc96-5d55-8d85-59a5fe5892ed,baseline,2026-03-24T08:12:59,True,7744.51
044fda5e-fc96-5d55-8d85-59a5fe5892ed,smart,2026-03-24T08:12:59,True,7744.51
6af9985c-74c4-57e4-a5e2-954c8ddb7072,baseline,2026-03-29T09:03:18,False,0.00
6af9985c-74c4-57e4-a5e2-954c8ddb7072,smart,2026-04-01T09:00:00,True,472.81
ef228f7d-cc37-5524-95f9-f849f60f0b97,baseline,2026-02-18T08:14:56,False,0.00
ef228f7d-cc37-5524-95f9-f849f60f0b97,smart,2026-02-18T08:14:56,False,0.00
1772c1c5-c98b-55e6-a0d1-96f5c72fc82e,baseline,,False,0.00
1772c1c5-c98b-55e6-a0d1-96f5c72fc82e,smart,,False,0.00
a3a9c510-e981-5cb8-950e-1b2e2052590e,baseline,2026-01-20T02:16:39,False,0.00
a3a9c510-e981-5cb8-950e-1b2e2052590e,smart,2026-01-20T22:16:39,True,17229.50
46009439-18ef-551a-8c96-b010150abed3,baseline,2026-03-31T21:01:23,False,0.00
46009439-18ef-551a-8c96-b010150abed3,smart,2026-04-01T09:00:00,True,1371.13
f2b1394d-f370-593c-8213-f5908b67fdf7,baseline,,False,0.00
f2b1394d-f370-593c-8213-f5908b67fdf7,smart,,False,0.00
97429626-f5d6-5fd9-ba57-4ea41ed37db4,baseline,,False,0.00
97429626-f5d6-5fd9-ba57-4ea41ed37db4,smart,,False,0.00
e519d1e7-5d54-50f1-a071-18c8578d6ff4,baseline,,False,0.00
e519d1e7-5d54-50f1-a071-18c8578d6ff4,smart,,False,0.00
e7bb2ef4-42bb-5b4d-9686-f5e231a69857,baseline,,False,0.00
e7bb2ef4-42bb-5b4d-9686-f5e231a69857,smart,,False,0.00
d9d2ca71-8946-56bc-adaa-2fccb55c5e9a,baseline,2026-01-18T08:33:10,False,0.00
d9d2ca71-8946-56bc-adaa-2fccb55c5e9a,smart,2026-01-18T08:33:10,False,0.00
4ba3379f-abf2-5d1d-8e36-37b727290e3e,baseline,,False,0.00
4ba3379f-abf2-5d1d-8e36-37b727290e3e,smart,,False,0.00
dd25e11b-df0b-5e1c-9ffa-18dcf0ce6ce6,baseline,2026-03-08T07:09:06,True,3200.95
dd25e11b-df0b-5e1c-9ffa-18dcf0ce6ce6,smart,2026-03-08T07:09:06,True,3200.95
9976e4cd-d477-576c-8058-e5c807091220,baseline,2026-03-24T07:49:35,False,0.00
9976e4cd-d477-576c-8058-e5c807091220,smart,2026-03-24T07:49:35,False,0.00
f833696b-3fd5-5bba-aedd-d7b5907a5bce,baseline,2026-01-06T00:41:19,False,0.00
f833696b-3fd5-5bba-aedd-d7b5907a5bce,smart,2026-01-06T20:41:19,False,0.00
90c847e0-76f1-54af-a8ae-f24da60c0eb7,baseline,2026-02-18T08:43:28,True,7234.98
90c847e0-76f1-54af-a8ae-f24da60c0eb7,smart,2026-02-18T08:43:28,True,7234.98
61d2610d-1db4-5354-a94d-7d02eeabc8c0,baseline,2026-02-07T01:51:54,False,0.00
61d2610d-1db4-5354-a94d-7d02eeabc8c0,smart,2026-02-06T21:51:54,True,1159.97
7a13bd95-e259-571d-9be3-ac21f27fa498,baseline,2026-03-08T01:44:50,True,14289.00
7a13bd95-e259-571d-9be3-ac21f27fa498,smart,2026-03-08T21:44:50,False,0.00
2d58a3ed-b140-5b27-91bc-e7e993860704,baseline,,False,0.00
2d58a3ed-b140-5b27-91bc-e7e993860704,smart,,False,0.00
b027b2dc-d683-5459-8ab4-69cf150bd765,baseline,2026-02-08T08:17:12,False,0.00
b027b2dc-d683-5459-8ab4-69cf150bd765,smart,2026-02-08T08:17:12,False,0.00
077d3d39-f8aa-52a5-8802-770367097a4f,baseline,2026-02-18T08:29:14,True,2243.58
077d3d39-f8aa-52a5-8802-770367097a4f,smart,2026-02-18T08:29:14,True,2243.58
dfb2f3da-b39b-5c19-828c-dd88cfeafd99,baseline,2026-03-08T17:32:20,False,0.00
dfb2f3da-b39b-5c19-828c-dd88cfeafd99,smart,2026-03-08T13:32:20,True,1527.04
cec385a8-566e-528e-9b8b-0babd4f8e872,baseline,2026-03-14T20:16:36,False,0.00
cec385a8-566e-528e-9b8b-0babd4f8e872,smart,2026-03-15T16:16:36,True,26240.29
6b107bfc-7c56-5ce9-ae34-c81e715d6348,baseline,2026-03-23T00:45:15,True,1107.43
6b107bfc-7c56-5ce9-ae34-c81e715d6348,smart,2026-03-22T20:45:15,False,0.00
2b4d341d-f60a-573e-a1b7-98c2afd0e4ee,baseline,2026-01-18T08:01:40,False,0.00
2b4d341d-f60a-573e-a1b7-98c2afd0e4ee,smart,2026-01-18T08:01:40,False,0.00
7843d4db-ccc2-53c1-ab8f-f6a6a165d77d,baseline,2026-01-24T07:00:32,False,0.00
7843d4db-ccc2-53c1-ab8f-f6a6a165d77d,smart,2026-01-24T07:00:32,False,0.00
a268500d-43bf-596b-83c6-e4f2391a4dca,baseline,2026-01-02T01:06:34,True,29807.79
a268500d-43bf-596b-83c6-e4f2391a4dca,smart,2026-01-02T21:06:34,False,0.00
51f9a6fd-a1e1-54e8-b3d9-0657d2313c89,baseline,2026-02-08T07:00:34,True,1282.82
51f9a6fd-a1e1-54e8-b3d9-0657d2313c89,smart,2026-02-08T07:00:34,True,1282.82
701704f6-ea7f-52b4-b3c7-5dbec1e9b127,baseline,2026-03-04T16:28:41,False,0.00
701704f6-ea7f-52b4-b3c7-5dbec1e9b127,smart,2026-03-04T12:28:41,True,1444.26
2dd54cda-2152-54f2-8695-1f72a6f884d7,baseline,2026-03-26T05:06:25,False,0.00
2dd54cda-2152-54f2-8695-1f72a6f884d7,smart,2026-04-01T09:00:00,True,2102.66
7530a15b-dd34-53a5-bd33-b95566c16862,baseline,2026-01-18T08:20:30,True,1097.38
7530a15b-dd34-53a5-bd33-b95566c16862,smart,2026-01-18T08:20:30,True,1097.38
01f9a94b-4f70-5b21-86ac-cf50ac416f13,baseline,2026-01-22T17:34:15,True,5355.26
01f9a94b-4f70-5b21-86ac-cf50ac416f13,smart,2026-01-22T13:34:15,True,5355.26
58537b79-2b7e-58a7-a662-7c4756557d57,baseline,2026-01-12T15:00:18,False,0.00
58537b79-2b7e-58a7-a662-7c4756557d57,smart,2026-01-12T11:00:18,False,0.00
d7926604-e070-5730-b606-486921c7d704,baseline,2026-02-07T17:52:46,True,539.46
d7926604-e070-5730-b606-486921c7d704,smart,2026-02-07T13:52:46,False,0.00
e2f72f74-a01f-551b-b597-87542624c271,baseline,,False,0.00
e2f72f74-a01f-551b-b597-87542624c271,smart,,False,0.00
dd56db00-d50c-5057-b0de-d17cc702908c,baseline,2026-03-24T07:41:55,False,0.00
dd56db00-d50c-5057-b0de-d17cc702908c,smart,2026-03-24T07:41:55,False,0.00
08528461-8962-5ef5-936d-2deff12bccb5,baseline,,False,0.00
08528461-8962-5ef5-936d-2deff12bccb5,smart,,False,0.00
d4812024-bb65-5b83-af90-783de3906ffc,baseline,2026-03-24T01:43:20,True,3362.22
d4812024-bb65-5b83-af90-783de3906ffc,smart,2026-03-23T21:43:20,False,0.00
2dd24a1a-f1f5-55ac-8813-1f11699c2df6,baseline,2026-01-27T03:03:02,True,2928.66
2dd24a1a-f1f5-55ac-8813-1f11699c2df6,smart,2026-02-01T09:00:00,True,2928.66
d1ba7b14-51f8-5165-9baf-2f3a2b47c073,baseline,2026-03-31T23:20:34,False,0.00
d1ba7b14-51f8-5165-9baf-2f3a2b47c073,smart,2026-04-01T09:00:00,True,3781.13
8dade0e7-619c-5a69-b1bf-4dcc65013513,baseline,2026-01-01T23:56:04,True,2016.81
8dade0e7-619c-5a69-b1bf-4dcc65013513,smart,2026-01-01T19:56:04,False,0.00
4e141b3e-d905-54f5-b330-488d1380e096,baseline,2026-03-26T17:30:26,False,0.00
4e141b3e-d905-54f5-b330-488d1380e096,smart,2026-04-01T09:00:00,False,0.00
c7c87e3c-3844-5622-b695-0dbf31712156,baseline,,False,0.00
c7c87e3c-3844-5622-b695-0dbf31712156,smart,,False,0.00
a0d17ab6-7236-5a15-b7de-d3379eec6ec6,baseline,2026-03-27T09:43:04,False,0.00
a0d17ab6-7236-5a15-b7de-d3379eec6ec6,smart,2026-04-01T09:00:00,True,9101.73
3dc97c3e-8fdc-550f-b251-f08436c65be9,baseline,2026-01-31T16:52:07,True,2227.23
3dc97c3e-8fdc-550f-b251-f08436c65be9,smart,2026-02-01T09:00:00,True,2227.23
172989bb-1353-5728-bfce-cdb5bd868292,baseline,2026-02-24T01:59:32,False,0.00
172989bb-1353-5728-bfce-cdb5bd868292,smart,2026-02-23T21:59:32,False,0.00
fbba5f92-bc54-518f-81a5-f5c968703153,baseline,,False,0.00
fbba5f92-bc54-518f-81a5-f5c968703153,smart,,False,0.00
e67cb62d-593e-5df2-8ac7-7e0ae4d79194,baseline,2026-01-28T15:57:46,False,0.00
e67cb62d-593e-5df2-8ac7-7e0ae4d79194,smart,2026-02-01T09:00:00,True,2989.45
878ec777-0b33-508e-aa4f-e9bb80ff6abb,baseline,2026-02-24T08:17:45,False,0.00
878ec777-0b33-508e-aa4f-e9bb80ff6abb,smart,2026-02-24T08:17:45,False,0.00
8013fbf2-b3d1-5897-826d-94dadcfa265c,baseline,2026-03-25T00:47:56,False,0.00
8013fbf2-b3d1-5897-826d-94dadcfa265c,smart,2026-03-25T20:47:56,False,0.00
044daa77-ac9b-57c4-af8b-5ac5c0129d87,baseline,,False,0.00
044daa77-ac9b-57c4-af8b-5ac5c0129d87,smart,,False,0.00
143a638a-d652-5955-881c-664b266eb973,baseline,,False,0.00
143a638a-d652-5955-881c-664b266eb973,smart,,False,0.00
919eaadb-5806-5e26-a0c6-330bfbe011a9,baseline,2026-01-07T01:28:04,True,5507.12
919eaadb-5806-5e26-a0c6-330bfbe011a9,smart,2026-01-06T21:28:04,True,5507.12
52a3a8f9-6dc4-579f-a1c2-d55257f92479,baseline,,False,0.00
52a3a8f9-6dc4-579f-a1c2-d55257f92479,smart,,False,0.00
ca422ad3-f849-5015-b6ab-bc835fe79849,baseline,,False,0.00
ca422ad3-f849-5015-b6ab-bc835fe79849,smart,,False,0.00
3b16859b-67c8-5408-971d-9d1e31f08449,baseline,,False,0.00
3b16859b-67c8-5408-971d-9d1e31f08449,smart,,False,0.00
b23e6041-3efa-5957-b1c7-d91db783a52d,baseline,,False,0.00
b23e6041-3efa-5957-b1c7-d91db783a52d,smart,,False,0.00
1613b8ff-4ff4-5469-98ec-8abd470376cd,baseline,2026-01-30T20:16:11,False,0.00
1613b8ff-4ff4-5469-98ec-8abd470376cd,smart,2026-02-01T09:00:00,True,1910.88
55796951-4d73-5d70-9d51-001814b74af5,baseline,,False,0.00
55796951-4d73-5d70-9d51-001814b74af5,smart,,False,0.00
4a9ae63f-af2d-53b1-a402-d04b6b0e42d3,baseline,2026-03-27T03:10:06,False,0.00
4a9ae63f-af2d-53b1-a402-d04b6b0e42d3,smart,2026-04-01T09:00:00,True,3138.98
3803a15f-de0b-570b-a7ce-cbbb9fbd5234,baseline,2026-03-02T23:06:46,False,0.00
3803a15f-de0b-570b-a7ce-cbbb9fbd5234,smart,2026-03-02T19:06:46,False,0.00
ef86483b-10c2-5c84-a414-60f1cbce4149,baseline,,False,0.00
ef86483b-10c2-5c84-a414-60f1cbce4149,smart,,False,0.00
2467187b-9a36-534f-be10-3174fbcae3c3,baseline,2026-02-05T01:50:17,True,20074.12
2467187b-9a36-534f-be10-3174fbcae3c3,smart,2026-02-05T21:50:17,False,0.00
32c74f3b-c3e2-5a99-aa59-404a453e0477,baseline,,False,0.00
32c74f3b-c3e2-5a99-aa59-404a453e0477,smart,,False,0.00
17f4884c-21da-512e-a1cc-7c072a4193c1,baseline,,False,0.00
17f4884c-21da-512e-a1cc-7c072a4193c1,smart,,False,0.00
cf854a28-ef41-56f7-8242-69a91ffce6f9,baseline,,False,0.00
cf854a28-ef41-56f7-8242-69a91ffce6f9,smart,,False,0.00
66095243-163e-5cdc-b6c1-d8de662b73ec,baseline,2026-02-26T16:34:37,True,1457.99
66095243-163e-5cdc-b6c1-d8de662b73ec,smart,2026-03-01T09:00:00,False,0.00
cdcc885e-3e90-5354-95b5-d028a1d894a2,baseline,2026-03-28T16:08:08,False,0.00
cdcc885e-3e90-5354-95b5-d028a1d894a2,smart,2026-03-28T12:08:08,False,0.00
0a6ae580-f913-5fd2-af87-7159d923a4b1,baseline,,False,0.00
0a6ae580-f913-5fd2-af87-7159d923a4b1,smart,,False,0.00
5d264a18-a38b-5e28-a89c-25bf3dc9cc6b,baseline,2026-02-18T08:29:13,False,0.00
5d264a18-a38b-5e28-a89c-25bf3dc9cc6b,smart,2026-02-18T08:29:13,False,0.00
40374061-9659-50a4-b4cb-c438d6fea496,baseline,2026-02-01T01:18:51,False,0.00
40374061-9659-50a4-b4cb-c438d6fea496,smart,2026-02-01T09:00:00,False,0.00
2f3bc97b-442a-5954-b82b-329ba9d74e16,baseline,2026-02-27T17:18:02,False,0.00
2f3bc97b-442a-5954-b82b-329ba9d74e16,smart,2026-02-27T13:18:02,True,2730.01
75b66234-e00c-5570-88d8-48268046e3d3,baseline,,False,0.00
75b66234-e00c-5570-88d8-48268046e3d3,smart,,False,0.00
0a93f5c1-0b15-5383-b612-ef7ec6296883,baseline,,False,0.00
0a93f5c1-0b15-5383-b612-ef7ec6296883,smart,,False,0.00
4b7f9fa9-51da-50b3-943f-5552f7142dbe,baseline,2026-02-28T07:12:16,True,3799.02
4b7f9fa9-51da-50b3-943f-5552f7142dbe,smart,2026-03-01T09:00:00,True,3799.02
e6d34c22-a006-57ce-bef1-c68be878a3ec,baseline,2026-03-16T01:46:24,False,0.00
e6d34c22-a006-57ce-bef1-c68be878a3ec,smart,2026-03-15T21:46:24,True,991.84
3396acf8-7a0e-5df5-900e-c4eeabfd5432,baseline,2026-01-31T00:51:45,False,0.00
3396acf8-7a0e-5df5-900e-c4eeabfd5432,smart,2026-01-30T20:51:45,True,1013.62
21d5f4d8-e10d-5b5b-ace9-c1b322a1f6b6,baseline,,False,0.00
21d5f4d8-e10d-5b5b-ace9-c1b322a1f6b6,smart,,False,0.00
928369eb-49f4-5ebc-8543-d2d8411f7748,baseline,,False,0.00
928369eb-49f4-5ebc-8543-d2d8411f7748,smart,,False,0.00
bad87b2c-2368-5b71-8ddb-8a0972c45d78,baseline,2026-03-15T01:57:06,True,3337.23
bad87b2c-2368-5b71-8ddb-8a0972c45d78,smart,2026-03-14T21:57:06,False,0.00
18598f22-7b18-5123-9803-08b0166b8e81,baseline,2026-01-21T12:15:39,False,0.00
18598f22-7b18-5123-9803-08b0166b8e81,smart,2026-01-21T08:15:39,False,0.00
a2b9d438-b215-557c-b285-00074418499b,baseline,2026-02-05T01:20:27,False,0.00
a2b9d438-b215-557c-b285-00074418499b,smart,2026-02-04T21:20:27,False,0.00
c9558daf-aeed-5ae6-b08e-0a140dd334e8,baseline,2026-01-28T23:23:39,True,2318.44
c9558daf-aeed-5ae6-b08e-0a140dd334e8,smart,2026-02-01T09:00:00,True,2318.44
d1dbf13f-6744-51c1-bcc6-2f638401263c,baseline,,False,0.00
d1dbf13f-6744-51c1-bcc6-2f638401263c,smart,,False,0.00
4d26a0c4-d1a5-57f0-a84b-8663e427281d,baseline,2026-01-28T23:12:56,True,3100.20
4d26a0c4-d1a5-57f0-a84b-8663e427281d,smart,2026-01-28T19:12:56,True,3100.20
2aa01ab2-4330-5e78-beef-598b00283bf1,baseline,,False,0.00
2aa01ab2-4330-5e78-beef-598b00283bf1,smart,,False,0.00
d7d92816-4ff1-5853-a7fe-f70dfd6326f4,baseline,2026-02-27T15:47:04,False,0.00
d7d92816-4ff1-5853-a7fe-f70dfd6326f4,smart,2026-03-01T09:00:00,False,0.00
3de3d270-3b46-5b61-9748-dd4f5b050d00,baseline,2026-03-29T10:44:34,True,754.48
3de3d270-3b46-5b61-9748-dd4f5b050d00,smart,2026-04-01T09:00:00,False,0.00
187fdf36-0e4d-5787-ae91-a77a7898105c,baseline,2026-02-04T17:33:52,True,1032.34
187fdf36-0e4d-5787-ae91-a77a7898105c,smart,2026-02-04T13:33:52,True,1032.34
17a51586-eb44-5faa-bf86-f0bd14269282,baseline,2026-02-18T08:47:53,False,0.00
17a51586-eb44-5faa-bf86-f0bd14269282,smart,2026-02-18T08:47:53,False,0.00
21debb54-4872-5c85-ba47-1914920f3ca6,baseline,2026-02-28T10:02:05,False,0.00
21debb54-4872-5c85-ba47-1914920f3ca6,smart,2026-03-01T09:00:00,True,1616.50
bb9d403d-a188-536e-8df4-f2e12a998aca,baseline,,False,0.00
bb9d403d-a188-536e-8df4-f2e12a998aca,smart,,False,0.00
04b74858-1ba1-5301-b9b0-5127ff423c7b,baseline,,False,0.00
04b74858-1ba1-5301-b9b0-5127ff423c7b,smart,,False,0.00
571ae3c0-55a9-5b71-9174-5a10b5e0fff9,baseline,2026-01-30T18:36:11,True,8732.54
571ae3c0-55a9-5b71-9174-5a10b5e0fff9,smart,2026-02-01T09:00:00,True,8732.54
cadab418-466a-5a1f-9412-43de649eac45,baseline,,False,0.00
cadab418-466a-5a1f-9412-43de649eac45,smart,,False,0.00
6b4908f8-38f2-5db7-a753-0f05385f3d5c,baseline,2026-03-10T23:01:08,False,0.00
6b4908f8-38f2-5db7-a753-0f05385f3d5c,smart,2026-03-10T19:01:08,False,0.00
ae6e84ea-046f-50f9-aaa8-64f42284ea52,baseline,2026-02-27T01:28:45,False,0.00
ae6e84ea-046f-50f9-aaa8-64f42284ea52,smart,2026-03-01T09:00:00,True,1562.27
12f97c38-481e-57ed-b34a-0b9f02794eca,baseline,,False,0.00
12f97c38-481e-57ed-b34a-0b9f02794eca,smart,,False,0.00
fbb37354-e138-5442-b037-283a5451cf72,baseline,2026-02-23T00:47:25,False,0.00
fbb37354-e138-5442-b037-283a5451cf72,smart,2026-02-23T20:47:25,False,0.00
adeb01de-09c8-5ed0-942e-654432ac0f3a,baseline,2026-02-26T16:14:03,False,0.00
adeb01de-09c8-5ed0-942e-654432ac0f3a,smart,2026-03-01T09:00:00,True,1276.42
af5d802a-9ae6-5dfd-b26b-942992b43f01,baseline,,False,0.00
af5d802a-9ae6-5dfd-b26b-942992b43f01,smart,,False,0.00
d9a24a1b-87a6-5772-ba85-fe87f1cf8523,baseline,,False,0.00
d9a24a1b-87a6-5772-ba85-fe87f1cf8523,smart,,False,0.00
e7261e80-ba94-52f8-9687-92c4bd8f08ec,baseline,2026-01-28T15:40:29,False,0.00
e7261e80-ba94-52f8-9687-92c4bd8f08ec,smart,2026-01-29T11:40:29,False,0.00
df5be6e3-05af-5a85-a580-bb04c585bdbe,baseline,2026-03-01T23:05:52,True,2354.50
df5be6e3-05af-5a85-a580-bb04c585bdbe,smart,2026-04-01T09:00:00,False,0.00
1882b049-2210-5c7e-a1dc-75b16c2814f9,baseline,2026-02-24T08:58:36,True,3254.99
1882b049-2210-5c7e-a1dc-75b16c2814f9,smart,2026-02-24T08:58:36,True,3254.99
69bd4ec0-253a-5c37-8252-3f05372f9f45,baseline,,False,0.00
69bd4ec0-253a-5c37-8252-3f05372f9f45,smart,,False,0.00
4399e871-ad06-5aed-bd28-5906a673762e,baseline,,False,0.00
4399e871-ad06-5aed-bd28-5906a673762e,smart,,False,0.00
652ad297-95d2-5342-b540-2c3c92d386cf,baseline,2026-03-23T00:28:16,False,0.00
652ad297-95d2-5342-b540-2c3c92d386cf,smart,2026-03-23T20:28:16,True,24588.86
028f1678-631c-5f1e-93bc-acfd32ecbb11,baseline,2026-01-29T23:15:12,True,1418.15
028f1678-631c-5f1e-93bc-acfd32ecbb11,smart,2026-02-01T09:00:00,True,1418.15
5227bbe2-24d9-5182-8656-8e73bfb36b19,baseline,2026-03-31T09:45:47,True,1291.44
5227bbe2-24d9-5182-8656-8e73bfb36b19,smart,2026-04-01T09:00:00,True,1291.44
a78d2f5e-ed70-50d2-8b88-2087ccb794b9,baseline,,False,0.00
a78d2f5e-ed70-50d2-8b88-2087ccb794b9,smart,,False,0.00
c5ff249b-8c18-5aea-8fc5-65a5223e90c2,baseline,2026-02-08T07:35:42,True,2268.30
c5ff249b-8c18-5aea-8fc5-65a5223e90c2,smart,2026-02-08T07:35:42,True,2268.30
014c05e7-296e-574a-9a39-18815347df8b,baseline,2026-02-28T01:38:50,False,0.00
014c05e7-296e-574a-9a39-18815347df8b,smart,2026-02-27T21:38:50,True,2666.80
4c0bbdab-b8ce-5ecd-99b5-8679c5875b75,baseline,2026-03-15T18:09:39,False,0.00
4c0bbdab-b8ce-5ecd-99b5-8679c5875b75,smart,2026-03-15T14:09:39,False,0.00
1ad5cccf-c788-5415-b632-ad742e92ed48,baseline,2026-03-18T07:25:02,False,0.00
1ad5cccf-c788-5415-b632-ad742e92ed48,smart,2026-03-18T07:25:02,False,0.00
704c768a-275c-5619-8ace-54b70d73a02d,baseline,2026-03-22T00:32:14,False,0.00
704c768a-275c-5619-8ace-54b70d73a02d,smart,2026-03-22T20:32:14,False,0.00
b5244634-39c3-589c-a6c4-14339be194ec,baseline,2026-01-30T15:27:56,False,0.00
b5244634-39c3-589c-a6c4-14339be194ec,smart,2026-02-01T09:00:00,False,0.00
a72b5bbd-1e9b-5d73-b170-ea455a7c2098,baseline,2026-03-28T00:29:26,False,0.00
a72b5bbd-1e9b-5d73-b170-ea455a7c2098,smart,2026-03-27T20:29:26,False,0.00
f79e6f35-9fd8-532b-bc3b-219045a83e46,baseline,2026-01-27T17:14:52,True,2934.99
f79e6f35-9fd8-532b-bc3b-219045a83e46,smart,2026-02-01T09:00:00,True,2934.99
a2265cac-d368-54c2-8281-e00139f09458,baseline,,False,0.00
a2265cac-d368-54c2-8281-e00139f09458,smart,,False,0.00
11765fac-279f-56b8-95a4-c3293e7cd6ce,baseline,2026-02-18T07:18:34,True,3136.27
11765fac-279f-56b8-95a4-c3293e7cd6ce,smart,2026-02-18T07:18:34,True,3136.27
7ee6a3d3-10c9-507a-b523-0643f8b7b672,baseline,2026-02-18T08:15:08,False,0.00
7ee6a3d3-10c9-507a-b523-0643f8b7b672,smart,2026-02-18T08:15:08,False,0.00
0e98d1e9-8cff-5748-a85a-d64213257974,baseline,,False,0.00
0e98d1e9-8cff-5748-a85a-d64213257974,smart,,False,0.00
2281bece-6086-505e-8a50-77a264d96703,baseline,,False,0.00
2281bece-6086-505e-8a50-77a264d96703,smart,,False,0.00
6f72c0b3-3c72-552f-82ce-67ac23a0a680,baseline,,False,0.00
6f72c0b3-3c72-552f-82ce-67ac23a0a680,smart,,False,0.00
6e58719d-82ff-5b2f-a932-9261f54f01c5,baseline,2026-02-28T18:31:20,True,1123.49
6e58719d-82ff-5b2f-a932-9261f54f01c5,smart,2026-03-01T09:00:00,True,1123.49
3b2efc35-69c5-521a-b5b7-f8546db1e5ab,baseline,2026-01-14T00:43:01,False,0.00
3b2efc35-69c5-521a-b5b7-f8546db1e5ab,smart,2026-01-13T20:43:01,False,0.00
ddb512d9-8f81-5d9b-af70-0ac2513f090f,baseline,2026-01-24T00:02:57,True,22534.59
ddb512d9-8f81-5d9b-af70-0ac2513f090f,smart,2026-01-24T20:02:57,False,0.00
e8c3fa08-7600-50c9-9170-71c1b1d71daf,baseline,,False,0.00
e8c3fa08-7600-50c9-9170-71c1b1d71daf,smart,,False,0.00
2be4f120-129e-5934-97fe-09eb90dbeddc,baseline,,False,0.00
2be4f120-129e-5934-97fe-09eb90dbeddc,smart,,False,0.00
4edaa21a-66b1-5182-aecf-f54bfc8f894a,baseline,2026-01-03T17:51:35,False,0.00
4edaa21a-66b1-5182-aecf-f54bfc8f894a,smart,2026-01-04T13:51:35,False,0.00
fa184c21-9276-5c22-8016-02194b900dee,baseline,2026-01-28T17:52:25,True,1165.22
fa184c21-9276-5c22-8016-02194b900dee,smart,2026-02-01T09:00:00,True,1165.22
ea9d9e2c-4cea-5f9f-99ae-565a653e9485,baseline,2026-01-27T16:18:03,False,0.00
ea9d9e2c-4cea-5f9f-99ae-565a653e9485,smart,2026-02-01T09:00:00,True,726.37
5718374d-4179-5d01-94e8-c31473eb2b7a,baseline,2026-02-26T17:03:54,True,7276.70
5718374d-4179-5d01-94e8-c31473eb2b7a,smart,2026-03-01T09:00:00,True,7276.70
987cd9b2-7b52-5df4-8f37-aaa71c2e355c,baseline,,False,0.00
987cd9b2-7b52-5df4-8f37-aaa71c2e355c,smart,,False,0.00
8813cb7b-508b-540f-88f5-9407a46c3199,baseline,2026-02-08T07:03:55,False,0.00
8813cb7b-508b-540f-88f5-9407a46c3199,smart,2026-02-08T07:03:55,False,0.00
aec265cd-9e88-59f2-9842-956ee67087e6,baseline,2026-01-25T08:01:05,True,1670.01
aec265cd-9e88-59f2-9842-956ee67087e6,smart,2026-01-25T04:01:05,False,0.00
b3e24d6e-f5a7-5311-827e-b4b9eefc8ef3,baseline,2026-02-05T19:29:53,True,29483.78
b3e24d6e-f5a7-5311-827e-b4b9eefc8ef3,smart,2026-02-06T15:29:53,False,0.00
70eb0467-c6b3-5821-a854-076e4ebd4ea4,baseline,2026-03-16T16:58:09,True,1163.04
70eb0467-c6b3-5821-a854-076e4ebd4ea4,smart,2026-03-16T12:58:09,True,1163.04
7d74c16d-261c-58dc-b16d-f429aef861e4,baseline,,False,0.00
7d74c16d-261c-58dc-b16d-f429aef861e4,smart,,False,0.00
593ad1e6-1964-5458-9cc0-5580492a4785,baseline,2026-01-06T14:09:33,False,0.00
593ad1e6-1964-5458-9cc0-5580492a4785,smart,2026-01-07T10:09:33,False,0.00
149d89ec-d029-5e37-94b2-4fc774e21a57,baseline,2026-01-08T19:33:45,False,0.00
149d89ec-d029-5e37-94b2-4fc774e21a57,smart,2026-01-09T15:33:45,True,50000.00
f140ac73-69b9-546c-8175-dd473cb20990,baseline,,False,0.00
f140ac73-69b9-546c-8175-dd473cb20990,smart,,False,0.00
41f8086f-312b-5ced-8b9b-011d2a75514b,baseline,2026-03-28T18:35:59,False,0.00
41f8086f-312b-5ced-8b9b-011d2a75514b,smart,2026-04-01T09:00:00,False,0.00
b14b34f7-1ca5-53f2-aced-d2dd33da7f92,baseline,2026-01-29T01:49:57,False,0.00
b14b34f7-1ca5-53f2-aced-d2dd33da7f92,smart,2026-02-01T09:00:00,False,0.00
f1c7fc53-d5bd-52d1-b8cb-e1d36545a4a0,baseline,,False,0.00
f1c7fc53-d5bd-52d1-b8cb-e1d36545a4a0,smart,,False,0.00
08c0473d-163d-5c31-9604-c8916970cc51,baseline,2026-03-29T00:05:10,False,0.00
08c0473d-163d-5c31-9604-c8916970cc51,smart,2026-04-01T09:00:00,True,6984.35
3257e370-0a8d-5edb-a8c3-e98f78e34a12,baseline,2026-03-30T00:06:59,False,0.00
3257e370-0a8d-5edb-a8c3-e98f78e34a12,smart,2026-04-01T09:00:00,False,0.00
6ba63fa0-2481-5afc-a7da-499e9803a808,baseline,,False,0.00
6ba63fa0-2481-5afc-a7da-499e9803a808,smart,,False,0.00
d70741b6-8690-5fb5-b8b9-e1069b4ef2cc,baseline,2026-02-26T22:12:23,False,0.00
d70741b6-8690-5fb5-b8b9-e1069b4ef2cc,smart,2026-03-01T09:00:00,True,1645.51
80a31fbc-9809-52dc-bbc6-df5c1e11b48e,baseline,2026-01-18T07:32:20,False,0.00
80a31fbc-9809-52dc-bbc6-df5c1e11b48e,smart,2026-01-18T07:32:20,False,0.00
e126612c-fef5-5a99-b034-3c92782ef675,baseline,2026-03-02T03:24:45,False,0.00
e126612c-fef5-5a99-b034-3c92782ef675,smart,2026-04-01T09:00:00,False,0.00
e00af6a2-fa2d-5116-b8f2-f39001b46858,baseline,2026-02-10T16:46:35,True,1240.83
e00af6a2-fa2d-5116-b8f2-f39001b46858,smart,2026-02-10T12:46:35,False,0.00
51638812-e866-51e2-a5a5-84c3a268993e,baseline,,False,0.00
51638812-e866-51e2-a5a5-84c3a268993e,smart,,False,0.00
ec19ec3e-e209-577b-baef-91825e271116,baseline,,False,0.00
ec19ec3e-e209-577b-baef-91825e271116,smart,,False,0.00
bb7862df-bbca-502e-8eae-6fcd4d16f52b,baseline,,False,0.00
bb7862df-bbca-502e-8eae-6fcd4d16f52b,smart,,False,0.00
ad22002a-5d28-55ac-8f92-44773fb13536,baseline,2026-01-08T00:31:27,False,0.00
ad22002a-5d28-55ac-8f92-44773fb13536,smart,2026-01-07T20:31:27,False,0.00
f73cfedf-dd50-58d4-8bb3-7da946aa696e,baseline,2026-03-12T20:07:40,False,0.00
f73cfedf-dd50-58d4-8bb3-7da946aa696e,smart,2026-03-13T16:07:40,False,0.00
42ede58f-2d70-527a-94be-f1e83ad14dd5,baseline,2026-01-31T22:09:53,False,0.00
42ede58f-2d70-527a-94be-f1e83ad14dd5,smart,2026-02-01T09:00:00,True,3473.39
017d74be-0ef7-54af-a46b-2909bd33a3e9,baseline,2026-03-29T06:09:53,False,0.00
017d74be-0ef7-54af-a46b-2909bd33a3e9,smart,2026-04-01T09:00:00,False,0.00
9ee27275-698c-505d-89de-742bf0a8a7df,baseline,2026-01-29T16:45:31,False,0.00
9ee27275-698c-505d-89de-742bf0a8a7df,smart,2026-02-01T09:00:00,True,419.64
6ff7ab0b-8bd4-53a5-9f48-dbc307a7b64b,baseline,2026-02-11T01:16:33,False,0.00
6ff7ab0b-8bd4-53a5-9f48-dbc307a7b64b,smart,2026-02-10T21:16:33,True,4399.18
2be35c4e-d811-5875-84b7-78d727644b58,baseline,2026-02-24T08:07:34,True,2090.17
2be35c4e-d811-5875-84b7-78d727644b58,smart,2026-02-24T08:07:34,True,2090.17
25cf5b53-1a39-51e3-a252-a126be42fcb0,baseline,2026-02-28T01:10:31,True,2904.42
25cf5b53-1a39-51e3-a252-a126be42fcb0,smart,2026-03-01T09:00:00,True,2904.42
b5622ec0-96ad-5c78-8553-bb37ae9530cd,baseline,,False,0.00
b5622ec0-96ad-5c78-8553-bb37ae9530cd,smart,,False,0.00
7046c75e-6d9c-539a-a73b-a7598ef3292b,baseline,2026-02-24T15:52:24,False,0.00
7046c75e-6d9c-539a-a73b-a7598ef3292b,smart,2026-02-24T11:52:24,True,1092.46
b640c6fe-e63b-5bde-8729-2a6d3901f15c,baseline,,False,0.00
b640c6fe-e63b-5bde-8729-2a6d3901f15c,smart,,False,0.00
c97766fa-3fda-5da9-aad8-1f1e2f711948,baseline,2026-03-20T00:02:05,False,0.00
c97766fa-3fda-5da9-aad8-1f1e2f711948,smart,2026-03-19T20:02:05,False,0.00
b160d51d-10ba-5edc-83b6-fe4205761b66,baseline,2026-01-14T03:59:10,False,0.00
b160d51d-10ba-5edc-83b6-fe4205761b66,smart,2026-01-13T23:59:10,True,766.68
0f3d6966-3735-53f5-a005-41e128938265,baseline,2026-01-29T16:20:26,False,0.00
0f3d6966-3735-53f5-a005-41e128938265,smart,2026-02-01T09:00:00,True,9884.19
59850707-7b83-59ab-9761-3aa6689c8a02,baseline,2026-02-10T12:33:52,False,0.00
59850707-7b83-59ab-9761-3aa6689c8a02,smart,2026-02-11T08:33:52,True,13892.50
128afbd2-8bb8-527b-b055-0cf5c4630e42,baseline,2026-03-27T11:43:49,True,807.65
128afbd2-8bb8-527b-b055-0cf5c4630e42,smart,2026-04-01T09:00:00,False,0.00
d24451d8-4b44-5c11-ab96-02d45ca884f6,baseline,2026-01-31T15:22:25,False,0.00
d24451d8-4b44-5c11-ab96-02d45ca884f6,smart,2026-02-01T09:00:00,True,2436.39
99cff7a2-ea71-50ba-9c17-3b563cb1a4f6,baseline,,False,0.00
99cff7a2-ea71-50ba-9c17-3b563cb1a4f6,smart,,False,0.00
2561f452-7c71-5e46-8e53-d299a8bfe6bc,baseline,2026-02-27T15:45:01,False,0.00
2561f452-7c71-5e46-8e53-d299a8bfe6bc,smart,2026-03-01T09:00:00,False,0.00
46b86fe9-15db-5026-b33d-573f58f1e9cb,baseline,2026-03-14T16:54:17,True,4309.45
46b86fe9-15db-5026-b33d-573f58f1e9cb,smart,2026-03-14T12:54:17,True,4309.45
4429813c-a6d7-510b-b95f-7c03000d0832,baseline,,False,0.00
4429813c-a6d7-510b-b95f-7c03000d0832,smart,,False,0.00
f0512ebf-ab22-5bfa-97e6-7bc9a54b4585,baseline,2026-01-29T17:51:23,True,1240.81
f0512ebf-ab22-5bfa-97e6-7bc9a54b4585,smart,2026-02-01T09:00:00,True,1240.81
37badeb9-a84b-5952-a7ce-f7a993d521b7,baseline,,False,0.00
37badeb9-a84b-5952-a7ce-f7a993d521b7,smart,,False,0.00
4b570f99-f73a-5944-aff7-708501ff7e13,baseline,2026-03-28T16:47:32,True,4177.69
4b570f99-f73a-5944-aff7-708501ff7e13,smart,2026-03-28T12:47:32,False,0.00
8bd25dab-020c-5cd0-92b5-048fe770ec7a,baseline,2026-01-27T16:53:02,False,0.00
8bd25dab-020c-5cd0-92b5-048fe770ec7a,smart,2026-02-01T09:00:00,True,1136.86
fac1ad15-5313-53d3-9a44-f63e7c91a726,baseline,2026-03-18T07:54:20,True,978.10
fac1ad15-5313-53d3-9a44-f63e7c91a726,smart,2026-03-18T07:54:20,True,978.10
8cb111d4-a3fc-5972-92ec-a1d985c9b39d,baseline,,False,0.00
8cb111d4-a3fc-5972-92ec-a1d985c9b39d,smart,,False,0.00
adb25e72-4618-55d2-af90-2409c0020763,baseline,,False,0.00
adb25e72-4618-55d2-af90-2409c0020763,smart,,False,0.00
0db50934-0fa6-5d98-bc3b-224c8324c8d4,baseline,2026-02-24T08:25:14,True,3621.63
0db50934-0fa6-5d98-bc3b-224c8324c8d4,smart,2026-02-24T08:25:14,True,3621.63
cdf5b7a3-3e89-5feb-b0a7-7ac56e253992,baseline,2026-03-30T16:25:02,True,4799.56
cdf5b7a3-3e89-5feb-b0a7-7ac56e253992,smart,2026-04-01T09:00:00,True,4799.56
5641e898-75a8-562c-8408-2ab9d687da85,baseline,,False,0.00
5641e898-75a8-562c-8408-2ab9d687da85,smart,,False,0.00
b0f30373-c842-54d3-8e13-5d5c60a804be,baseline,,False,0.00
b0f30373-c842-54d3-8e13-5d5c60a804be,smart,,False,0.00
7b462ded-65f1-5181-9cc0-fbe1e269386f,baseline,2026-02-08T07:38:33,True,1599.34
7b462ded-65f1-5181-9cc0-fbe1e269386f,smart,2026-02-08T07:38:33,True,1599.34
f18b0c68-277b-5f5d-a278-322731d6bdbc,baseline,2026-02-18T07:21:11,True,751.07
f18b0c68-277b-5f5d-a278-322731d6bdbc,smart,2026-02-18T07:21:11,True,751.07
ebb13c08-ac98-592f-babb-79d1f42f3dbf,baseline,2026-01-06T02:17:14,True,944.38
ebb13c08-ac98-592f-babb-79d1f42f3dbf,smart,2026-02-01T09:00:00,True,944.38
494d8738-2b94-59cd-8522-a88ae544e44f,baseline,2026-01-26T15:38:42,False,0.00
494d8738-2b94-59cd-8522-a88ae544e44f,smart,2026-01-26T11:38:42,False,0.00
1743bd8d-fd96-5920-ae35-3339bc2a06b9,baseline,2026-02-18T17:37:00,False,0.00
1743bd8d-fd96-5920-ae35-3339bc2a06b9,smart,2026-02-18T13:37:00,True,2449.05
b799ee0f-7a69-5991-b01e-975e565571cd,baseline,2026-03-08T08:38:12,True,1248.14
b799ee0f-7a69-5991-b01e-975e565571cd,smart,2026-03-08T08:38:12,True,1248.14
c7245522-2e21-5db2-8c66-092352187565,baseline,2026-01-24T07:09:38,False,0.00
c7245522-2e21-5db2-8c66-092352187565,smart,2026-01-24T07:09:38,False,0.00
fc6f0c2f-3b0d-5b30-9ef4-aea953d455c4,baseline,,False,0.00
fc6f0c2f-3b0d-5b30-9ef4-aea953d455c4,smart,,False,0.00
b766c99f-5409-5398-8c40-72df1b836cd3,baseline,2026-01-07T04:33:58,True,32431.34
b766c99f-5409-5398-8c40-72df1b836cd3,smart,2026-01-08T00:33:58,True,32431.34
9f6fa237-9bc2-57c4-bb98-c75bfa11c580,baseline,,False,0.00
9f6fa237-9bc2-57c4-bb98-c75bfa11c580,smart,,False,0.00
ba34bb1e-0b25-588c-9fea-ec0bbd77650f,baseline,,False,0.00
ba34bb1e-0b25-588c-9fea-ec0bbd77650f,smart,,False,0.00
ed1c980f-c13b-5035-b63c-5adeda181660,baseline,,False,0.00
ed1c980f-c13b-5035-b63c-5adeda181660,smart,,False,0.00
ab53ade7-1465-50e5-947d-18bbdbac3ab6,baseline,2026-02-27T17:20:06,False,0.00
ab53ade7-1465-50e5-947d-18bbdbac3ab6,smart,2026-03-01T09:00:00,False,0.00
309de0de-361b-5955-910a-f02e9e4000f7,baseline,2026-03-18T07:41:10,True,2630.02
309de0de-361b-5955-910a-f02e9e4000f7,smart,2026-03-18T07:41:10,True,2630.02
8bf1a774-9a87-5c58-bc6a-2c9cc9cd0484,baseline,2026-02-20T22:44:32,False,0.00
8bf1a774-9a87-5c58-bc6a-2c9cc9cd0484,smart,2026-02-21T18:44:32,False,0.00
c4b3e825-f590-581f-9d8c-0e228c86a514,baseline,2026-02-28T10:28:38,False,0.00
c4b3e825-f590-581f-9d8c-0e228c86a514,smart,2026-03-01T09:00:00,True,1122.36
113ca23d-d872-51ea-97bb-167adb1e1f42,baseline,2026-01-30T22:31:05,False,0.00
113ca23d-d872-51ea-97bb-167adb1e1f42,smart,2026-02-01T09:00:00,True,2533.47
39500c91-d711-5712-932e-e06276b5a209,baseline,,False,0.00
39500c91-d711-5712-932e-e06276b5a209,smart,,False,0.00
245962ac-f785-5dca-b5d8-065e1328f266,baseline,2026-01-10T00:59:09,False,0.00
245962ac-f785-5dca-b5d8-065e1328f266,smart,2026-01-09T20:59:09,False,0.00
b33e7396-09f5-5210-aad0-821f0882ab18,baseline,2026-01-21T16:13:57,False,0.00
b33e7396-09f5-5210-aad0-821f0882ab18,smart,2026-01-21T12:13:57,True,817.09
7b9a2df1-a85e-5d6d-bc52-74abc08e168a,baseline,,False,0.00
7b9a2df1-a85e-5d6d-bc52-74abc08e168a,smart,,False,0.00
a32a6536-4697-5687-9ac0-ae44abc3400d,baseline,2026-02-26T00:40:41,True,1310.15
a32a6536-4697-5687-9ac0-ae44abc3400d,smart,2026-02-25T20:40:41,False,0.00
bc57c285-315a-5aeb-97d7-6e48a3a93f03,baseline,2026-01-22T23:30:10,True,926.46
bc57c285-315a-5aeb-97d7-6e48a3a93f03,smart,2026-01-22T19:30:10,False,0.00
cd6cd152-548f-526c-a360-391f87446c8f,baseline,,False,0.00
cd6cd152-548f-526c-a360-391f87446c8f,smart,,False,0.00
f33d4b56-f921-5eab-9521-4ecd92049032,baseline,2026-01-08T16:31:16,False,0.00
f33d4b56-f921-5eab-9521-4ecd92049032,smart,2026-01-08T12:31:16,False,0.00
f086f5a7-2ebf-57b1-bc90-2e78b65f4a61,baseline,2026-02-25T23:56:27,False,0.00
f086f5a7-2ebf-57b1-bc90-2e78b65f4a61,smart,2026-02-25T19:56:27,True,851.11
f814e096-3db2-5bc0-a164-476b78b1e62f,baseline,2026-01-27T03:03:56,False,0.00
f814e096-3db2-5bc0-a164-476b78b1e62f,smart,2026-02-01T09:00:00,True,1095.68
f381eb6f-21d7-5f6e-b4b6-582b740e6b95,baseline,2026-01-27T15:00:50,True,3597.42
f381eb6f-21d7-5f6e-b4b6-582b740e6b95,smart,2026-02-01T09:00:00,True,3597.42
5056acfd-1f5c-5859-baec-d16b1a851dc3,baseline,,False,0.00
5056acfd-1f5c-5859-baec-d16b1a851dc3,smart,,False,0.00
d35b71f8-e490-5109-bfcf-099f85835bef,baseline,2026-01-27T08:54:09,False,0.00
d35b71f8-e490-5109-bfcf-099f85835bef,smart,2026-02-01T09:00:00,False,0.00
48e789e9-7001-5e10-8587-2765a146320c,baseline,,False,0.00
48e789e9-7001-5e10-8587-2765a146320c,smart,,False,0.00
59422d0e-653e-5537-9b30-8eaa061cd126,baseline,,False,0.00
59422d0e-653e-5537-9b30-8eaa061cd126,smart,,False,0.00
ab9ca96e-a074-5b9a-949f-e6e04317695b,baseline,,False,0.00
ab9ca96e-a074-5b9a-949f-e6e04317695b,smart,,False,0.00
713180e6-0416-5197-883c-25cd54b3034b,baseline,2026-03-31T16:07:49,False,0.00
713180e6-0416-5197-883c-25cd54b3034b,smart,2026-04-01T09:00:00,True,856.53
e91fce54-ec32-5bf1-98b2-9797a1b98da7,baseline,2026-02-18T07:24:58,False,0.00
e91fce54-ec32-5bf1-98b2-9797a1b98da7,smart,2026-02-18T07:24:58,False,0.00
a0736c90-8cbc-5f41-a7df-8ac7b47ce5bf,baseline,2026-03-28T00:33:17,False,0.00
a0736c90-8cbc-5f41-a7df-8ac7b47ce5bf,smart,2026-04-01T09:00:00,True,2997.50
c00a7a3a-c496-56e1-b7b4-293351c9b2b9,baseline,2026-02-14T17:22:31,False,0.00
c00a7a3a-c496-56e1-b7b4-293351c9b2b9,smart,2026-02-14T13:22:31,False,0.00
901a88e1-1578-5a08-a760-db225357184f,baseline,2026-03-18T08:33:41,True,962.60
901a88e1-1578-5a08-a760-db225357184f,smart,2026-03-18T08:33:41,True,962.60
29c65158-b054-596b-8cc2-6dd10cf365f0,baseline,2026-01-12T15:02:07,False,0.00
29c65158-b054-596b-8cc2-6dd10cf365f0,smart,2026-01-12T11:02:07,False,0.00
a13cb62c-e87b-5061-8ecc-d012b0f16e65,baseline,,False,0.00
a13cb62c-e87b-5061-8ecc-d012b0f16e65,smart,,False,0.00
4d8ba4ca-112f-5f1b-ac9e-4786280b2dda,baseline,2026-02-05T01:23:00,True,1971.74
4d8ba4ca-112f-5f1b-ac9e-4786280b2dda,smart,2026-03-01T09:00:00,True,1971.74
775cb700-38cc-5926-b049-9c0a1dc7eeb0,baseline,2026-03-30T22:23:36,False,0.00
775cb700-38cc-5926-b049-9c0a1dc7eeb0,smart,2026-04-01T09:00:00,True,2119.87
f138b8f2-ade9-5712-b979-5d2e9c8ee228,baseline,2026-02-01T02:27:35,True,4540.29
f138b8f2-ade9-5712-b979-5d2e9c8ee228,smart,2026-02-01T09:00:00,True,4540.29
da3c622c-adcd-5b40-85a9-800d3779a98e,baseline,2026-03-27T02:29:35,False,0.00
da3c622c-adcd-5b40-85a9-800d3779a98e,smart,2026-04-01T09:00:00,True,1608.97
7750770d-eb08-5a21-98ac-dad3dff69e20,baseline,2026-01-30T19:20:40,False,0.00
7750770d-eb08-5a21-98ac-dad3dff69e20,smart,2026-02-01T09:00:00,True,3496.08
57a30b22-9fe2-5e20-90d5-a1694bfc8289,baseline,2026-03-24T08:17:22,True,4453.32
57a30b22-9fe2-5e20-90d5-a1694bfc8289,smart,2026-03-24T08:17:22,True,4453.32
061cde67-ef5a-55ba-99c1-c4489377627a,baseline,2026-01-26T15:29:01,True,3330.77
061cde67-ef5a-55ba-99c1-c4489377627a,smart,2026-02-01T09:00:00,False,0.00
1566712f-2a21-5f04-ae8f-6cdc9e29a6f1,baseline,,False,0.00
1566712f-2a21-5f04-ae8f-6cdc9e29a6f1,smart,,False,0.00
cb1d247d-1ada-5efb-9586-94293393fe5d,baseline,2026-03-16T01:38:38,False,0.00
cb1d247d-1ada-5efb-9586-94293393fe5d,smart,2026-03-15T21:38:38,False,0.00
de461ff9-42a2-53bc-a9f1-6e3be70b4698,baseline,2026-03-26T18:02:47,True,664.84
de461ff9-42a2-53bc-a9f1-6e3be70b4698,smart,2026-04-01T09:00:00,False,0.00
5267e910-245b-57e0-aec7-7ce0077a732e,baseline,2026-01-05T01:53:01,False,0.00
5267e910-245b-57e0-aec7-7ce0077a732e,smart,2026-01-05T21:53:01,False,0.00
891c0cb3-37c8-5fd9-a76f-729184cbf24c,baseline,,False,0.00
891c0cb3-37c8-5fd9-a76f-729184cbf24c,smart,,False,0.00
0cb79ab2-6b6e-533d-b327-6b0961ff814e,baseline,2026-01-23T11:31:08,False,0.00
0cb79ab2-6b6e-533d-b327-6b0961ff814e,smart,2026-01-23T07:31:08,False,0.00
92489f9f-2da0-5be2-a1e1-85a25a6bfc7d,baseline,2026-03-03T23:27:18,False,0.00
92489f9f-2da0-5be2-a1e1-85a25a6bfc7d,smart,2026-04-01T09:00:00,False,0.00
d4a7e466-4579-5224-b865-23a266f5e79c,baseline,,False,0.00
d4a7e466-4579-5224-b865-23a266f5e79c,smart,,False,0.00
17c21c78-2870-5e35-a7b6-f8dea96c97f5,baseline,2026-03-26T16:28:35,True,3016.68
17c21c78-2870-5e35-a7b6-f8dea96c97f5,smart,2026-04-01T09:00:00,False,0.00
9fea6f75-2fa3-5128-92cf-58f6faef975a,baseline,2026-01-19T15:20:00,True,2191.10
9fea6f75-2fa3-5128-92cf-58f6faef975a,smart,2026-01-19T11:20:00,True,2191.10
e487ce41-3357-50de-8770-795bae4d855b,baseline,2026-02-26T19:49:56,False,0.00
e487ce41-3357-50de-8770-795bae4d855b,smart,2026-03-01T09:00:00,False,0.00
dd608c26-6af4-5cc5-a772-10dff669cde8,baseline,2026-01-18T08:34:47,False,0.00
dd608c26-6af4-5cc5-a772-10dff669cde8,smart,2026-01-18T08:34:47,False,0.00
1bfbca8e-167b-5cd0-b7df-1217dadd17e5,baseline,2026-01-30T06:42:18,False,0.00
1bfbca8e-167b-5cd0-b7df-1217dadd17e5,smart,2026-01-31T02:42:18,False,0.00
11189ea2-e7d0-5c52-bd63-622d62a31dd5,baseline,2026-02-17T17:03:36,False,0.00
11189ea2-e7d0-5c52-bd63-622d62a31dd5,smart,2026-02-17T13:03:36,False,0.00
e11e7694-ba08-51de-889f-65b006c4b8ce,baseline,,False,0.00
e11e7694-ba08-51de-889f-65b006c4b8ce,smart,,False,0.00
1b555bf8-8353-5406-a5af-b0a56fc8be56,baseline,2026-01-26T09:07:07,False,0.00
1b555bf8-8353-5406-a5af-b0a56fc8be56,smart,2026-02-01T09:00:00,False,0.00
8bd35afd-e040-5f6c-b1cb-2e84da2c60f7,baseline,2026-02-12T00:13:18,True,1441.39
8bd35afd-e040-5f6c-b1cb-2e84da2c60f7,smart,2026-02-11T20:13:18,False,0.00
4df398a1-ac2f-5c1a-afc7-4a0b40a757e2,baseline,2026-02-22T15:51:34,False,0.00
4df398a1-ac2f-5c1a-afc7-4a0b40a757e2,smart,2026-02-22T11:51:34,False,0.00
a6af27b2-562f-5b4e-9f04-98cacf9a5c4a,baseline,2026-03-30T16:23:17,True,4747.96
a6af27b2-562f-5b4e-9f04-98cacf9a5c4a,smart,2026-03-30T12:23:17,True,4747.96
1d2b86e7-04a9-5ded-909f-70e56b5e76a8,baseline,2026-01-19T00:55:21,False,0.00
1d2b86e7-04a9-5ded-909f-70e56b5e76a8,smart,2026-01-18T20:55:21,True,2700.92
91367a0a-a74f-546c-858b-a315ec8a5229,baseline,,False,0.00
91367a0a-a74f-546c-858b-a315ec8a5229,smart,,False,0.00
04476555-114d-5989-9e39-27addc9bb314,baseline,,False,0.00
04476555-114d-5989-9e39-27addc9bb314,smart,,False,0.00
e802e490-810d-534d-b76e-5901f4d33e46,baseline,2026-02-26T15:38:16,False,0.00
e802e490-810d-534d-b76e-5901f4d33e46,smart,2026-03-01T09:00:00,True,622.03
50b9ce0b-c15f-589d-868a-73da3e511d18,baseline,2026-02-12T05:14:13,False,0.00
50b9ce0b-c15f-589d-868a-73da3e511d18,smart,2026-02-13T01:14:13,False,0.00
2318cdea-846f-5a54-87d6-3662a1b21a1e,baseline,2026-03-08T07:15:27,True,1243.29
2318cdea-846f-5a54-87d6-3662a1b21a1e,smart,2026-03-08T07:15:27,True,1243.29
cff72dcf-17c8-5ecb-b936-4d4f50e9d78f,baseline,2026-01-27T00:09:05,False,0.00
cff72dcf-17c8-5ecb-b936-4d4f50e9d78f,smart,2026-02-01T09:00:00,False,0.00
b9c7f598-e0dc-5454-bd9a-1b48b27d3d03,baseline,,False,0.00
b9c7f598-e0dc-5454-bd9a-1b48b27d3d03,smart,,False,0.00
9a6c869c-32c0-5023-adcf-22f04195d65d,baseline,2026-02-24T07:51:55,False,0.00
9a6c869c-32c0-5023-adcf-22f04195d65d,smart,2026-02-24T07:51:55,False,0.00
f0e96330-3d40-5983-914e-b7833ef63678,baseline,2026-03-29T12:11:17,True,2512.04
f0e96330-3d40-5983-914e-b7833ef63678,smart,2026-04-01T09:00:00,False,0.00
8caadfdc-4e6d-5fe5-85e7-5931a6fc18c4,baseline,2026-01-15T01:19:34,False,0.00
8caadfdc-4e6d-5fe5-85e7-5931a6fc18c4,smart,2026-01-14T21:19:34,False,0.00
d1a0ec91-c7b2-5bbc-a9bd-febd9202edad,baseline,2026-02-27T01:49:58,False,0.00
d1a0ec91-c7b2-5bbc-a9bd-febd9202edad,smart,2026-03-01T09:00:00,False,0.00
c0436af0-06e5-5ed2-8637-b78e2f17e241,baseline,,False,0.00
c0436af0-06e5-5ed2-8637-b78e2f17e241,smart,,False,0.00
b82b9fc0-4f35-58fe-bea2-905710d3032b,baseline,,False,0.00
b82b9fc0-4f35-58fe-bea2-905710d3032b,smart,,False,0.00
1b19e9e3-b3b5-5bdd-aaae-1dc16f889958,baseline,2026-02-07T01:14:06,True,22986.11
1b19e9e3-b3b5-5bdd-aaae-1dc16f889958,smart,2026-02-07T21:14:06,False,0.00
a90d3788-097f-57cb-98f5-df030c8b6df9,baseline,,False,0.00
a90d3788-097f-57cb-98f5-df030c8b6df9,smart,,False,0.00
8fdc4854-1d4e-5dda-bdc5-f22be6c2fb67,baseline,2026-01-14T01:17:39,True,5105.59
8fdc4854-1d4e-5dda-bdc5-f22be6c2fb67,smart,2026-01-13T21:17:39,False,0.00
2e652067-23a5-576e-9b01-c873a499d4a7,baseline,,False,0.00
2e652067-23a5-576e-9b01-c873a499d4a7,smart,,False,0.00
5d353d00-dc0c-5b75-8b90-d63fb5903a3a,baseline,,False,0.00
5d353d00-dc0c-5b75-8b90-d63fb5903a3a,smart,,False,0.00
84399ac5-3da7-52a4-8f5f-636123f81328,baseline,,False,0.00
84399ac5-3da7-52a4-8f5f-636123f81328,smart,,False,0.00
c853bdeb-948b-55a8-a7c9-894c890e745f,baseline,,False,0.00
c853bdeb-948b-55a8-a7c9-894c890e745f,smart,,False,0.00
aa517740-66fa-5a6a-a4a7-85924d583912,baseline,,False,0.00
aa517740-66fa-5a6a-a4a7-85924d583912,smart,,False,0.00
803da02d-60c0-51e0-9c99-2e813100a896,baseline,,False,0.00
803da02d-60c0-51e0-9c99-2e813100a896,smart,,False,0.00
15d47942-f6d7-5436-a6ee-d55bab5af4ef,baseline,2026-02-21T15:13:57,False,0.00
15d47942-f6d7-5436-a6ee-d55bab5af4ef,smart,2026-02-22T11:13:57,True,11786.25
cd684a43-10d9-52de-8e73-f2ee0be0d641,baseline,2026-02-08T07:46:02,True,2588.12
cd684a43-10d9-52de-8e73-f2ee0be0d641,smart,2026-02-08T07:46:02,True,2588.12
25d4b6f6-c80d-56e2-841c-b023f63d1e58,baseline,2026-02-18T08:48:34,False,0.00
25d4b6f6-c80d-56e2-841c-b023f63d1e58,smart,2026-02-18T08:48:34,False,0.00
640962c0-56af-5fbc-83b5-8cc7b71756ef,baseline,2026-01-30T15:39:20,True,5598.40
640962c0-56af-5fbc-83b5-8cc7b71756ef,smart,2026-02-01T09:00:00,False,0.00
ac2f1f4c-6d50-5161-a607-856c84c65f0d,baseline,2026-02-13T15:29:59,False,0.00
ac2f1f4c-6d50-5161-a607-856c84c65f0d,smart,2026-02-14T11:29:59,False,0.00
66a0958e-3cda-5b68-a036-53714896ed73,baseline,2026-01-24T07:13:14,False,0.00
66a0958e-3cda-5b68-a036-53714896ed73,smart,2026-01-24T07:13:14,False,0.00
53bea9e3-81e2-58ca-87e3-bb6de1581ec3,baseline,2026-03-27T01:20:00,True,2211.93
53bea9e3-81e2-58ca-87e3-bb6de1581ec3,smart,2026-04-01T09:00:00,True,2211.93
feabe78a-977c-585c-b636-ce3219a06c67,baseline,2026-02-22T01:09:28,False,0.00
feabe78a-977c-585c-b636-ce3219a06c67,smart,2026-02-22T21:09:28,False,0.00
ff43a095-8c39-5931-b828-287ecfca9b1f,baseline,2026-03-27T23:39:43,True,1784.93
ff43a095-8c39-5931-b828-287ecfca9b1f,smart,2026-04-01T09:00:00,True,1784.93
1f10fe6f-d45e-5ed6-a85a-1c168db691d7,baseline,2026-03-01T00:53:03,True,1698.37
1f10fe6f-d45e-5ed6-a85a-1c168db691d7,smart,2026-02-28T20:53:03,True,1698.37
82186469-58e0-5f87-a10e-a5fc5595db8d,baseline,,False,0.00
82186469-58e0-5f87-a10e-a5fc5595db8d,smart,,False,0.00
81492455-e4b9-5192-8ead-a954259b68a6,baseline,,False,0.00
81492455-e4b9-5192-8ead-a954259b68a6,smart,,False,0.00
2de268bb-59df-51e1-8f84-73cb5b1a1a5e,baseline,,False,0.00
2de268bb-59df-51e1-8f84-73cb5b1a1a5e,smart,,False,0.00
10b9d9d8-2206-5b8e-955d-4eceeb402155,baseline,2026-01-08T16:01:38,False,0.00
10b9d9d8-2206-5b8e-955d-4eceeb402155,smart,2026-01-08T12:01:38,True,2597.12
ea0d50a6-07d4-573b-9e4b-659f9d6e07c2,baseline,2026-03-24T17:42:31,False,0.00
ea0d50a6-07d4-573b-9e4b-659f9d6e07c2,smart,2026-03-24T13:42:31,False,0.00
0ea31b2f-e8cb-53d2-8190-e6003a91dd0c,baseline,2026-01-31T12:07:28,False,0.00
0ea31b2f-e8cb-53d2-8190-e6003a91dd0c,smart,2026-02-01T09:00:00,False,0.00
55e5885e-ee21-5719-8fa2-4f11014515a0,baseline,2026-03-29T20:02:23,False,0.00
55e5885e-ee21-5719-8fa2-4f11014515a0,smart,2026-04-01T09:00:00,True,1149.24
7521e42d-dd52-52bb-ba5f-0714b7788fb3,baseline,,False,0.00
7521e42d-dd52-52bb-ba5f-0714b7788fb3,smart,,False,0.00
94a49b59-cbc6-5bb8-869a-c2dd241b4096,baseline,,False,0.00
94a49b59-cbc6-5bb8-869a-c2dd241b4096,smart,,False,0.00
75615cdc-9780-5668-a76a-c10efcf455f6,baseline,2026-01-02T23:10:30,True,2043.11
75615cdc-9780-5668-a76a-c10efcf455f6,smart,2026-01-02T19:10:30,True,2043.11
c9b8eb4f-771b-562c-bcd9-a9275a7bbb92,baseline,2026-02-26T22:49:17,True,1503.79
c9b8eb4f-771b-562c-bcd9-a9275a7bbb92,smart,2026-03-01T09:00:00,True,1503.79
b8546493-b4a9-501e-b262-a8d3537d5af1,baseline,,False,0.00
b8546493-b4a9-501e-b262-a8d3537d5af1,smart,,False,0.00
ed0bfe21-93f6-53a2-9f85-91dfe57a8359,baseline,,False,0.00
ed0bfe21-93f6-53a2-9f85-91dfe57a8359,smart,,False,0.00
c43a2ea1-71e6-5c52-a779-ca39c975cbf4,baseline,,False,0.00
c43a2ea1-71e6-5c52-a779-ca39c975cbf4,smart,,False,0.00
cc9db67b-754c-5e95-bf92-cf2ecde18003,baseline,,False,0.00
cc9db67b-754c-5e95-bf92-cf2ecde18003,smart,,False,0.00
0566d271-df35-5018-8f5b-7a97bf352336,baseline,2026-01-29T01:38:18,False,0.00
0566d271-df35-5018-8f5b-7a97bf352336,smart,2026-02-01T09:00:00,False,0.00
5324c980-619e-5aea-84c0-0294e1919dc3,baseline,2026-03-28T16:22:47,False,0.00
5324c980-619e-5aea-84c0-0294e1919dc3,smart,2026-04-01T09:00:00,False,0.00
5216767a-0e47-59f1-bab7-6f86e8d68e4d,baseline,2026-01-18T08:56:22,False,0.00
5216767a-0e47-59f1-bab7-6f86e8d68e4d,smart,2026-01-18T08:56:22,False,0.00
1500a7b8-f49a-5caa-85d7-6c27960582a6,baseline,2026-03-20T15:31:06,False,0.00
1500a7b8-f49a-5caa-85d7-6c27960582a6,smart,2026-03-20T11:31:06,False,0.00
9ed77531-1e76-5880-9704-b8c64342aa22,baseline,2026-01-29T01:52:22,False,0.00
9ed77531-1e76-5880-9704-b8c64342aa22,smart,2026-02-01T09:00:00,True,4166.23
8b1177cc-1dfb-550a-9956-29ffe7d7d7d1,baseline,2026-02-13T23:41:44,False,0.00
8b1177cc-1dfb-550a-9956-29ffe7d7d7d1,smart,2026-02-13T19:41:44,True,3203.13
f7a6e0ae-60f7-596f-a874-a56a2a296e38,baseline,2026-03-18T07:05:53,True,485.40
f7a6e0ae-60f7-596f-a874-a56a2a296e38,smart,2026-03-18T07:05:53,True,485.40
3001d214-bac4-59b9-a924-bafa6af53bcf,baseline,2026-03-26T21:59:22,False,0.00
3001d214-bac4-59b9-a924-bafa6af53bcf,smart,2026-04-01T09:00:00,True,5839.16
5be20909-6e30-5319-9219-8b98dc59169f,baseline,2026-01-31T18:15:32,False,0.00
5be20909-6e30-5319-9219-8b98dc59169f,smart,2026-02-01T09:00:00,False,0.00
7b04b250-ae3c-5466-8c56-0fb1be2e5642,baseline,2026-03-28T01:52:02,True,3300.42
7b04b250-ae3c-5466-8c56-0fb1be2e5642,smart,2026-04-01T09:00:00,False,0.00
0e7b54ce-6a2f-5a9b-b694-c251b3103d07,baseline,2026-01-22T00:04:58,False,0.00
0e7b54ce-6a2f-5a9b-b694-c251b3103d07,smart,2026-01-21T20:04:58,True,4066.08
7c11f487-66b0-5165-a4cc-25c2f6d5ab45,baseline,2026-03-08T06:51:17,True,23997.23
7c11f487-66b0-5165-a4cc-25c2f6d5ab45,smart,2026-03-09T02:51:17,False,0.00
c1941802-f3b3-5de6-9261-871486f2f5e1,baseline,,False,0.00
c1941802-f3b3-5de6-9261-871486f2f5e1,smart,,False,0.00
b1b7731b-90a9-5e8f-a521-2cb1289761e5,baseline,2026-02-13T13:53:23,False,0.00
b1b7731b-90a9-5e8f-a521-2cb1289761e5,smart,2026-02-14T09:53:23,False,0.00
240508af-770b-5edd-9f48-168763dc5479,baseline,2026-03-16T00:42:15,True,1312.33
240508af-770b-5edd-9f48-168763dc5479,smart,2026-03-15T20:42:15,True,1312.33
085ae190-81cd-5722-a02c-1603d4a4a07f,baseline,2026-03-28T17:19:18,False,0.00
085ae190-81cd-5722-a02c-1603d4a4a07f,smart,2026-04-01T09:00:00,False,0.00
bf49b023-dd24-527a-8c00-a07ac5b07160,baseline,,False,0.00
bf49b023-dd24-527a-8c00-a07ac5b07160,smart,,False,0.00
f4927f8d-707a-5941-94f3-cafe1204e70e,baseline,,False,0.00
f4927f8d-707a-5941-94f3-cafe1204e70e,smart,,False,0.00
d089ea0a-1eb7-5497-a2d7-730142d63b9c,baseline,2026-03-11T00:51:44,True,27096.73
d089ea0a-1eb7-5497-a2d7-730142d63b9c,smart,2026-03-11T20:51:44,False,0.00
2539e6da-5359-5985-8597-61a51d32f5b5,baseline,,False,0.00
2539e6da-5359-5985-8597-61a51d32f5b5,smart,,False,0.00
ee0fe03c-42fc-57d6-af21-785e00116549,baseline,2026-01-26T04:38:13,False,0.00
ee0fe03c-42fc-57d6-af21-785e00116549,smart,2026-02-01T09:00:00,True,830.31
efa47b5a-885a-5902-8643-2c5b79ec1ac3,baseline,,False,0.00
efa47b5a-885a-5902-8643-2c5b79ec1ac3,smart,,False,0.00
a0a2a3b5-961c-5630-aa3b-4c08ded4b2e0,baseline,2026-02-11T17:47:48,False,0.00
a0a2a3b5-961c-5630-aa3b-4c08ded4b2e0,smart,2026-02-12T13:47:48,False,0.00
dc256aaf-5930-5d93-aafd-f29b4fe080ea,baseline,2026-02-18T08:37:21,False,0.00
dc256aaf-5930-5d93-aafd-f29b4fe080ea,smart,2026-02-18T08:37:21,False,0.00
e20a8e57-0f78-54f8-adbf-e810b41f57b4,baseline,2026-02-10T23:36:02,True,24529.40
e20a8e57-0f78-54f8-adbf-e810b41f57b4,smart,2026-02-11T19:36:02,False,0.00
15e3017c-5934-5c11-a6e8-6d08fd0a7d7c,baseline,2026-03-31T00:53:04,False,0.00
15e3017c-5934-5c11-a6e8-6d08fd0a7d7c,smart,2026-04-01T09:00:00,False,0.00
72cfe77f-acde-52a7-832f-5555f886afb7,baseline,,False,0.00
72cfe77f-acde-52a7-832f-5555f886afb7,smart,,False,0.00
3d644781-608c-5e0f-bd7a-d1529592d791,baseline,,False,0.00
3d644781-608c-5e0f-bd7a-d1529592d791,smart,,False,0.00
bd8e5b5d-08c4-54fa-8496-7751f3d1e4fa,baseline,2026-03-30T15:16:00,False,0.00
bd8e5b5d-08c4-54fa-8496-7751f3d1e4fa,smart,2026-04-01T09:00:00,False,0.00
7939c2de-0601-5e80-ba7e-3a1380f740bd,baseline,2026-03-31T18:36:47,True,1644.44
7939c2de-0601-5e80-ba7e-3a1380f740bd,smart,2026-04-01T09:00:00,True,1644.44
a12450fa-88b1-57c9-ba94-a89e9384bb54,baseline,,False,0.00
a12450fa-88b1-57c9-ba94-a89e9384bb54,smart,,False,0.00
8edd8d7f-f585-5a98-8ef2-9e924986951e,baseline,2026-03-31T10:04:49,False,0.00
8edd8d7f-f585-5a98-8ef2-9e924986951e,smart,2026-04-01T09:00:00,True,607.82
478456a9-56cb-5ada-a7fc-23e91b98e87b,baseline,2026-02-24T08:32:36,True,1960.72
478456a9-56cb-5ada-a7fc-23e91b98e87b,smart,2026-02-24T08:32:36,True,1960.72
08e2346d-a862-58ae-8417-cf1d710c9d33,baseline,2026-03-20T09:47:26,True,19203.35
08e2346d-a862-58ae-8417-cf1d710c9d33,smart,2026-03-21T05:47:26,True,19203.35
df3d68d8-658c-55e3-ba66-f95fa6b91bd1,baseline,2026-01-03T02:28:31,False,0.00
df3d68d8-658c-55e3-ba66-f95fa6b91bd1,smart,2026-02-01T09:00:00,True,1034.17
5c144358-86a8-5f6d-a3cc-700d807ba9fe,baseline,2026-01-04T16:40:20,False,0.00
5c144358-86a8-5f6d-a3cc-700d807ba9fe,smart,2026-02-01T09:00:00,False,0.00
98fcfa1f-e0f6-5a1b-9774-8ca23d1f1401,baseline,2026-03-08T08:46:36,False,0.00
98fcfa1f-e0f6-5a1b-9774-8ca23d1f1401,smart,2026-03-08T08:46:36,False,0.00
418dc3e8-2214-5ae8-806f-df823907da94,baseline,2026-03-29T01:30:59,False,0.00
418dc3e8-2214-5ae8-806f-df823907da94,smart,2026-04-01T09:00:00,False,0.00
06b34858-34ee-5b33-94f4-f0570e562ed6,baseline,,False,0.00
06b34858-34ee-5b33-94f4-f0570e562ed6,smart,,False,0.00
49f1053f-a2b4-58f0-b7bf-79b19e10abe0,baseline,2026-03-19T21:16:01,False,0.00
49f1053f-a2b4-58f0-b7bf-79b19e10abe0,smart,2026-03-19T21:16:01,False,0.00
cfd97ef6-5841-5cbf-911b-3e7cdf274704,baseline,,False,0.00
cfd97ef6-5841-5cbf-911b-3e7cdf274704,smart,,False,0.00
3f6e06af-af1d-5dec-9f5d-1571e07014c1,baseline,,False,0.00
3f6e06af-af1d-5dec-9f5d-1571e07014c1,smart,,False,0.00
3a48b148-7c3e-59f7-8916-f47dbb37dd6a,baseline,2026-01-09T23:57:38,True,3026.40
3a48b148-7c3e-59f7-8916-f47dbb37dd6a,smart,2026-01-09T19:57:38,True,3026.40
8c670d7e-0c28-59c7-8e1e-8f6664430384,baseline,,False,0.00
8c670d7e-0c28-59c7-8e1e-8f6664430384,smart,,False,0.00
6df0f4eb-19b8-58bf-879e-3f4f59562bf4,baseline,,False,0.00
6df0f4eb-19b8-58bf-879e-3f4f59562bf4,smart,,False,0.00
2748ca0c-19fd-5020-8582-2278806214ff,baseline,2026-01-21T18:48:42,False,0.00
2748ca0c-19fd-5020-8582-2278806214ff,smart,2026-01-21T14:48:42,False,0.00
23afa521-12d1-54af-851d-1e3fbc9dd874,baseline,2026-01-14T15:16:21,False,0.00
23afa521-12d1-54af-851d-1e3fbc9dd874,smart,2026-01-15T11:16:21,False,0.00
dabdf481-9715-5f08-887e-5ea1f957c58d,baseline,,False,0.00
dabdf481-9715-5f08-887e-5ea1f957c58d,smart,,False,0.00
5049e7e8-6f76-553c-b687-ba714bb97149,baseline,2026-01-26T19:21:04,False,0.00
5049e7e8-6f76-553c-b687-ba714bb97149,smart,2026-02-01T09:00:00,True,4625.12
e6880cfc-1025-5de8-b9df-d43c5980f241,baseline,2026-02-28T13:07:37,False,0.00
e6880cfc-1025-5de8-b9df-d43c5980f241,smart,2026-03-01T09:00:00,True,2571.58
6583de77-ac8a-5913-8b7c-933cad831b00,baseline,,False,0.00
6583de77-ac8a-5913-8b7c-933cad831b00,smart,,False,0.00
a14b4bb6-53bf-52bb-adf8-6c15224d4311,baseline,,False,0.00
a14b4bb6-53bf-52bb-adf8-6c15224d4311,smart,,False,0.00
614f233f-425f-5783-9352-559edd2e62e3,baseline,2026-03-15T11:16:56,False,0.00
614f233f-425f-5783-9352-559edd2e62e3,smart,2026-03-16T07:16:56,False,0.00
df2a986c-267a-5785-a0a9-e29d41af7d43,baseline,2026-03-29T04:16:46,False,0.00
df2a986c-267a-5785-a0a9-e29d41af7d43,smart,2026-04-01T09:00:00,True,1457.77
9316775f-b78d-5019-8d52-50c80ec95d66,baseline,2026-02-17T11:14:31,False,0.00
9316775f-b78d-5019-8d52-50c80ec95d66,smart,2026-02-17T07:14:31,False,0.00
b4a96e87-49d9-555a-a5a3-69c54d305732,baseline,2026-03-30T21:27:31,True,3210.67
b4a96e87-49d9-555a-a5a3-69c54d305732,smart,2026-04-01T09:00:00,False,0.00
88a0ca57-6ab7-5410-bf61-1da0414de1db,baseline,2026-02-02T23:52:13,True,811.18
88a0ca57-6ab7-5410-bf61-1da0414de1db,smart,2026-02-02T19:52:13,False,0.00
b06dce9a-05b0-583a-b05c-759afeaa2260,baseline,2026-02-28T09:08:10,False,0.00
b06dce9a-05b0-583a-b05c-759afeaa2260,smart,2026-03-01T09:00:00,True,2554.32
5c749c73-cd34-5ef2-b228-0b4385e8e708,baseline,2026-01-06T23:22:14,False,0.00
5c749c73-cd34-5ef2-b228-0b4385e8e708,smart,2026-01-06T19:22:14,True,2805.64
cd5e30c1-e40f-521e-a28a-d0cc82465071,baseline,,False,0.00
cd5e30c1-e40f-521e-a28a-d0cc82465071,smart,,False,0.00
9e62db88-a89d-52d6-9909-63770bc8b947,baseline,,False,0.00
9e62db88-a89d-52d6-9909-63770bc8b947,smart,,False,0.00
70750a3b-c8c2-58b9-8e4c-4550c0eb1372,baseline,2026-01-26T22:13:35,True,1034.20
70750a3b-c8c2-58b9-8e4c-4550c0eb1372,smart,2026-02-01T09:00:00,True,1034.20
398c23cd-467a-5a83-9122-e375c909fcf1,baseline,2026-02-27T02:25:25,True,617.24
398c23cd-467a-5a83-9122-e375c909fcf1,smart,2026-03-01T09:00:00,False,0.00
f0c7f2a6-4691-55d9-8e31-bc33794724ed,baseline,2026-03-31T15:40:55,False,0.00
f0c7f2a6-4691-55d9-8e31-bc33794724ed,smart,2026-04-01T09:00:00,True,4520.97
8b239799-ad23-55f8-967b-cf7f51a4918b,baseline,,False,0.00
8b239799-ad23-55f8-967b-cf7f51a4918b,smart,,False,0.00
4e184b80-3ce9-579c-9e94-52058cec585b,baseline,,False,0.00
4e184b80-3ce9-579c-9e94-52058cec585b,smart,,False,0.00
6cdbdded-9613-56a6-b506-7d7b87ca5d0d,baseline,,False,0.00
6cdbdded-9613-56a6-b506-7d7b87ca5d0d,smart,,False,0.00
54bbbf0f-2351-55cd-b597-d70bbb37baea,baseline,2026-03-27T21:45:28,True,839.95
54bbbf0f-2351-55cd-b597-d70bbb37baea,smart,2026-04-01T09:00:00,False,0.00
95e6e458-9336-516d-b592-c67d74db3501,baseline,2026-02-18T07:14:01,True,8184.60
95e6e458-9336-516d-b592-c67d74db3501,smart,2026-02-18T07:14:01,True,8184.60
d8388383-c83a-579d-989a-cbbe1f9c76c9,baseline,2026-03-29T00:56:23,False,0.00
d8388383-c83a-579d-989a-cbbe1f9c76c9,smart,2026-03-28T20:56:23,True,536.21
3bf0d0fd-2544-555a-b1ca-e4003353f943,baseline,2026-01-30T20:23:07,True,1500.35
3bf0d0fd-2544-555a-b1ca-e4003353f943,smart,2026-02-01T09:00:00,True,1500.35
bb4a8d02-9fb6-5f5c-b17c-0c8b20ab5d1a,baseline,2026-02-17T17:47:17,False,0.00
bb4a8d02-9fb6-5f5c-b17c-0c8b20ab5d1a,smart,2026-02-18T13:47:17,False,0.00
e65043d4-a988-572a-8d55-3eb3a4457524,baseline,,False,0.00
e65043d4-a988-572a-8d55-3eb3a4457524,smart,,False,0.00
e067bf3e-6618-58c0-b396-f93ca5c4c5de,baseline,,False,0.00
e067bf3e-6618-58c0-b396-f93ca5c4c5de,smart,,False,0.00
fff590d8-54bc-529a-a7b5-d20c9dbb7123,baseline,,False,0.00
fff590d8-54bc-529a-a7b5-d20c9dbb7123,smart,,False,0.00
6ff3c0a8-1560-54bf-bdf5-cc41d5cac160,baseline,2026-03-27T15:13:23,True,7320.09
6ff3c0a8-1560-54bf-bdf5-cc41d5cac160,smart,2026-04-01T09:00:00,True,7320.09
60385f2c-e033-5df5-9d32-b4e6b5783892,baseline,2026-02-28T16:29:50,True,3317.87
60385f2c-e033-5df5-9d32-b4e6b5783892,smart,2026-03-01T09:00:00,True,3317.87
182ef083-8637-5a71-92bf-d4803a1e8e43,baseline,2026-03-29T15:41:02,True,612.08
182ef083-8637-5a71-92bf-d4803a1e8e43,smart,2026-04-01T09:00:00,False,0.00
2a5b6251-e317-5661-ae41-22683b1ee92b,baseline,2026-02-08T13:30:10,False,0.00
2a5b6251-e317-5661-ae41-22683b1ee92b,smart,2026-02-09T09:30:10,False,0.00
271f19bd-dee8-5659-90f4-5b3a491fe1ce,baseline,,False,0.00
271f19bd-dee8-5659-90f4-5b3a491fe1ce,smart,,False,0.00
f7e486d7-3565-5e93-a6a1-4abba78eba86,baseline,2026-02-26T20:16:32,False,0.00
f7e486d7-3565-5e93-a6a1-4abba78eba86,smart,2026-03-01T09:00:00,True,3859.24
aee3934c-fc3b-5528-a9db-3aed51f96c75,baseline,2026-03-12T16:10:57,True,328.56
aee3934c-fc3b-5528-a9db-3aed51f96c75,smart,2026-03-12T12:10:57,True,328.56
1e8d54cb-b53f-55a4-8fa2-c33fd8b28c91,baseline,2026-01-28T17:20:15,False,0.00
1e8d54cb-b53f-55a4-8fa2-c33fd8b28c91,smart,2026-02-01T09:00:00,True,1901.94
b509f9d1-9a78-5a27-8252-5d40e525c352,baseline,2026-03-02T05:32:06,True,1365.56
b509f9d1-9a78-5a27-8252-5d40e525c352,smart,2026-03-02T09:00:00,True,1365.56
da41c34f-c261-5716-8f5b-ab8c8d8ab8b2,baseline,,False,0.00
da41c34f-c261-5716-8f5b-ab8c8d8ab8b2,smart,,False,0.00
e9fb7013-7bf8-5d0c-864d-f207f00bba74,baseline,,False,0.00
e9fb7013-7bf8-5d0c-864d-f207f00bba74,smart,,False,0.00
bd7cbb82-4856-5d9e-a96b-7b3e8ece1608,baseline,2026-01-24T06:41:05,False,0.00
bd7cbb82-4856-5d9e-a96b-7b3e8ece1608,smart,2026-01-25T02:41:05,True,21214.17
a9c6bc19-5c11-5970-9051-7382f3e044ef,baseline,2026-02-28T00:57:18,True,2882.67
a9c6bc19-5c11-5970-9051-7382f3e044ef,smart,2026-03-01T09:00:00,False,0.00
c51dd194-4e4d-5ccb-9711-b54dc85d2ae0,baseline,,False,0.00
c51dd194-4e4d-5ccb-9711-b54dc85d2ae0,smart,,False,0.00
7536a088-d893-548d-9594-ef09037442bf,baseline,2026-03-30T23:28:50,False,0.00
7536a088-d893-548d-9594-ef09037442bf,smart,2026-04-01T09:00:00,True,1812.21
d0047550-76ea-5edf-8895-38f20de46f9c,baseline,2026-02-03T16:36:08,True,18092.76
d0047550-76ea-5edf-8895-38f20de46f9c,smart,2026-02-04T12:36:08,False,0.00
f5566d6b-9098-5a7d-a3d4-af86ea18d1c1,baseline,2026-03-16T17:55:48,False,0.00
f5566d6b-9098-5a7d-a3d4-af86ea18d1c1,smart,2026-03-16T13:55:48,False,0.00
eb3182e7-442e-5560-8acd-429805a4bfd9,baseline,2026-01-21T23:35:57,False,0.00
eb3182e7-442e-5560-8acd-429805a4bfd9,smart,2026-01-22T19:35:57,False,0.00
aae6bf13-20ea-5b3b-80cf-57ab0f2e2f50,baseline,2026-03-03T00:15:27,False,0.00
aae6bf13-20ea-5b3b-80cf-57ab0f2e2f50,smart,2026-03-02T20:15:27,True,2959.68
8025ebb7-cfc2-5e9c-852c-27a7d03fa117,baseline,2026-03-06T01:38:04,True,3113.46
8025ebb7-cfc2-5e9c-852c-27a7d03fa117,smart,2026-04-01T09:00:00,True,3113.46
6401bb62-f3ca-5690-b225-7b28454cc509,baseline,2026-03-26T13:11:25,False,0.00
6401bb62-f3ca-5690-b225-7b28454cc509,smart,2026-04-01T09:00:00,False,0.00
fc90bb2f-48c2-516f-9cf6-bb2e768b036a,baseline,,False,0.00
fc90bb2f-48c2-516f-9cf6-bb2e768b036a,smart,,False,0.00
efb71de7-0cdf-5f1c-afb6-9d29ec315d22,baseline,,False,0.00
efb71de7-0cdf-5f1c-afb6-9d29ec315d22,smart,,False,0.00
99f1ce8a-2bb7-5b9d-8700-69ffe957e2c6,baseline,2026-01-07T21:26:57,True,25730.67
99f1ce8a-2bb7-5b9d-8700-69ffe957e2c6,smart,2026-01-08T17:26:57,False,0.00
9ba6ec6f-ca35-5b9a-a192-510aa228d13e,baseline,2026-02-28T15:41:57,True,3747.16
9ba6ec6f-ca35-5b9a-a192-510aa228d13e,smart,2026-03-01T09:00:00,False,0.00
def991ab-a6a6-5cd1-ac1e-854999950d2b,baseline,,False,0.00
def991ab-a6a6-5cd1-ac1e-854999950d2b,smart,,False,0.00
ef83b668-4c3d-5e7a-9295-d879308c16f9,baseline,,False,0.00
ef83b668-4c3d-5e7a-9295-d879308c16f9,smart,,False,0.00
94956165-b55d-5077-8f8f-122ead693e99,baseline,,False,0.00
94956165-b55d-5077-8f8f-122ead693e99,smart,,False,0.00
4bb5a908-6781-5055-9716-47fd3212f980,baseline,,False,0.00
4bb5a908-6781-5055-9716-47fd3212f980,smart,,False,0.00
603f567d-ce0e-5e3a-be43-8bc2b15660a9,baseline,2026-02-27T10:24:48,False,0.00
603f567d-ce0e-5e3a-be43-8bc2b15660a9,smart,2026-03-01T09:00:00,True,1114.90
72751e0a-9215-55bd-9368-7b4123cda20c,baseline,,False,0.00
72751e0a-9215-55bd-9368-7b4123cda20c,smart,,False,0.00
65d2d141-6fa6-5a7f-a4e1-bc0265566951,baseline,,False,0.00
65d2d141-6fa6-5a7f-a4e1-bc0265566951,smart,,False,0.00
1532cb97-8848-586e-a3a1-075d77d2a768,baseline,2026-02-12T16:12:56,False,0.00
1532cb97-8848-586e-a3a1-075d77d2a768,smart,2026-02-12T12:12:56,True,759.38
4b415bae-681d-5e0e-98c4-9487de4d79cd,baseline,2026-01-15T17:52:09,True,4784.35
4b415bae-681d-5e0e-98c4-9487de4d79cd,smart,2026-01-15T13:52:09,False,0.00
9f2ffd27-42ee-53c9-b794-2e74e6a4d2b4,baseline,2026-03-30T15:21:39,False,0.00
9f2ffd27-42ee-53c9-b794-2e74e6a4d2b4,smart,2026-04-01T09:00:00,True,6109.46
fec195c0-e2d3-555e-b3ca-a78bc719d8b6,baseline,2026-01-22T21:17:11,False,0.00
fec195c0-e2d3-555e-b3ca-a78bc719d8b6,smart,2026-01-22T17:17:11,False,0.00
ef1b4e16-55cf-59f0-baa8-862d856cedf4,baseline,2026-02-24T08:20:50,True,1178.68
ef1b4e16-55cf-59f0-baa8-862d856cedf4,smart,2026-02-24T08:20:50,True,1178.68
fa7bdc90-3d4d-5a92-a0f9-8f7d5fdae64e,baseline,2026-01-28T15:54:20,False,0.00
fa7bdc90-3d4d-5a92-a0f9-8f7d5fdae64e,smart,2026-02-01T09:00:00,True,3701.70
1f3e0992-50cf-5cea-b1ee-6b7a40343553,baseline,2026-02-28T12:32:57,True,4345.38
1f3e0992-50cf-5cea-b1ee-6b7a40343553,smart,2026-03-01T09:00:00,True,4345.38
63ea179a-f21b-5090-b539-d6fbf3f88cbd,baseline,2026-02-16T01:04:58,True,1272.10
63ea179a-f21b-5090-b539-d6fbf3f88cbd,smart,2026-02-15T21:04:58,True,1272.10
bd48f265-c8bf-522e-b4f0-d9ce03bdf0c4,baseline,,False,0.00
bd48f265-c8bf-522e-b4f0-d9ce03bdf0c4,smart,,False,0.00
35e6bb1a-2e08-5bf2-9e1d-3a21f8c48d1d,baseline,2026-01-17T10:37:29,True,31511.14
35e6bb1a-2e08-5bf2-9e1d-3a21f8c48d1d,smart,2026-01-18T06:37:29,False,0.00
a898b82e-dd0c-53b4-9a25-dbdb188c0095,baseline,,False,0.00
a898b82e-dd0c-53b4-9a25-dbdb188c0095,smart,,False,0.00
5ff3d439-2d92-593a-80bc-2d18fc3abd95,baseline,,False,0.00
5ff3d439-2d92-593a-80bc-2d18fc3abd95,smart,,False,0.00
0e47840d-da93-52e9-9e08-89096bf245e1,baseline,2026-03-30T08:26:33,True,1603.33
0e47840d-da93-52e9-9e08-89096bf245e1,smart,2026-04-01T09:00:00,True,1603.33
f4a4328e-1244-5b68-aec2-8ca422a24c68,baseline,2026-02-18T23:01:17,True,1052.09
f4a4328e-1244-5b68-aec2-8ca422a24c68,smart,2026-02-18T19:01:17,False,0.00
bad4f356-6a7e-5e5e-866a-f55c2f3d88f1,baseline,,False,0.00
bad4f356-6a7e-5e5e-866a-f55c2f3d88f1,smart,,False,0.00
4c4228a7-e318-58b6-a471-d45a75126a95,baseline,2026-02-11T00:08:05,False,0.00
4c4228a7-e318-58b6-a471-d45a75126a95,smart,2026-02-10T20:08:05,False,0.00
f46cc96d-62a8-5819-9ca7-f07a1ceb373c,baseline,,False,0.00
f46cc96d-62a8-5819-9ca7-f07a1ceb373c,smart,,False,0.00
e14b8750-5abc-5985-a1fb-17221e2637ad,baseline,2026-01-23T06:49:28,False,0.00
e14b8750-5abc-5985-a1fb-17221e2637ad,smart,2026-01-23T02:49:28,False,0.00
06eab8d3-d588-560e-904c-dde2d5671b27,baseline,2026-03-30T15:23:36,False,0.00
06eab8d3-d588-560e-904c-dde2d5671b27,smart,2026-04-01T09:00:00,True,1503.49
33b1d4f1-b278-552b-b885-aa9a42d73906,baseline,2026-01-07T16:18:16,False,0.00
33b1d4f1-b278-552b-b885-aa9a42d73906,smart,2026-01-08T12:18:16,True,19162.35
94afd18b-b40d-5ae2-a1b4-b3289dfccc5e,baseline,2026-01-31T01:54:14,True,1717.36
94afd18b-b40d-5ae2-a1b4-b3289dfccc5e,smart,2026-02-01T09:00:00,True,1717.36
1b176a49-927a-5c4e-88a1-9cc6c7fa37b4,baseline,2026-03-27T15:36:55,False,0.00
1b176a49-927a-5c4e-88a1-9cc6c7fa37b4,smart,2026-04-01T09:00:00,False,0.00
1fb3b10f-9367-5bad-8985-f305c7c3fdca,baseline,2026-03-30T10:28:40,True,7838.74
1fb3b10f-9367-5bad-8985-f305c7c3fdca,smart,2026-04-01T09:00:00,False,0.00
65609bb7-fe22-5d1c-bdd9-a961bf501265,baseline,,False,0.00
65609bb7-fe22-5d1c-bdd9-a961bf501265,smart,,False,0.00
4bafa2ef-5600-5bda-8f3d-6fa15e1a1b4c,baseline,,False,0.00
4bafa2ef-5600-5bda-8f3d-6fa15e1a1b4c,smart,,False,0.00
087a84ee-c639-553e-89f6-f418ffe391c2,baseline,2026-01-30T23:19:19,False,0.00
087a84ee-c639-553e-89f6-f418ffe391c2,smart,2026-02-01T09:00:00,True,2146.80
b52311a0-171c-50c0-9bf6-900a66901398,baseline,,False,0.00
b52311a0-171c-50c0-9bf6-900a66901398,smart,,False,0.00
6a0fda8e-f304-57a5-a823-dd8c694b820d,baseline,2026-03-08T08:55:14,True,7716.48
6a0fda8e-f304-57a5-a823-dd8c694b820d,smart,2026-03-08T08:55:14,True,7716.48
783e098d-5d89-5e9a-ac8d-ec599fad22e2,baseline,2026-03-24T07:34:54,True,2889.16
783e098d-5d89-5e9a-ac8d-ec599fad22e2,smart,2026-03-24T07:34:54,True,2889.16
db6eb842-565b-50bc-a9ba-302cb7487528,baseline,2026-02-28T20:48:19,False,0.00
db6eb842-565b-50bc-a9ba-302cb7487528,smart,2026-03-01T09:00:00,True,763.35
fc7eaa6a-0459-5e47-9405-6b95d45931aa,baseline,2026-03-09T17:49:24,True,2489.87
fc7eaa6a-0459-5e47-9405-6b95d45931aa,smart,2026-03-09T13:49:24,False,0.00
08c13cf9-9217-5b7d-a5e7-5b67b3dee51e,baseline,,False,0.00
08c13cf9-9217-5b7d-a5e7-5b67b3dee51e,smart,,False,0.00
6f54b510-8c1b-5d54-90a7-e65be35a95b4,baseline,2026-03-24T07:23:28,True,7222.46
6f54b510-8c1b-5d54-90a7-e65be35a95b4,smart,2026-03-24T07:23:28,True,7222.46
3f4d8385-aa21-5687-9991-7de7f285eb11,baseline,2026-02-26T16:25:41,False,0.00
3f4d8385-aa21-5687-9991-7de7f285eb11,smart,2026-03-01T09:00:00,False,0.00
ba51b1f6-1300-547c-891c-c1ce79caadb2,baseline,2026-03-30T22:47:54,False,0.00
ba51b1f6-1300-547c-891c-c1ce79caadb2,smart,2026-04-01T09:00:00,True,5272.04
e4f02f8a-f3c6-577b-a70d-cfc5b7ef79d3,baseline,,False,0.00
e4f02f8a-f3c6-577b-a70d-cfc5b7ef79d3,smart,,False,0.00
719e2eac-ed83-5b04-a546-5b1c840eb8c3,baseline,2026-03-17T19:57:46,False,0.00
719e2eac-ed83-5b04-a546-5b1c840eb8c3,smart,2026-03-18T15:57:46,True,41375.41
f7974e13-af24-591e-bb8b-2a1b5399761e,baseline,2026-02-25T00:39:40,True,3494.55
f7974e13-af24-591e-bb8b-2a1b5399761e,smart,2026-02-24T20:39:40,True,3494.55
fd33160f-35cf-5720-84fe-34d1741c09e1,baseline,2026-02-28T00:25:55,True,995.69
fd33160f-35cf-5720-84fe-34d1741c09e1,smart,2026-03-01T09:00:00,True,995.69
2183ad0a-25ea-511f-b88d-dc0b94d913fd,baseline,,False,0.00
2183ad0a-25ea-511f-b88d-dc0b94d913fd,smart,,False,0.00
424f16f4-b474-51bb-ae85-333059426372,baseline,2026-02-04T00:46:11,False,0.00
424f16f4-b474-51bb-ae85-333059426372,smart,2026-02-04T20:46:11,True,24238.53
2a7b2eb3-057b-59b5-b896-88f04b8f75f0,baseline,2026-02-11T00:59:56,False,0.00
2a7b2eb3-057b-59b5-b896-88f04b8f75f0,smart,2026-02-11T20:59:56,False,0.00
4b178364-f0fb-5a35-9ea4-e8669077dc33,baseline,,False,0.00
4b178364-f0fb-5a35-9ea4-e8669077dc33,smart,,False,0.00
ca5eb8d2-91ff-5231-83e7-685796604ca8,baseline,2026-03-26T15:29:59,True,1004.71
ca5eb8d2-91ff-5231-83e7-685796604ca8,smart,2026-04-01T09:00:00,False,0.00
544923f0-3c73-5273-9c65-7d5951cdd462,baseline,2026-03-28T19:55:22,False,0.00
544923f0-3c73-5273-9c65-7d5951cdd462,smart,2026-04-01T09:00:00,False,0.00
d215265d-61ad-58b4-80b5-23be46762051,baseline,2026-02-05T13:56:32,False,0.00
d215265d-61ad-58b4-80b5-23be46762051,smart,2026-03-01T09:00:00,False,0.00
3158275b-93ac-5cf7-b146-4311610ecec2,baseline,,False,0.00
3158275b-93ac-5cf7-b146-4311610ecec2,smart,,False,0.00
20fc49ac-baa9-5fd2-9c43-7f27153f1455,baseline,2026-01-30T00:52:07,False,0.00
20fc49ac-baa9-5fd2-9c43-7f27153f1455,smart,2026-02-01T09:00:00,True,3228.63
9c71caee-7f9a-54ef-a666-5bca8117bb43,baseline,2026-03-30T02:11:42,False,0.00
9c71caee-7f9a-54ef-a666-5bca8117bb43,smart,2026-04-01T09:00:00,False,0.00
3236b178-7148-5438-bfef-cf7f082d937d,baseline,2026-03-08T08:40:30,False,0.00
3236b178-7148-5438-bfef-cf7f082d937d,smart,2026-03-08T08:40:30,False,0.00
3ab915d7-4d53-5342-99eb-982987c8b7be,baseline,,False,0.00
3ab915d7-4d53-5342-99eb-982987c8b7be,smart,,False,0.00
3fb95c5b-2f44-5369-8cc9-0db1adc6a2c8,baseline,2026-03-26T12:29:19,True,634.39
3fb95c5b-2f44-5369-8cc9-0db1adc6a2c8,smart,2026-04-01T09:00:00,True,634.39
9efd817f-71a5-5053-96c2-b89d6d6b4ee3,baseline,2026-03-27T08:41:47,False,0.00
9efd817f-71a5-5053-96c2-b89d6d6b4ee3,smart,2026-04-01T09:00:00,True,2384.35
df81088d-c475-52ec-bf7b-e1d69c1981a9,baseline,2026-02-03T01:46:32,True,1933.02
df81088d-c475-52ec-bf7b-e1d69c1981a9,smart,2026-02-02T21:46:32,True,1933.02
4d164bbe-c87f-54e3-910f-38fbdbecf89e,baseline,2026-02-24T07:10:25,True,5224.97
4d164bbe-c87f-54e3-910f-38fbdbecf89e,smart,2026-02-24T07:10:25,True,5224.97
98a8aa49-8062-5336-8b61-ddf6527d5cd7,baseline,2026-01-30T00:58:19,True,1566.62
98a8aa49-8062-5336-8b61-ddf6527d5cd7,smart,2026-01-29T20:58:19,True,1566.62
97e12c75-9557-5d82-badf-360a7bdc26a2,baseline,2026-03-05T01:20:25,False,0.00
97e12c75-9557-5d82-badf-360a7bdc26a2,smart,2026-03-04T21:20:25,True,4161.91
4bd6521e-fb1c-5823-9dd0-dcd72f21b54d,baseline,2026-01-15T01:30:59,True,633.19
4bd6521e-fb1c-5823-9dd0-dcd72f21b54d,smart,2026-01-14T21:30:59,False,0.00
f32fc7c5-0fc0-5d34-be34-511fbbf4ef0e,baseline,,False,0.00
f32fc7c5-0fc0-5d34-be34-511fbbf4ef0e,smart,,False,0.00
ff2ae896-b3fb-51b9-9a2c-9ab922d857d4,baseline,2026-01-27T23:08:21,True,1144.29
ff2ae896-b3fb-51b9-9a2c-9ab922d857d4,smart,2026-02-01T09:00:00,True,1144.29
98a51b8d-9883-597e-a4c8-5e184eed043b,baseline,2026-02-27T23:34:31,False,0.00
98a51b8d-9883-597e-a4c8-5e184eed043b,smart,2026-03-01T09:00:00,True,770.33
c6cd0a57-f2f7-52c7-b4fc-1c32ab375161,baseline,2026-01-31T23:38:34,False,0.00
c6cd0a57-f2f7-52c7-b4fc-1c32ab375161,smart,2026-02-01T09:00:00,True,1088.03
6cfbbf72-93ac-5ac2-a517-d2137ebfdc01,baseline,2026-03-02T00:57:35,True,274.02
6cfbbf72-93ac-5ac2-a517-d2137ebfdc01,smart,2026-03-01T20:57:35,True,274.02
af79e43e-777e-53a0-a5cd-82b31a30e7fc,baseline,,False,0.00
af79e43e-777e-53a0-a5cd-82b31a30e7fc,smart,,False,0.00
66a556a0-9eda-5519-87c1-700882fc2286,baseline,,False,0.00
66a556a0-9eda-5519-87c1-700882fc2286,smart,,False,0.00
592b2688-ed9d-5920-9afd-ce740cc2d2ed,baseline,2026-02-18T12:26:35,False,0.00
592b2688-ed9d-5920-9afd-ce740cc2d2ed,smart,2026-02-18T08:26:35,False,0.00
26c5cbfb-151d-5d1e-8669-c398ce37ab24,baseline,,False,0.00
26c5cbfb-151d-5d1e-8669-c398ce37ab24,smart,,False,0.00
8fbc2ae4-7d4b-5db2-8791-2b2589081f83,baseline,2026-01-29T01:21:57,True,1240.00
8fbc2ae4-7d4b-5db2-8791-2b2589081f83,smart,2026-02-01T09:00:00,True,1240.00
73e86b63-292b-5181-a78c-e1362ffb27aa,baseline,2026-02-28T01:26:51,False,0.00
73e86b63-292b-5181-a78c-e1362ffb27aa,smart,2026-02-28T21:26:51,False,0.00
a69ef7e9-020b-5e3a-b4a1-b63434d0e320,baseline,,False,0.00
a69ef7e9-020b-5e3a-b4a1-b63434d0e320,smart,,False,0.00
fcddf161-2526-54e0-a0f0-fd29fde10563,baseline,2026-03-24T08:23:15,False,0.00
fcddf161-2526-54e0-a0f0-fd29fde10563,smart,2026-03-24T08:23:15,False,0.00
c3732d4b-ec50-57be-8443-61c2ff7fbec0,baseline,,False,0.00
c3732d4b-ec50-57be-8443-61c2ff7fbec0,smart,,False,0.00
130e3faf-ce2e-527f-b4ae-7c5666c2fd54,baseline,2026-02-27T03:23:34,True,2113.69
130e3faf-ce2e-527f-b4ae-7c5666c2fd54,smart,2026-03-01T09:00:00,True,2113.69
47aeaecb-e3ee-5c55-9af8-12db0f061f8d,baseline,2026-02-22T15:01:02,True,27739.21
47aeaecb-e3ee-5c55-9af8-12db0f061f8d,smart,2026-02-23T11:01:02,False,0.00
aa0ea50b-f2c9-5e1d-b465-6d3800fd41f0,baseline,,False,0.00
aa0ea50b-f2c9-5e1d-b465-6d3800fd41f0,smart,,False,0.00
d8ca1e09-61cd-51d3-a828-36dcfd7ac86c,baseline,2026-02-18T08:00:39,True,1360.47
d8ca1e09-61cd-51d3-a828-36dcfd7ac86c,smart,2026-02-18T08:00:39,True,1360.47
d143c471-e6a8-5f88-83d7-14e37e0f7649,baseline,2026-03-30T01:37:47,False,0.00
d143c471-e6a8-5f88-83d7-14e37e0f7649,smart,2026-04-01T09:00:00,True,2507.80
c3f9d4c9-1037-5410-8052-df53ce786553,baseline,2026-01-04T17:57:37,True,383.56
c3f9d4c9-1037-5410-8052-df53ce786553,smart,2026-02-01T09:00:00,False,0.00
238eb46c-e811-592a-bbd5-a23a419e11a2,baseline,,False,0.00
238eb46c-e811-592a-bbd5-a23a419e11a2,smart,,False,0.00
292d7e14-1021-59a2-a0f5-2ff614b1833b,baseline,2026-01-01T23:23:57,False,0.00
292d7e14-1021-59a2-a0f5-2ff614b1833b,smart,2026-02-01T09:00:00,False,0.00
558eee3a-b862-5177-a71a-3a253e819c55,baseline,,False,0.00
558eee3a-b862-5177-a71a-3a253e819c55,smart,,False,0.00
509fe7d1-fef4-5a59-9881-24cb3ea0526a,baseline,,False,0.00
509fe7d1-fef4-5a59-9881-24cb3ea0526a,smart,,False,0.00
9e2e717a-00e0-59fd-93ad-ef4cd54d1393,baseline,2026-03-28T09:22:19,True,5194.49
9e2e717a-00e0-59fd-93ad-ef4cd54d1393,smart,2026-04-01T09:00:00,True,5194.49
37552a4d-9ee7-5aef-8ed6-938afab70f73,baseline,2026-03-18T08:39:58,True,1951.94
37552a4d-9ee7-5aef-8ed6-938afab70f73,smart,2026-03-18T08:39:58,True,1951.94
10bba0f7-168f-5cc7-8e10-3f4999178ef8,baseline,2026-03-28T06:16:10,True,4921.54
10bba0f7-168f-5cc7-8e10-3f4999178ef8,smart,2026-04-01T09:00:00,True,4921.54
f0844ee0-aefa-5de8-b5ed-992ed91801b2,baseline,2026-02-08T08:59:36,False,0.00
f0844ee0-aefa-5de8-b5ed-992ed91801b2,smart,2026-02-08T08:59:36,False,0.00
6d190080-861b-557c-9104-8e7486f5564e,baseline,,False,0.00
6d190080-861b-557c-9104-8e7486f5564e,smart,,False,0.00
bff4ddc9-2208-5087-ac93-1bab320c383c,baseline,2026-02-04T17:49:13,False,0.00
bff4ddc9-2208-5087-ac93-1bab320c383c,smart,2026-03-01T09:00:00,True,3290.22
0ed46e48-a84c-50b5-8852-54571617574f,baseline,,False,0.00
0ed46e48-a84c-50b5-8852-54571617574f,smart,,False,0.00
310ab1cd-8647-543e-9c5a-7afb737c30c0,baseline,2026-01-18T07:55:21,True,1450.38
310ab1cd-8647-543e-9c5a-7afb737c30c0,smart,2026-01-18T07:55:21,True,1450.38
4d96dc2b-81f8-5026-b278-92ac7ea19b4e,baseline,2026-02-26T16:26:13,True,1169.05
4d96dc2b-81f8-5026-b278-92ac7ea19b4e,smart,2026-03-01T09:00:00,True,1169.05
de573a8d-9573-51e6-88ef-6b3d97411244,baseline,2026-02-24T07:20:13,True,853.19
de573a8d-9573-51e6-88ef-6b3d97411244,smart,2026-02-24T07:20:13,True,853.19
f8fcfa40-8cad-5dd8-8f58-fe6287b5b1ae,baseline,,False,0.00
f8fcfa40-8cad-5dd8-8f58-fe6287b5b1ae,smart,,False,0.00
8a9f910e-8007-5448-980f-4aee9c40afee,baseline,2026-01-27T17:38:11,True,3361.44
8a9f910e-8007-5448-980f-4aee9c40afee,smart,2026-01-27T13:38:11,True,3361.44
28830562-86d7-5165-91a9-d1ca3e3f4df5,baseline,2026-03-31T19:51:30,False,0.00
28830562-86d7-5165-91a9-d1ca3e3f4df5,smart,2026-04-01T09:00:00,False,0.00
7d19e324-3b2d-5353-ac8e-9c81ab4c0c01,baseline,2026-03-30T16:42:55,True,3282.81
7d19e324-3b2d-5353-ac8e-9c81ab4c0c01,smart,2026-04-01T09:00:00,False,0.00
8cd914f4-5680-53fe-9815-9532a5d1d53e,baseline,2026-03-31T23:29:29,False,0.00
8cd914f4-5680-53fe-9815-9532a5d1d53e,smart,2026-04-01T09:00:00,True,3655.20
80d8842b-990c-55be-9e16-e3590a9a2436,baseline,,False,0.00
80d8842b-990c-55be-9e16-e3590a9a2436,smart,,False,0.00
babbfc54-2204-5a1b-93ec-d62fc4ad660a,baseline,2026-01-28T17:58:12,False,0.00
babbfc54-2204-5a1b-93ec-d62fc4ad660a,smart,2026-01-29T13:58:12,True,25113.17
339ee4e3-e020-5258-acb3-d14bfdd8d170,baseline,2026-01-27T15:01:35,False,0.00
339ee4e3-e020-5258-acb3-d14bfdd8d170,smart,2026-02-01T09:00:00,True,6259.91
df1a4d66-81e5-528a-b88f-aaca80348486,baseline,,False,0.00
df1a4d66-81e5-528a-b88f-aaca80348486,smart,,False,0.00
7abbd8be-4333-5fcc-b986-5ccd3053e776,baseline,2026-02-08T07:18:18,True,4203.68
7abbd8be-4333-5fcc-b986-5ccd3053e776,smart,2026-02-08T07:18:18,True,4203.68
9d6db87a-a3d3-5404-8217-daacc8b7e646,baseline,2026-03-27T21:30:02,False,0.00
9d6db87a-a3d3-5404-8217-daacc8b7e646,smart,2026-04-01T09:00:00,True,2294.24
cf852937-1b46-51eb-9449-9f3b5480fdb7,baseline,2026-02-18T08:09:13,False,0.00
cf852937-1b46-51eb-9449-9f3b5480fdb7,smart,2026-02-18T08:09:13,False,0.00
73fedcde-f084-5c03-ac48-9067a9facc22,baseline,,False,0.00
73fedcde-f084-5c03-ac48-9067a9facc22,smart,,False,0.00
4e75aa3d-17ad-5ac0-942b-da047c7ef0ed,baseline,2026-01-31T17:26:11,True,1227.41
4e75aa3d-17ad-5ac0-942b-da047c7ef0ed,smart,2026-02-01T09:00:00,True,1227.41
f65502af-6727-5414-804f-4a8d64ead129,baseline,2026-03-15T00:45:52,False,0.00
f65502af-6727-5414-804f-4a8d64ead129,smart,2026-03-15T20:45:52,False,0.00
7e21ca8c-5552-5168-b2de-3f8cd90e9a9d,baseline,2026-03-28T10:41:48,False,0.00
7e21ca8c-5552-5168-b2de-3f8cd90e9a9d,smart,2026-04-01T09:00:00,True,769.71
9b8b6d42-44ad-533b-9ba2-86030a8a24bc,baseline,,False,0.00
9b8b6d42-44ad-533b-9ba2-86030a8a24bc,smart,,False,0.00
fd08e7c3-3d41-5dbb-8b59-bab8e730e902,baseline,2026-03-26T15:56:05,True,1387.27
fd08e7c3-3d41-5dbb-8b59-bab8e730e902,smart,2026-04-01T09:00:00,True,1387.27
93f6b156-5919-5501-a21e-6de3e64d307a,baseline,,False,0.00
93f6b156-5919-5501-a21e-6de3e64d307a,smart,,False,0.00
bcd7b505-1ded-535b-8088-230a29c1b2ea,baseline,2026-01-26T10:09:08,False,0.00
bcd7b505-1ded-535b-8088-230a29c1b2ea,smart,2026-02-01T09:00:00,True,1530.16
f113409f-d18b-507d-b7ff-3b3ad551532f,baseline,,False,0.00
f113409f-d18b-507d-b7ff-3b3ad551532f,smart,,False,0.00
8446336f-3cf7-556e-b8e5-1ce61415420a,baseline,,False,0.00
8446336f-3cf7-556e-b8e5-1ce61415420a,smart,,False,0.00
e54c2b98-51eb-5899-843e-e92214f0d4f1,baseline,2026-01-28T17:00:49,False,0.00
e54c2b98-51eb-5899-843e-e92214f0d4f1,smart,2026-02-01T09:00:00,False,0.00
325a68cb-50e1-54ab-b319-cd873a05e68b,baseline,2026-01-30T15:19:26,False,0.00
325a68cb-50e1-54ab-b319-cd873a05e68b,smart,2026-02-01T09:00:00,False,0.00
88393a09-4728-5004-8392-48cd587d9f70,baseline,,False,0.00
88393a09-4728-5004-8392-48cd587d9f70,smart,,False,0.00
a0099a8f-dd9f-5993-a8ec-076aacca5eae,baseline,2026-03-23T17:41:09,False,0.00
a0099a8f-dd9f-5993-a8ec-076aacca5eae,smart,2026-03-23T13:41:09,True,1902.47
b1006703-18d9-50a9-b49e-6a8486586553,baseline,2026-03-29T23:11:51,False,0.00
b1006703-18d9-50a9-b49e-6a8486586553,smart,2026-04-01T09:00:00,False,0.00
c3c57bf8-a527-53f6-bf83-a07cc1c91590,baseline,,False,0.00
c3c57bf8-a527-53f6-bf83-a07cc1c91590,smart,,False,0.00
20d6c13c-2344-5a62-81b9-079f86261f1e,baseline,2026-03-28T06:59:18,False,0.00
20d6c13c-2344-5a62-81b9-079f86261f1e,smart,2026-04-01T09:00:00,True,706.60
0ec3327b-ca62-5cdc-9327-0ec98c10cd09,baseline,2026-01-29T09:07:18,False,0.00
0ec3327b-ca62-5cdc-9327-0ec98c10cd09,smart,2026-02-01T09:00:00,True,2143.56
7209c90e-7d66-5878-80be-1a6f5e2c33cf,baseline,2026-03-28T08:06:02,False,0.00
7209c90e-7d66-5878-80be-1a6f5e2c33cf,smart,2026-04-01T09:00:00,False,0.00
26f33285-8932-50b8-a939-32dcf2221689,baseline,,False,0.00
26f33285-8932-50b8-a939-32dcf2221689,smart,,False,0.00
e9f2f86e-cf6a-567e-a9f9-5db1aefdf9f3,baseline,2026-02-11T15:45:22,False,0.00
e9f2f86e-cf6a-567e-a9f9-5db1aefdf9f3,smart,2026-02-11T11:45:22,False,0.00
85f56caf-7447-56ab-a9d0-ff25a7370da4,baseline,2026-01-08T08:39:38,False,0.00
85f56caf-7447-56ab-a9d0-ff25a7370da4,smart,2026-01-08T08:39:38,False,0.00
85d5dfd2-d92a-5355-a051-a9ccff341169,baseline,,False,0.00
85d5dfd2-d92a-5355-a051-a9ccff341169,smart,,False,0.00
5ba56cae-47c6-5050-bc35-d2c26eee2db1,baseline,2026-02-28T12:23:37,False,0.00
5ba56cae-47c6-5050-bc35-d2c26eee2db1,smart,2026-03-01T09:00:00,True,4748.94
79f24260-cc85-56d9-92ea-8e8dacbab1dc,baseline,,False,0.00
79f24260-cc85-56d9-92ea-8e8dacbab1dc,smart,,False,0.00
6c340c49-fb91-5e92-a2de-51f69825008d,baseline,2026-03-08T07:15:23,False,0.00
6c340c49-fb91-5e92-a2de-51f69825008d,smart,2026-03-08T07:15:23,False,0.00
e7b64b38-746a-5b0d-874e-977048ac1eae,baseline,2026-03-16T16:22:46,False,0.00
e7b64b38-746a-5b0d-874e-977048ac1eae,smart,2026-03-16T12:22:46,True,3477.00
6542c37a-4e58-50c2-96a7-4ade164aeb3e,baseline,2026-02-01T16:55:00,False,0.00
6542c37a-4e58-50c2-96a7-4ade164aeb3e,smart,2026-03-01T09:00:00,True,4864.25
b018f0bc-9ff3-501f-9281-c1b93fef6f14,baseline,2026-03-24T23:02:29,True,2400.15
b018f0bc-9ff3-501f-9281-c1b93fef6f14,smart,2026-03-24T19:02:29,True,2400.15
70124aaa-c4a5-54f6-abd0-fbc2b07863b9,baseline,2026-02-18T07:03:35,True,1776.18
70124aaa-c4a5-54f6-abd0-fbc2b07863b9,smart,2026-02-18T07:03:35,True,1776.18
ef1236fc-8ea6-59c3-a739-d1070c772544,baseline,2026-02-25T06:01:45,False,0.00
ef1236fc-8ea6-59c3-a739-d1070c772544,smart,2026-02-25T02:01:45,False,0.00
51a911c7-0c06-528d-916b-dda3602ec627,baseline,2026-01-28T15:49:50,True,2909.91
51a911c7-0c06-528d-916b-dda3602ec627,smart,2026-02-01T09:00:00,True,2909.91
8fde3968-2366-5358-b2d9-0419a3e9d110,baseline,2026-03-28T01:26:11,True,779.36
8fde3968-2366-5358-b2d9-0419a3e9d110,smart,2026-04-01T09:00:00,False,0.00
a9d28989-af2e-5153-9347-40066b32d318,baseline,2026-02-06T15:11:04,False,0.00
a9d28989-af2e-5153-9347-40066b32d318,smart,2026-02-06T11:11:04,False,0.00
66cca7b5-2e0c-576a-af35-d8fcfe98cd2e,baseline,2026-02-28T00:07:29,False,0.00
66cca7b5-2e0c-576a-af35-d8fcfe98cd2e,smart,2026-03-01T09:00:00,False,0.00
66cea291-171d-54f1-8254-b3daff3c6c99,baseline,,False,0.00
66cea291-171d-54f1-8254-b3daff3c6c99,smart,,False,0.00
20b28318-02a5-50fe-be8a-5dbefb556844,baseline,2026-03-18T07:04:28,False,0.00
20b28318-02a5-50fe-be8a-5dbefb556844,smart,2026-03-18T07:04:28,False,0.00
f0a1f1bc-b6cc-559a-b08c-71d8400f829b,baseline,,False,0.00
f0a1f1bc-b6cc-559a-b08c-71d8400f829b,smart,,False,0.00
0b26c121-0652-5e26-9db8-2c4a3d7368d8,baseline,2026-03-24T00:42:15,True,1421.60
0b26c121-0652-5e26-9db8-2c4a3d7368d8,smart,2026-03-23T20:42:15,True,1421.60
a3b3192c-25bb-59df-82ed-0d18db169f26,baseline,2026-01-05T13:53:25,False,0.00
a3b3192c-25bb-59df-82ed-0d18db169f26,smart,2026-01-06T09:53:25,False,0.00
732ec31d-0288-5a6a-94b6-c81507d99c62,baseline,,False,0.00
732ec31d-0288-5a6a-94b6-c81507d99c62,smart,,False,0.00
7141e576-af0c-5a16-bc1e-806ed6235822,baseline,,False,0.00
7141e576-af0c-5a16-bc1e-806ed6235822,smart,,False,0.00
bbd067b8-b3e9-5a5f-801a-7b3921380f3a,baseline,,False,0.00
bbd067b8-b3e9-5a5f-801a-7b3921380f3a,smart,,False,0.00
9a91beee-7e2d-5722-9aae-1557127a5609,baseline,,False,0.00
9a91beee-7e2d-5722-9aae-1557127a5609,smart,,False,0.00
62dafb10-0499-5a20-b824-60c4326fd12f,baseline,,False,0.00
62dafb10-0499-5a20-b824-60c4326fd12f,smart,,False,0.00
934a2b66-9e36-5e8a-8859-a9423148385a,baseline,2026-01-29T01:43:16,True,4277.88
934a2b66-9e36-5e8a-8859-a9423148385a,smart,2026-01-28T21:43:16,True,4277.88
213b2278-5a8c-5a28-bbdc-258707051bc2,baseline,2026-01-29T05:33:41,False,0.00
213b2278-5a8c-5a28-bbdc-258707051bc2,smart,2026-02-01T09:00:00,True,1137.93
3f5c0c35-ca9e-55c8-afef-1befe1d987dc,baseline,2026-01-18T07:15:57,True,7334.65
3f5c0c35-ca9e-55c8-afef-1befe1d987dc,smart,2026-01-18T07:15:57,True,7334.65
2061bb82-8020-53af-8780-8971a5cc8158,baseline,2026-03-02T00:35:42,True,816.28
2061bb82-8020-53af-8780-8971a5cc8158,smart,2026-03-02T00:35:42,True,816.28
a81df721-bfc3-5225-9298-74b993b3894f,baseline,,False,0.00
a81df721-bfc3-5225-9298-74b993b3894f,smart,,False,0.00
6d0635ef-cc0d-5709-bf7e-adac1afd56fe,baseline,2026-03-24T08:24:50,False,0.00
6d0635ef-cc0d-5709-bf7e-adac1afd56fe,smart,2026-03-24T08:24:50,False,0.00
86b27eb1-a5e7-5d31-b129-e9c8cb4d5ed0,baseline,2026-01-02T15:04:50,True,963.37
86b27eb1-a5e7-5d31-b129-e9c8cb4d5ed0,smart,2026-02-01T09:00:00,True,963.37
f4e671ea-53a5-50fd-86fc-56c8ab560fe3,baseline,,False,0.00
f4e671ea-53a5-50fd-86fc-56c8ab560fe3,smart,,False,0.00
ec9f60c3-6793-5eb7-af50-6e44f43cba88,baseline,,False,0.00
ec9f60c3-6793-5eb7-af50-6e44f43cba88,smart,,False,0.00
b1ec2662-2227-5f1a-81ea-56577730350f,baseline,2026-02-28T13:26:12,False,0.00
b1ec2662-2227-5f1a-81ea-56577730350f,smart,2026-03-01T09:00:00,False,0.00
a6f9d0fa-563f-50b2-8140-67ed2bfaefc4,baseline,,False,0.00
a6f9d0fa-563f-50b2-8140-67ed2bfaefc4,smart,,False,0.00
d0aa65ba-0fc5-51f6-9afe-4a1d42be25b0,baseline,2026-03-28T10:47:10,True,5050.17
d0aa65ba-0fc5-51f6-9afe-4a1d42be25b0,smart,2026-04-01T09:00:00,False,0.00
884c9d84-34bc-5047-bf43-a27cbc3e0e91,baseline,,False,0.00
884c9d84-34bc-5047-bf43-a27cbc3e0e91,smart,,False,0.00
9bb5b4ab-21ec-5e99-a0f1-66c9bfba1a5f,baseline,2026-01-19T23:15:23,True,4455.52
9bb5b4ab-21ec-5e99-a0f1-66c9bfba1a5f,smart,2026-01-19T19:15:23,False,0.00
e861fb88-c657-5165-b40e-66df54bba57e,baseline,,False,0.00
e861fb88-c657-5165-b40e-66df54bba57e,smart,,False,0.00
7251aef9-de38-5feb-a9ed-ed4f8af48554,baseline,2026-03-31T16:23:31,True,4727.57
7251aef9-de38-5feb-a9ed-ed4f8af48554,smart,2026-04-01T09:00:00,False,0.00
6b86a359-051b-5627-b1e1-5508ad2b3935,baseline,2026-01-30T17:51:51,False,0.00
6b86a359-051b-5627-b1e1-5508ad2b3935,smart,2026-02-01T09:00:00,False,0.00
1f3e1b10-61aa-5639-b36c-f88eaed9702f,baseline,2026-03-30T01:33:08,False,0.00
1f3e1b10-61aa-5639-b36c-f88eaed9702f,smart,2026-04-01T09:00:00,False,0.00
7f7f2ab3-da7c-55fa-ae43-e0b0c6dfc02b,baseline,2026-01-02T00:03:31,True,21318.52
7f7f2ab3-da7c-55fa-ae43-e0b0c6dfc02b,smart,2026-01-02T20:03:31,False,0.00
70ea5d85-a3e5-5370-9161-eefcb308390f,baseline,,False,0.00
70ea5d85-a3e5-5370-9161-eefcb308390f,smart,,False,0.00
f8458bdd-13c1-53bc-a5bd-c9e055be8457,baseline,,False,0.00
f8458bdd-13c1-53bc-a5bd-c9e055be8457,smart,,False,0.00
ffde1f8b-bbb1-589d-9bdc-8afd08f0a676,baseline,2026-03-24T08:18:07,False,0.00
ffde1f8b-bbb1-589d-9bdc-8afd08f0a676,smart,2026-03-24T08:18:07,False,0.00
592441eb-dc4d-5180-8a4b-fa3b88b96670,baseline,,False,0.00
592441eb-dc4d-5180-8a4b-fa3b88b96670,smart,,False,0.00
11e6de08-65c1-552d-b8c0-91db815e1d37,baseline,2026-02-10T06:35:42,False,0.00
11e6de08-65c1-552d-b8c0-91db815e1d37,smart,2026-02-11T02:35:42,True,24564.85
5553a5b8-ed20-5782-b007-d1656b36b55c,baseline,,False,0.00
5553a5b8-ed20-5782-b007-d1656b36b55c,smart,,False,0.00
e601b9a7-6660-57cc-967f-9623d540e42b,baseline,2026-02-24T07:52:12,True,4382.20
e601b9a7-6660-57cc-967f-9623d540e42b,smart,2026-02-24T07:52:12,True,4382.20
0f31c058-9de8-50c2-b15d-0ba16803fe91,baseline,,False,0.00
0f31c058-9de8-50c2-b15d-0ba16803fe91,smart,,False,0.00
143ff4e8-a679-5eda-9f93-14849a0886f5,baseline,,False,0.00
143ff4e8-a679-5eda-9f93-14849a0886f5,smart,,False,0.00
b5bd2fe6-e8f4-5845-a9ad-9ed86b8c6475,baseline,2026-03-08T07:56:49,False,0.00
b5bd2fe6-e8f4-5845-a9ad-9ed86b8c6475,smart,2026-03-08T07:56:49,False,0.00
bb3e2704-7a84-59b0-8d76-6fffd93698b5,baseline,2026-04-01T01:40:29,True,735.80
bb3e2704-7a84-59b0-8d76-6fffd93698b5,smart,2026-04-01T09:00:00,False,0.00
e8382c8d-5051-53b6-a4f8-65b29f54d412,baseline,,False,0.00
e8382c8d-5051-53b6-a4f8-65b29f54d412,smart,,False,0.00
9dd270c2-92fa-59f5-811a-7a893aef37fb,baseline,,False,0.00
9dd270c2-92fa-59f5-811a-7a893aef37fb,smart,,False,0.00
a34212ed-5111-5c97-9062-2165ba4a04a6,baseline,,False,0.00
a34212ed-5111-5c97-9062-2165ba4a04a6,smart,,False,0.00
a71f680a-0f41-5a92-8fd1-d1a02785c6d4,baseline,2026-03-14T01:35:51,True,1511.55
a71f680a-0f41-5a92-8fd1-d1a02785c6d4,smart,2026-03-13T21:35:51,False,0.00
fcc9689a-59c0-5b4b-a7d2-5a9736224589,baseline,2026-01-02T01:17:35,True,942.59
fcc9689a-59c0-5b4b-a7d2-5a9736224589,smart,2026-01-01T21:17:35,False,0.00
a77097ad-6e67-54cb-a75f-7160bc12e9bd,baseline,,False,0.00
a77097ad-6e67-54cb-a75f-7160bc12e9bd,smart,,False,0.00
db0079c5-6171-5837-8d5f-73d4554b143b,baseline,,False,0.00
db0079c5-6171-5837-8d5f-73d4554b143b,smart,,False,0.00
95b1bf96-a420-5aa4-8ee4-e29c751bf0eb,baseline,,False,0.00
95b1bf96-a420-5aa4-8ee4-e29c751bf0eb,smart,,False,0.00
6610bea9-4708-5932-8521-0ae91602d369,baseline,,False,0.00
6610bea9-4708-5932-8521-0ae91602d369,smart,,False,0.00
0e20a94d-3887-5019-8657-0927bcee8559,baseline,,False,0.00
0e20a94d-3887-5019-8657-0927bcee8559,smart,,False,0.00
71cd1e49-c012-5103-8fc2-e7b2829bd8c4,baseline,2026-02-15T12:47:51,False,0.00
71cd1e49-c012-5103-8fc2-e7b2829bd8c4,smart,2026-02-15T08:47:51,False,0.00
016fb1aa-de2c-5938-a9a3-600c2c598469,baseline,2026-02-17T23:12:33,True,3647.76
016fb1aa-de2c-5938-a9a3-600c2c598469,smart,2026-02-17T19:12:33,True,3647.76
5e22c219-7428-570b-9693-f03d38e8a55c,baseline,2026-01-18T07:00:07,False,0.00
5e22c219-7428-570b-9693-f03d38e8a55c,smart,2026-01-18T07:00:07,False,0.00
172d2770-4d0a-58a3-aa3b-a80e1b1885c1,baseline,2026-03-02T02:46:01,True,718.38
172d2770-4d0a-58a3-aa3b-a80e1b1885c1,smart,2026-04-01T09:00:00,True,718.38
212e9475-aa8c-51db-b501-7e71cf23327c,baseline,2026-02-15T15:26:42,False,0.00
212e9475-aa8c-51db-b501-7e71cf23327c,smart,2026-02-16T11:26:42,False,0.00
1fc401d0-95ea-5c1f-a3ba-b042881336fd,baseline,2026-03-27T17:18:06,False,0.00
1fc401d0-95ea-5c1f-a3ba-b042881336fd,smart,2026-04-01T09:00:00,True,2351.29
691745e5-09e3-5b70-ade8-fd5266122f3a,baseline,,False,0.00
691745e5-09e3-5b70-ade8-fd5266122f3a,smart,,False,0.00
074030e2-7a11-588a-8f9a-1e32a4e6644b,baseline,,False,0.00
074030e2-7a11-588a-8f9a-1e32a4e6644b,smart,,False,0.00
f9ac2e26-8d4f-57fa-8393-a594f8262cf8,baseline,2026-02-18T07:41:04,False,0.00
f9ac2e26-8d4f-57fa-8393-a594f8262cf8,smart,2026-02-18T07:41:04,False,0.00
1f70b3ed-0b98-54aa-b937-c8a3bbe863a8,baseline,2026-03-27T01:49:20,True,2185.72
1f70b3ed-0b98-54aa-b937-c8a3bbe863a8,smart,2026-04-01T09:00:00,True,2185.72
83fecf10-e6a3-5b03-86ee-7660c6e5378d,baseline,2026-02-08T07:08:29,False,0.00
83fecf10-e6a3-5b03-86ee-7660c6e5378d,smart,2026-02-08T07:08:29,False,0.00
7ecb2c03-b448-5f21-86f2-3dd28ac91ef1,baseline,,False,0.00
7ecb2c03-b448-5f21-86f2-3dd28ac91ef1,smart,,False,0.00
77caa865-0851-5076-bd08-9a31c9587759,baseline,,False,0.00
77caa865-0851-5076-bd08-9a31c9587759,smart,,False,0.00
3ee22659-5993-5684-9a85-8e273940f27e,baseline,,False,0.00
3ee22659-5993-5684-9a85-8e273940f27e,smart,,False,0.00
f56ecd7a-604d-576e-a945-4f64487a8231,baseline,2026-03-08T17:45:57,False,0.00
f56ecd7a-604d-576e-a945-4f64487a8231,smart,2026-03-08T13:45:57,False,0.00
b5f0527b-0180-5b00-b936-6554488b308b,baseline,,False,0.00
b5f0527b-0180-5b00-b936-6554488b308b,smart,,False,0.00
cf521e51-6f50-5e81-8ae9-36af59b18482,baseline,,False,0.00
cf521e51-6f50-5e81-8ae9-36af59b18482,smart,,False,0.00
36638e53-e668-5048-af24-ab78b0086893,baseline,2026-03-29T23:01:03,True,6576.05
36638e53-e668-5048-af24-ab78b0086893,smart,2026-04-01T09:00:00,True,6576.05
ad443813-0d9c-5550-857e-59334c369389,baseline,2026-01-14T17:43:00,False,0.00
ad443813-0d9c-5550-857e-59334c369389,smart,2026-01-15T13:43:00,True,41042.28
646063f3-2bf5-5212-b9e8-9ceb16c8fb51,baseline,2026-02-01T16:14:10,False,0.00
646063f3-2bf5-5212-b9e8-9ceb16c8fb51,smart,2026-02-01T12:14:10,True,1226.21
d2f668c5-dd08-539d-aab3-facfdd8b9c95,baseline,,False,0.00
d2f668c5-dd08-539d-aab3-facfdd8b9c95,smart,,False,0.00
8385926c-26ed-5371-9329-88af37e67ce8,baseline,2026-03-18T08:28:17,True,695.82
8385926c-26ed-5371-9329-88af37e67ce8,smart,2026-03-18T08:28:17,True,695.82
45091ad0-5fea-53f3-ae6d-34e5dea97d60,baseline,2026-01-31T03:01:38,False,0.00
45091ad0-5fea-53f3-ae6d-34e5dea97d60,smart,2026-02-01T09:00:00,False,0.00
c5daae3d-c972-553d-b2f9-ebc9f5f6fa04,baseline,,False,0.00
c5daae3d-c972-553d-b2f9-ebc9f5f6fa04,smart,,False,0.00
be66c7fe-2343-594e-96dc-74103821812c,baseline,2026-01-08T21:39:32,False,0.00
be66c7fe-2343-594e-96dc-74103821812c,smart,2026-01-08T17:39:32,False,0.00
3105082c-8d82-5c30-ad01-292aa901bc85,baseline,2026-02-08T00:19:51,False,0.00
3105082c-8d82-5c30-ad01-292aa901bc85,smart,2026-02-07T20:19:51,True,1534.23
3a64dc5a-6d65-5df0-baa9-4cd5e4081161,baseline,,False,0.00
3a64dc5a-6d65-5df0-baa9-4cd5e4081161,smart,,False,0.00
65f8b160-09eb-598e-943a-93b59370c112,baseline,2026-02-28T17:51:31,False,0.00
65f8b160-09eb-598e-943a-93b59370c112,smart,2026-03-01T09:00:00,False,0.00
ec5be1a1-b22c-5e98-9d38-65fa61b9d60f,baseline,,False,0.00
ec5be1a1-b22c-5e98-9d38-65fa61b9d60f,smart,,False,0.00
72718f16-de90-5f85-a56e-b329de559bf0,baseline,2026-03-27T00:43:37,False,0.00
72718f16-de90-5f85-a56e-b329de559bf0,smart,2026-03-26T20:43:37,True,1801.01
ee91d2cc-343a-5cc1-94d4-131c62606b61,baseline,2026-02-08T08:32:28,True,2289.72
ee91d2cc-343a-5cc1-94d4-131c62606b61,smart,2026-02-08T08:32:28,True,2289.72
5a471929-8b06-5b03-bdc0-c3251bd0b6e8,baseline,2026-03-29T10:36:45,False,0.00
5a471929-8b06-5b03-bdc0-c3251bd0b6e8,smart,2026-04-01T09:00:00,True,4161.06
5830a267-fd4b-5d68-81a6-1f1a0e44219a,baseline,2026-01-05T19:08:31,False,0.00
5830a267-fd4b-5d68-81a6-1f1a0e44219a,smart,2026-01-06T15:08:31,False,0.00
47116402-fe04-5492-ace6-1d5768a16f68,baseline,2026-01-26T15:39:31,False,0.00
47116402-fe04-5492-ace6-1d5768a16f68,smart,2026-01-26T11:39:31,False,0.00
7eba493e-3713-5725-bcf0-5591ae8a640f,baseline,2026-03-06T11:24:31,False,0.00
7eba493e-3713-5725-bcf0-5591ae8a640f,smart,2026-03-06T07:24:31,False,0.00
7ac689a7-d151-515c-a51a-b28e513d91f7,baseline,2026-03-17T03:22:07,False,0.00
7ac689a7-d151-515c-a51a-b28e513d91f7,smart,2026-03-16T23:22:07,True,7919.46
d987c00c-d686-5317-af48-1fab8b4b399e,baseline,2026-02-06T02:41:18,False,0.00
d987c00c-d686-5317-af48-1fab8b4b399e,smart,2026-03-01T09:00:00,True,431.44
b7f684ef-3b9c-569a-8a48-776589fd41ef,baseline,2026-02-26T16:04:03,False,0.00
b7f684ef-3b9c-569a-8a48-776589fd41ef,smart,2026-03-01T09:00:00,True,659.80
ee388e9f-576c-53dc-a8da-ec849adac46e,baseline,2026-02-03T05:53:59,True,5151.42
ee388e9f-576c-53dc-a8da-ec849adac46e,smart,2026-02-03T09:00:00,True,5151.42
0cd766b4-b701-569d-995a-ffaaede2ec79,baseline,2026-02-26T23:56:41,True,3117.41
0cd766b4-b701-569d-995a-ffaaede2ec79,smart,2026-03-01T09:00:00,True,3117.41
a2ddc8fe-4df7-5db1-bf99-240e38211855,baseline,,False,0.00
a2ddc8fe-4df7-5db1-bf99-240e38211855,smart,,False,0.00
364373c2-6352-5c3d-8e9b-030c65b92d47,baseline,2026-03-29T03:21:08,False,0.00
364373c2-6352-5c3d-8e9b-030c65b92d47,smart,2026-04-01T09:00:00,True,607.46
e9fe88f9-ead6-5fee-8c2d-26fc2733a1ab,baseline,2026-01-24T18:00:21,False,0.00
e9fe88f9-ead6-5fee-8c2d-26fc2733a1ab,smart,2026-01-25T14:00:21,False,0.00
03dc1769-16f8-56d6-916b-a899fe539153,baseline,2026-02-16T15:58:11,False,0.00
03dc1769-16f8-56d6-916b-a899fe539153,smart,2026-02-16T11:58:11,True,840.02
b09c1f44-0a66-5832-ac73-f6664c66bd4a,baseline,,False,0.00
b09c1f44-0a66-5832-ac73-f6664c66bd4a,smart,,False,0.00
bde0a64f-9e4e-5360-8a2a-22b087cccb58,baseline,2026-03-18T08:58:35,False,0.00
bde0a64f-9e4e-5360-8a2a-22b087cccb58,smart,2026-03-18T08:58:35,False,0.00
f2911f6d-961c-5ac4-acff-2168b3214227,baseline,2026-01-03T20:01:30,False,0.00
f2911f6d-961c-5ac4-acff-2168b3214227,smart,2026-01-04T16:01:30,False,0.00
ca9a76df-86e7-575b-8b8e-bfe1db8d766e,baseline,2026-01-21T23:09:09,False,0.00
ca9a76df-86e7-575b-8b8e-bfe1db8d766e,smart,2026-01-21T19:09:09,False,0.00
da491997-6a73-56db-afe7-b3a0db201b26,baseline,2026-01-06T03:06:07,True,12625.43
da491997-6a73-56db-afe7-b3a0db201b26,smart,2026-01-06T23:06:07,False,0.00
c7cc743c-408a-5c43-9d3e-62dcf814a020,baseline,2026-03-01T00:51:32,True,3443.73
c7cc743c-408a-5c43-9d3e-62dcf814a020,smart,2026-03-01T09:00:00,True,3443.73
462c278f-5926-5c4b-86be-f7b5bfb4adc3,baseline,2026-02-21T00:05:33,False,0.00
462c278f-5926-5c4b-86be-f7b5bfb4adc3,smart,2026-02-20T20:05:33,True,980.11
ec58c389-88df-58cd-adf9-d01b006dc5a3,baseline,2026-03-28T17:26:38,False,0.00
ec58c389-88df-58cd-adf9-d01b006dc5a3,smart,2026-03-28T13:26:38,False,0.00
efc27389-1834-53c5-a4dd-59e1d7dc72d7,baseline,2026-02-27T01:57:38,False,0.00
efc27389-1834-53c5-a4dd-59e1d7dc72d7,smart,2026-02-26T21:57:38,False,0.00
9da686e4-08b7-5435-9ea3-9845ca3f77ce,baseline,,False,0.00
9da686e4-08b7-5435-9ea3-9845ca3f77ce,smart,,False,0.00
f4a3bcd2-6dae-5442-a45e-8f8aeb140b2c,baseline,,False,0.00
f4a3bcd2-6dae-5442-a45e-8f8aeb140b2c,smart,,False,0.00
6f287047-d5d1-5502-99de-e47b2cf1aabb,baseline,2026-03-31T16:48:03,True,2365.14
6f287047-d5d1-5502-99de-e47b2cf1aabb,smart,2026-04-01T09:00:00,True,2365.14
c341b6f7-d2fe-51fb-a147-32bc42c726e4,baseline,2026-03-17T12:44:26,True,3392.23
c341b6f7-d2fe-51fb-a147-32bc42c726e4,smart,2026-03-17T08:44:26,True,3392.23
99dadeb2-9fde-58d9-a88b-355b39c40d1c,baseline,,False,0.00
99dadeb2-9fde-58d9-a88b-355b39c40d1c,smart,,False,0.00
335d3021-cee1-536d-a9c8-7493cfed8c83,baseline,2026-03-02T02:08:07,True,1866.95
335d3021-cee1-536d-a9c8-7493cfed8c83,smart,2026-04-01T09:00:00,True,1866.95
2be1d09b-53c3-5450-8865-b6b0bc48f80b,baseline,,False,0.00
2be1d09b-53c3-5450-8865-b6b0bc48f80b,smart,,False,0.00
ff3007df-9197-54c0-a60f-d0e8aa99a305,baseline,2026-01-08T08:57:10,True,2364.98
ff3007df-9197-54c0-a60f-d0e8aa99a305,smart,2026-01-08T08:57:10,True,2364.98
77044b9f-f557-5a56-baaa-d11de829db5b,baseline,2026-03-27T17:51:03,False,0.00
77044b9f-f557-5a56-baaa-d11de829db5b,smart,2026-04-01T09:00:00,True,3306.09
97ce7219-3a93-5423-9713-3ef7d7d3eeac,baseline,2026-02-01T00:19:51,True,1807.20
97ce7219-3a93-5423-9713-3ef7d7d3eeac,smart,2026-02-01T09:00:00,True,1807.20
3feac128-97d3-5636-bb19-faa4328a03db,baseline,2026-03-29T23:23:56,True,2255.09
3feac128-97d3-5636-bb19-faa4328a03db,smart,2026-04-01T09:00:00,True,2255.09
fc589c34-80ab-5860-9f29-73bf6af7e08c,baseline,,False,0.00
fc589c34-80ab-5860-9f29-73bf6af7e08c,smart,,False,0.00
39d38185-9f57-5567-8ae7-a917d1be125d,baseline,2026-02-26T15:58:35,False,0.00
39d38185-9f57-5567-8ae7-a917d1be125d,smart,2026-03-01T09:00:00,False,0.00
dfe3bb79-9715-586a-8c80-dea6062718ce,baseline,2026-01-24T08:16:47,False,0.00
dfe3bb79-9715-586a-8c80-dea6062718ce,smart,2026-01-24T08:16:47,False,0.00
94fe4db0-168b-5213-82e5-17c039743331,baseline,2026-03-01T01:35:43,False,0.00
94fe4db0-168b-5213-82e5-17c039743331,smart,2026-02-28T21:35:43,True,9546.12
e8463a39-144f-581f-92e3-e131eb0c83b0,baseline,,False,0.00
e8463a39-144f-581f-92e3-e131eb0c83b0,smart,,False,0.00
46fa779b-1ace-55de-9dd8-ed7820213977,baseline,2026-03-18T07:41:32,False,0.00
46fa779b-1ace-55de-9dd8-ed7820213977,smart,2026-03-18T07:41:32,False,0.00
5d7e86c9-d156-59e8-bb60-cb062fc530a0,baseline,,False,0.00
5d7e86c9-d156-59e8-bb60-cb062fc530a0,smart,,False,0.00
bcb88ade-d99a-5a32-bd40-34e34e342815,baseline,2026-03-24T07:23:10,False,0.00
bcb88ade-d99a-5a32-bd40-34e34e342815,smart,2026-03-24T07:23:10,False,0.00
e3a32add-5e9a-5261-893b-208d45377be0,baseline,2026-01-27T03:38:38,False,0.00
e3a32add-5e9a-5261-893b-208d45377be0,smart,2026-02-01T09:00:00,True,9488.72
f709d62c-e4ba-5405-a483-77c1032c24f4,baseline,2026-01-30T09:15:19,True,3878.10
f709d62c-e4ba-5405-a483-77c1032c24f4,smart,2026-02-01T09:00:00,True,3878.10
649e29d0-11f9-54bd-88a3-070376d6c0fe,baseline,,False,0.00
649e29d0-11f9-54bd-88a3-070376d6c0fe,smart,,False,0.00
8a0d518f-d06d-50f8-a249-dcd2118e37ca,baseline,2026-01-29T00:38:30,False,0.00
8a0d518f-d06d-50f8-a249-dcd2118e37ca,smart,2026-01-29T20:38:30,True,10781.28
0f82ddbf-3092-5c8a-b578-e6975fefec1a,baseline,,False,0.00
0f82ddbf-3092-5c8a-b578-e6975fefec1a,smart,,False,0.00
e9f8ec5a-fb31-5ad2-95de-cfd8f286d2e8,baseline,,False,0.00
e9f8ec5a-fb31-5ad2-95de-cfd8f286d2e8,smart,,False,0.00
27c971e4-c0b9-5790-aa37-f9cdeec40b1e,baseline,2026-02-08T07:16:47,True,3453.06
27c971e4-c0b9-5790-aa37-f9cdeec40b1e,smart,2026-02-08T07:16:47,True,3453.06
ac867d0b-8aaa-50d8-aa26-8e1316e26e20,baseline,,False,0.00
ac867d0b-8aaa-50d8-aa26-8e1316e26e20,smart,,False,0.00
916cc98f-a04d-5343-bb94-888456006e58,baseline,2026-01-30T15:07:53,False,0.00
916cc98f-a04d-5343-bb94-888456006e58,smart,2026-02-01T09:00:00,False,0.00
6709a395-7baa-5870-95a5-f45156934979,baseline,,False,0.00
6709a395-7baa-5870-95a5-f45156934979,smart,,False,0.00
daa3ac7f-8aa4-5f6f-a106-d23af4a33083,baseline,2026-01-29T23:25:42,False,0.00
daa3ac7f-8aa4-5f6f-a106-d23af4a33083,smart,2026-02-01T09:00:00,True,2143.52
d7bf60e5-ff43-5ef1-b21f-d6127b97887b,baseline,2026-03-27T19:29:03,False,0.00
d7bf60e5-ff43-5ef1-b21f-d6127b97887b,smart,2026-04-01T09:00:00,True,816.08
dbafa77d-e5b5-5790-8dad-24aa3927720e,baseline,,False,0.00
dbafa77d-e5b5-5790-8dad-24aa3927720e,smart,,False,0.00
6858dd0f-f03b-5928-9122-ca83d4744b63,baseline,2026-03-30T17:12:11,False,0.00
6858dd0f-f03b-5928-9122-ca83d4744b63,smart,2026-04-01T09:00:00,False,0.00
1060b554-b5cf-51f6-88e2-bbee2cb5dba7,baseline,2026-01-08T08:22:20,False,0.00
1060b554-b5cf-51f6-88e2-bbee2cb5dba7,smart,2026-01-08T08:22:20,False,0.00
da9ccc7b-efb1-5a3c-88d6-7f446b2ecfcc,baseline,,False,0.00
da9ccc7b-efb1-5a3c-88d6-7f446b2ecfcc,smart,,False,0.00
dcf2f12e-7a20-5e7c-ab66-e498f8b49a5b,baseline,2026-03-27T11:02:20,False,0.00
dcf2f12e-7a20-5e7c-ab66-e498f8b49a5b,smart,2026-04-01T09:00:00,True,2062.77
19c2172a-dd73-55da-bc24-97aadf73fd21,baseline,2026-03-30T10:20:27,False,0.00
19c2172a-dd73-55da-bc24-97aadf73fd21,smart,2026-04-01T09:00:00,False,0.00
561d5dd4-7bd6-5b3c-afaa-c3fd9087a536,baseline,2026-03-03T05:01:56,False,0.00
561d5dd4-7bd6-5b3c-afaa-c3fd9087a536,smart,2026-03-03T09:00:00,False,0.00
8ceb9b88-8600-563f-b8fc-ae83b291bd4d,baseline,2026-03-29T13:10:56,True,1372.51
8ceb9b88-8600-563f-b8fc-ae83b291bd4d,smart,2026-04-01T09:00:00,True,1372.51
e604d4c1-63e6-539a-b90c-1811b81865d7,baseline,,False,0.00
e604d4c1-63e6-539a-b90c-1811b81865d7,smart,,False,0.00
8105d5aa-d3d9-5678-93c5-3bac9e7b39c9,baseline,2026-02-24T07:37:39,False,0.00
8105d5aa-d3d9-5678-93c5-3bac9e7b39c9,smart,2026-02-24T07:37:39,False,0.00
e6dd1d9d-a4da-5f11-b19a-9c25250cf6d6,baseline,2026-01-29T01:40:36,False,0.00
e6dd1d9d-a4da-5f11-b19a-9c25250cf6d6,smart,2026-02-01T09:00:00,False,0.00
48c8d30c-62f3-55fa-b63a-e4c55a8a9feb,baseline,2026-03-20T01:13:16,True,9648.48
48c8d30c-62f3-55fa-b63a-e4c55a8a9feb,smart,2026-03-19T21:13:16,True,9648.48
21e42b45-8a69-50d2-b67e-63c7747aa8e2,baseline,,False,0.00
21e42b45-8a69-50d2-b67e-63c7747aa8e2,smart,,False,0.00
ec3cdcf0-f8da-5f73-baad-997bd5b1df59,baseline,2026-03-30T23:26:49,True,1666.46
ec3cdcf0-f8da-5f73-baad-997bd5b1df59,smart,2026-03-30T19:26:49,False,0.00
092c0ae9-acc1-56dc-8f48-214bc718316f,baseline,2026-01-24T07:42:57,False,0.00
092c0ae9-acc1-56dc-8f48-214bc718316f,smart,2026-01-24T07:42:57,False,0.00
a5203704-a79b-5656-b690-f5c71177c082,baseline,2026-02-01T00:24:05,True,2520.20
a5203704-a79b-5656-b690-f5c71177c082,smart,2026-02-01T09:00:00,True,2520.20
713e3a22-86fd-5d4f-93c5-8634cbf1b613,baseline,2026-03-01T12:55:41,False,0.00
713e3a22-86fd-5d4f-93c5-8634cbf1b613,smart,2026-03-02T08:55:41,True,19616.26
eca89f6d-3086-5d42-8514-260b9a741954,baseline,2026-03-23T23:24:42,False,0.00
eca89f6d-3086-5d42-8514-260b9a741954,smart,2026-03-24T19:24:42,True,34750.80
2a459a73-9874-5317-92c8-67d6d2f2966c,baseline,,False,0.00
2a459a73-9874-5317-92c8-67d6d2f2966c,smart,,False,0.00
d4ef562d-3306-5b5f-8bc3-1d0b20b8595e,baseline,2026-03-08T08:48:42,False,0.00
d4ef562d-3306-5b5f-8bc3-1d0b20b8595e,smart,2026-03-08T08:48:42,False,0.00
490966da-17c5-514f-9687-6a6c812a9e4e,baseline,2026-02-18T08:40:04,True,1361.51
490966da-17c5-514f-9687-6a6c812a9e4e,smart,2026-02-18T08:40:04,True,1361.51
88f00f29-7abe-5b75-93f7-f37f75103108,baseline,,False,0.00
88f00f29-7abe-5b75-93f7-f37f75103108,smart,,False,0.00
189e84a7-303f-563b-a301-1efd2f8248fe,baseline,2026-01-28T02:30:15,False,0.00
189e84a7-303f-563b-a301-1efd2f8248fe,smart,2026-02-01T09:00:00,True,699.92
523b58ab-5e67-5d92-85bf-030dbcf45d2f,baseline,2026-01-29T01:24:17,False,0.00
523b58ab-5e67-5d92-85bf-030dbcf45d2f,smart,2026-02-01T09:00:00,True,2086.66
ad9fcf0e-4103-58c0-9d17-095a1664278c,baseline,,False,0.00
ad9fcf0e-4103-58c0-9d17-095a1664278c,smart,,False,0.00
5f9a31ae-49d7-57af-9d16-371f99e75c53,baseline,2026-03-09T23:06:20,True,4841.70
5f9a31ae-49d7-57af-9d16-371f99e75c53,smart,2026-03-09T19:06:20,False,0.00
a4d8d793-188a-57f8-b6d7-988605e637e4,baseline,2026-01-17T16:30:16,False,0.00
a4d8d793-188a-57f8-b6d7-988605e637e4,smart,2026-01-17T12:30:16,False,0.00
f695b550-5411-5c80-83b9-dd4ae07bd94e,baseline,2026-01-29T01:07:55,False,0.00
f695b550-5411-5c80-83b9-dd4ae07bd94e,smart,2026-02-01T09:00:00,True,1995.53
61ac2f85-faca-5430-a21d-4422828657c0,baseline,2026-01-27T10:28:23,False,0.00
61ac2f85-faca-5430-a21d-4422828657c0,smart,2026-02-01T09:00:00,False,0.00
e5dd9716-8b59-5af5-80c9-5eccabca35c9,baseline,2026-03-25T01:32:42,False,0.00
e5dd9716-8b59-5af5-80c9-5eccabca35c9,smart,2026-03-25T21:32:42,False,0.00
e0db16a9-7300-5ab9-9fc8-58c3da7fb6f4,baseline,,False,0.00
e0db16a9-7300-5ab9-9fc8-58c3da7fb6f4,smart,,False,0.00
2f25329e-7c18-59e2-bc60-ba23fec769d6,baseline,2026-03-27T15:46:17,False,0.00
2f25329e-7c18-59e2-bc60-ba23fec769d6,smart,2026-04-01T09:00:00,False,0.00
0f1b12ef-2f17-56ce-913c-dfb1bc0c6d97,baseline,2026-01-26T20:05:39,False,0.00
0f1b12ef-2f17-56ce-913c-dfb1bc0c6d97,smart,2026-02-01T09:00:00,True,2549.01
5d1749ed-0564-52ec-a245-7649a45b1df0,baseline,2026-03-10T15:17:05,True,1757.32
5d1749ed-0564-52ec-a245-7649a45b1df0,smart,2026-03-10T11:17:05,True,1757.32
f3542d42-8550-5f5a-b515-e997229e8298,baseline,2026-01-31T17:20:14,False,0.00
f3542d42-8550-5f5a-b515-e997229e8298,smart,2026-02-01T09:00:00,True,6878.36
d88d8080-367f-58c7-bd75-cf8034b9a62d,baseline,2026-02-09T19:13:09,False,0.00
d88d8080-367f-58c7-bd75-cf8034b9a62d,smart,2026-02-09T15:13:09,False,0.00
b7c91877-2476-5ffc-923b-26a3a352a70d,baseline,,False,0.00
b7c91877-2476-5ffc-923b-26a3a352a70d,smart,,False,0.00
cfa95ac8-d53c-5f51-b206-a454128dc057,baseline,,False,0.00
cfa95ac8-d53c-5f51-b206-a454128dc057,smart,,False,0.00
7d4ea701-4e62-5107-83a0-6745ff072914,baseline,2026-01-29T04:36:31,True,1777.89
7d4ea701-4e62-5107-83a0-6745ff072914,smart,2026-01-29T00:36:31,True,1777.89
2a23a765-6924-5f59-985e-ec4ddc96dd43,baseline,2026-02-18T01:02:14,False,0.00
2a23a765-6924-5f59-985e-ec4ddc96dd43,smart,2026-02-17T21:02:14,False,0.00
27001e0b-3948-5f99-92a9-7437f1cddd24,baseline,,False,0.00
27001e0b-3948-5f99-92a9-7437f1cddd24,smart,,False,0.00
5af4a8f3-c06f-549f-afb3-7c00cf556c56,baseline,2026-03-04T07:59:56,True,2525.57
5af4a8f3-c06f-549f-afb3-7c00cf556c56,smart,2026-03-04T09:00:00,True,2525.57
725fc15e-d5c9-588d-9584-2b2572e598b6,baseline,2026-01-27T16:30:41,True,1122.22
725fc15e-d5c9-588d-9584-2b2572e598b6,smart,2026-02-01T09:00:00,True,1122.22
de355086-b195-5f0c-b9d2-eaa7bb05167a,baseline,2026-02-26T07:52:43,True,2809.73
de355086-b195-5f0c-b9d2-eaa7bb05167a,smart,2026-03-01T09:00:00,False,0.00
cfedb78c-0568-5710-81bd-37ad6e12a73a,baseline,2026-03-29T01:50:30,False,0.00
cfedb78c-0568-5710-81bd-37ad6e12a73a,smart,2026-04-01T09:00:00,True,1713.61
2daf237d-23ef-5261-8fc7-5664084b371a,baseline,,False,0.00
2daf237d-23ef-5261-8fc7-5664084b371a,smart,,False,0.00
16ac6b13-c29a-59e0-8703-b40b2d29cd29,baseline,2026-01-18T08:51:53,True,1954.03
16ac6b13-c29a-59e0-8703-b40b2d29cd29,smart,2026-01-18T08:51:53,True,1954.03
0cbbb276-6710-51d2-bd8c-ed9e69419459,baseline,2026-03-27T16:13:40,False,0.00
0cbbb276-6710-51d2-bd8c-ed9e69419459,smart,2026-04-01T09:00:00,True,5540.46
fc8945a5-9526-5b10-b635-9550374992db,baseline,2026-03-24T08:54:44,True,602.97
fc8945a5-9526-5b10-b635-9550374992db,smart,2026-03-24T08:54:44,True,602.97
37780f23-85cb-53a1-8e2f-6180af8e597a,baseline,,False,0.00
37780f23-85cb-53a1-8e2f-6180af8e597a,smart,,False,0.00
f3b52b98-007e-5321-a9fa-24056c1083bc,baseline,2026-02-02T19:15:15,False,0.00
f3b52b98-007e-5321-a9fa-24056c1083bc,smart,2026-03-01T09:00:00,False,0.00
fb9f167f-7fe9-5881-95b3-97958433f9c1,baseline,,False,0.00
fb9f167f-7fe9-5881-95b3-97958433f9c1,smart,,False,0.00
601b82e3-55f7-5e71-989c-5bfd130e9ee8,baseline,2026-01-08T08:49:46,False,0.00
601b82e3-55f7-5e71-989c-5bfd130e9ee8,smart,2026-01-08T08:49:46,False,0.00
3bb34927-9e48-5489-adb5-60898b37cb9f,baseline,2026-01-26T15:21:47,True,3540.04
3bb34927-9e48-5489-adb5-60898b37cb9f,smart,2026-02-01T09:00:00,False,0.00
f4e6077e-ffe6-5c0d-813d-7a75b7c01cf6,baseline,2026-01-06T21:05:38,False,0.00
f4e6077e-ffe6-5c0d-813d-7a75b7c01cf6,smart,2026-01-06T17:05:38,False,0.00
84deacb9-6fce-5b19-9132-41ffe22ccae5,baseline,2026-01-24T07:25:55,True,596.35
84deacb9-6fce-5b19-9132-41ffe22ccae5,smart,2026-01-24T07:25:55,True,596.35
6890e8f2-3d18-569e-9c15-e434c75953d7,baseline,2026-03-08T01:15:02,False,0.00
6890e8f2-3d18-569e-9c15-e434c75953d7,smart,2026-03-08T21:15:02,False,0.00
f2634a25-58db-53b2-80b7-f84afcab0a65,baseline,2026-03-28T00:55:27,True,10334.77
f2634a25-58db-53b2-80b7-f84afcab0a65,smart,2026-04-01T09:00:00,False,0.00
7159ea7e-0d12-5d34-95f4-a8e597aecb05,baseline,,False,0.00
7159ea7e-0d12-5d34-95f4-a8e597aecb05,smart,,False,0.00
b16df869-18c3-58ab-8866-acb52394bcbd,baseline,,False,0.00
b16df869-18c3-58ab-8866-acb52394bcbd,smart,,False,0.00
d336fce5-5764-5321-b84a-b4ffad0e49bb,baseline,2026-02-08T07:11:29,True,4081.58
d336fce5-5764-5321-b84a-b4ffad0e49bb,smart,2026-02-08T07:11:29,True,4081.58
39c58b84-cf3b-5079-bb58-de58cd9dbd9e,baseline,,False,0.00
39c58b84-cf3b-5079-bb58-de58cd9dbd9e,smart,,False,0.00
5379bbb8-2e7a-5090-b874-90b022cf0e85,baseline,,False,0.00
5379bbb8-2e7a-5090-b874-90b022cf0e85,smart,,False,0.00
37c58fe6-bfeb-5f35-b58f-a7a7a329a580,baseline,,False,0.00
37c58fe6-bfeb-5f35-b58f-a7a7a329a580,smart,,False,0.00
bc9697a2-13e5-5eb5-bece-f2c533fbca0f,baseline,2026-01-08T07:38:17,True,1038.22
bc9697a2-13e5-5eb5-bece-f2c533fbca0f,smart,2026-01-08T07:38:17,True,1038.22
88c3f363-0902-5f94-906e-b9ca6311a5e0,baseline,2026-01-18T07:10:18,False,0.00
88c3f363-0902-5f94-906e-b9ca6311a5e0,smart,2026-01-18T07:10:18,False,0.00
e2a0e1c1-5fd3-5db5-adc0-ea585024f39d,baseline,2026-01-03T00:48:25,False,0.00
e2a0e1c1-5fd3-5db5-adc0-ea585024f39d,smart,2026-01-02T20:48:25,True,1961.04
c825c990-4c1c-504c-974c-9bfb729ea077,baseline,2026-01-08T07:28:07,False,0.00
c825c990-4c1c-504c-974c-9bfb729ea077,smart,2026-01-08T07:28:07,False,0.00
0ac6e8aa-5544-522c-8f96-cb284f2131d7,baseline,2026-01-28T23:49:36,True,6922.15
0ac6e8aa-5544-522c-8f96-cb284f2131d7,smart,2026-02-01T09:00:00,True,6922.15
9071c732-55be-516e-be7c-d6be0eea9fd0,baseline,2026-03-24T08:47:25,True,3620.46
9071c732-55be-516e-be7c-d6be0eea9fd0,smart,2026-03-24T08:47:25,True,3620.46
717b662c-a839-55da-84d4-b4d0866d8fe8,baseline,2026-01-26T11:36:20,True,2105.19
717b662c-a839-55da-84d4-b4d0866d8fe8,smart,2026-02-01T09:00:00,True,2105.19
f91831ff-8d82-55f7-b710-36eabcc0da9c,baseline,2026-01-26T15:24:26,True,4189.11
f91831ff-8d82-55f7-b710-36eabcc0da9c,smart,2026-02-01T09:00:00,True,4189.11
0676a462-35ec-5d9b-ab50-cd6df68823eb,baseline,2026-03-21T23:09:24,False,0.00
0676a462-35ec-5d9b-ab50-cd6df68823eb,smart,2026-03-21T19:09:24,True,4147.16
e253c9e0-b123-5c88-b849-227890a0bebb,baseline,,False,0.00
e253c9e0-b123-5c88-b849-227890a0bebb,smart,,False,0.00
77bfa9c3-f07f-51dc-8af1-84dec4eb3939,baseline,2026-01-06T23:14:03,False,0.00
77bfa9c3-f07f-51dc-8af1-84dec4eb3939,smart,2026-01-06T19:14:03,False,0.00
0f3e8aed-5561-5999-93a9-e71f99f0a481,baseline,,False,0.00
0f3e8aed-5561-5999-93a9-e71f99f0a481,smart,,False,0.00
b877ea1d-0d4a-5328-a4e1-3a7337d8b7ff,baseline,2026-01-24T07:12:33,False,0.00
b877ea1d-0d4a-5328-a4e1-3a7337d8b7ff,smart,2026-01-25T03:12:33,False,0.00
9e4947da-347f-5e11-a82f-0f12d68b7968,baseline,,False,0.00
9e4947da-347f-5e11-a82f-0f12d68b7968,smart,,False,0.00
c4e783c9-1e76-58f3-8faf-a3e48540df02,baseline,,False,0.00
c4e783c9-1e76-58f3-8faf-a3e48540df02,smart,,False,0.00
72ad1e6c-9031-5a80-b33f-ba2f9d8b11cc,baseline,2026-03-08T07:13:50,False,0.00
72ad1e6c-9031-5a80-b33f-ba2f9d8b11cc,smart,2026-03-08T07:13:50,False,0.00
147b308b-68c9-5855-a0dc-8e82adb31c83,baseline,2026-01-20T17:24:45,False,0.00
147b308b-68c9-5855-a0dc-8e82adb31c83,smart,2026-01-20T13:24:45,False,0.00
ae0fcfec-8570-51bc-a804-9d87d88d2733,baseline,2026-02-04T14:48:39,False,0.00
ae0fcfec-8570-51bc-a804-9d87d88d2733,smart,2026-03-01T09:00:00,False,0.00
1cf06616-c858-55a7-a58c-214d90241b03,baseline,2026-01-08T07:00:02,False,0.00
1cf06616-c858-55a7-a58c-214d90241b03,smart,2026-01-08T07:00:02,False,0.00
e249833c-42de-5f42-9213-7b39c908c5e9,baseline,2026-03-08T08:55:45,False,0.00
e249833c-42de-5f42-9213-7b39c908c5e9,smart,2026-03-08T08:55:45,False,0.00
8f86022f-233b-5c04-90c8-c01c9694ae6b,baseline,,False,0.00
8f86022f-233b-5c04-90c8-c01c9694ae6b,smart,,False,0.00
15aea3a5-18a3-5424-85be-2734ca9b08ab,baseline,2026-02-18T07:35:58,True,4433.17
15aea3a5-18a3-5424-85be-2734ca9b08ab,smart,2026-02-18T07:35:58,True,4433.17
1366ca93-6017-590c-ad9c-c7997ad95be2,baseline,2026-01-29T21:44:36,False,0.00
1366ca93-6017-590c-ad9c-c7997ad95be2,smart,2026-02-01T09:00:00,True,1106.03
67aaacb5-6f05-5a0c-8cec-26d49769ae6b,baseline,2026-03-21T15:33:45,False,0.00
67aaacb5-6f05-5a0c-8cec-26d49769ae6b,smart,2026-03-21T11:33:45,True,792.99
3aec89b3-34d8-5aac-b2df-29761846db8e,baseline,,False,0.00
3aec89b3-34d8-5aac-b2df-29761846db8e,smart,,False,0.00
aff8ac6e-8296-518a-b493-701ecf31fb49,baseline,2026-03-24T08:11:31,True,1401.56
aff8ac6e-8296-518a-b493-701ecf31fb49,smart,2026-03-24T08:11:31,True,1401.56
f362e153-d0cb-5ed9-9d13-0fd21b02e2b7,baseline,2026-01-31T00:37:20,False,0.00
f362e153-d0cb-5ed9-9d13-0fd21b02e2b7,smart,2026-01-30T20:37:20,False,0.00
db4dd6d9-f91b-569f-8625-38dcdd014ef2,baseline,2026-02-04T08:47:59,True,2529.15
db4dd6d9-f91b-569f-8625-38dcdd014ef2,smart,2026-02-04T09:00:00,False,0.00
47b2f60f-7c40-57f6-bbf7-c355218e380d,baseline,,False,0.00
47b2f60f-7c40-57f6-bbf7-c355218e380d,smart,,False,0.00
902057d6-a7ee-555e-8201-911bf4b792ed,baseline,2026-03-26T10:34:43,False,0.00
902057d6-a7ee-555e-8201-911bf4b792ed,smart,2026-04-01T09:00:00,False,0.00
18bdee2d-26e7-587c-b68c-dcf93075c231,baseline,2026-01-11T17:29:18,True,777.67
18bdee2d-26e7-587c-b68c-dcf93075c231,smart,2026-01-11T13:29:18,True,777.67
c90bc83f-8537-555a-a2c2-4d01a5d379dc,baseline,,False,0.00
c90bc83f-8537-555a-a2c2-4d01a5d379dc,smart,,False,0.00
bd56ed6f-1467-5443-8802-400be0e413dc,baseline,2026-01-30T11:01:14,False,0.00
bd56ed6f-1467-5443-8802-400be0e413dc,smart,2026-02-01T09:00:00,True,1304.28
3a466142-4418-5d46-994d-40198d54ab1c,baseline,,False,0.00
3a466142-4418-5d46-994d-40198d54ab1c,smart,,False,0.00
40cde9be-82bd-545f-b343-b3ff25a6ca89,baseline,,False,0.00
40cde9be-82bd-545f-b343-b3ff25a6ca89,smart,,False,0.00
323ddf49-edf6-5bf8-a362-170a2d8437e2,baseline,2026-03-26T16:51:50,False,0.00
323ddf49-edf6-5bf8-a362-170a2d8437e2,smart,2026-04-01T09:00:00,True,2217.47
60725f04-0854-51b5-8da4-f675b2d4ab43,baseline,,False,0.00
60725f04-0854-51b5-8da4-f675b2d4ab43,smart,,False,0.00
417d696c-4b06-52dc-8619-4b9587f61988,baseline,,False,0.00
417d696c-4b06-52dc-8619-4b9587f61988,smart,,False,0.00
2d97b972-3469-5719-816c-80af1bdc40a5,baseline,2026-01-27T23:48:17,False,0.00
2d97b972-3469-5719-816c-80af1bdc40a5,smart,2026-02-01T09:00:00,True,1683.55
7e3e0a2a-af75-5346-8efe-99238b61dc23,baseline,,False,0.00
7e3e0a2a-af75-5346-8efe-99238b61dc23,smart,,False,0.00
f5823bcf-90a4-56ec-a31d-9402981e7f44,baseline,2026-01-18T19:56:18,False,0.00
f5823bcf-90a4-56ec-a31d-9402981e7f44,smart,2026-01-18T15:56:18,False,0.00
aafcf8f2-9fc9-59d0-891e-e9e9d605a2bd,baseline,2026-02-12T13:24:29,True,28797.24
aafcf8f2-9fc9-59d0-891e-e9e9d605a2bd,smart,2026-02-13T09:24:29,True,28797.24
f5350837-a2b1-542d-a0b9-374d77f53542,baseline,,False,0.00
f5350837-a2b1-542d-a0b9-374d77f53542,smart,,False,0.00
1cf9a546-5ff3-5470-b30f-fadc8801ddd7,baseline,2026-02-08T07:05:09,True,5208.07
1cf9a546-5ff3-5470-b30f-fadc8801ddd7,smart,2026-02-08T07:05:09,True,5208.07
bd0fec3a-1b7c-58de-9f89-ca518167d35d,baseline,2026-01-21T17:18:07,False,0.00
bd0fec3a-1b7c-58de-9f89-ca518167d35d,smart,2026-01-21T13:18:07,False,0.00
c18e6391-64a7-5d62-9099-2f4a956d93f7,baseline,2026-03-08T07:01:50,False,0.00
c18e6391-64a7-5d62-9099-2f4a956d93f7,smart,2026-03-08T07:01:50,False,0.00
e8f16474-9b02-55e0-9fae-4155ac230ed6,baseline,2026-03-29T03:35:15,True,1000.46
e8f16474-9b02-55e0-9fae-4155ac230ed6,smart,2026-04-01T09:00:00,True,1000.46
b4bf7f29-54d2-5582-ab80-f064036dec4f,baseline,2026-03-01T23:09:03,True,14447.33
b4bf7f29-54d2-5582-ab80-f064036dec4f,smart,2026-03-02T19:09:03,False,0.00
79a66135-2bcd-5d0d-8b9b-aa112a21b206,baseline,2026-03-28T03:39:21,False,0.00
79a66135-2bcd-5d0d-8b9b-aa112a21b206,smart,2026-04-01T09:00:00,True,2083.84
fa6f9787-cea9-57e4-8238-f881b06e78d2,baseline,2026-03-24T08:46:19,True,3227.47
fa6f9787-cea9-57e4-8238-f881b06e78d2,smart,2026-03-24T08:46:19,True,3227.47
eb42610a-95bc-535e-a69f-3bab1f1cd678,baseline,,False,0.00
eb42610a-95bc-535e-a69f-3bab1f1cd678,smart,,False,0.00
00f26713-fe32-5630-81e0-ef3122efe229,baseline,2026-02-18T01:08:38,False,0.00
00f26713-fe32-5630-81e0-ef3122efe229,smart,2026-02-17T21:08:38,False,0.00
a553ded7-18ed-5c0e-b064-67fd9133e9ef,baseline,2026-03-29T09:31:39,False,0.00
a553ded7-18ed-5c0e-b064-67fd9133e9ef,smart,2026-04-01T09:00:00,True,3066.95
4a8b72ec-2646-5f2b-a426-273e292452e0,baseline,2026-02-08T08:18:35,False,0.00
4a8b72ec-2646-5f2b-a426-273e292452e0,smart,2026-02-08T08:18:35,False,0.00
9079707d-1a46-5d44-b159-df9dbd4be3b1,baseline,2026-02-08T07:42:20,True,1097.34
9079707d-1a46-5d44-b159-df9dbd4be3b1,smart,2026-02-08T07:42:20,True,1097.34
1bbe2b46-3dcb-5838-88de-ee47e7f08dd6,baseline,,False,0.00
1bbe2b46-3dcb-5838-88de-ee47e7f08dd6,smart,,False,0.00
f624cc66-7c69-5f55-ac03-7e4855304428,baseline,2026-01-05T00:05:15,False,0.00
f624cc66-7c69-5f55-ac03-7e4855304428,smart,2026-01-04T20:05:15,False,0.00
7484eba1-6ee0-52fc-9828-24e704a9963a,baseline,2026-02-27T00:17:33,False,0.00
7484eba1-6ee0-52fc-9828-24e704a9963a,smart,2026-03-01T09:00:00,False,0.00
acf0891b-9cd9-5534-a9ea-ce7898d6a9a6,baseline,2026-01-04T15:29:23,False,0.00
acf0891b-9cd9-5534-a9ea-ce7898d6a9a6,smart,2026-01-04T11:29:23,True,1597.86
d2b169e0-1a59-50c9-a255-ca75462d0ac9,baseline,2026-01-24T07:01:47,False,0.00
d2b169e0-1a59-50c9-a255-ca75462d0ac9,smart,2026-01-24T07:01:47,False,0.00
c5bae7f8-e284-591a-96c1-53318c4bc249,baseline,,False,0.00
c5bae7f8-e284-591a-96c1-53318c4bc249,smart,,False,0.00
9ada19ab-63af-54aa-ad0f-335a5d066929,baseline,2026-03-26T23:22:43,False,0.00
9ada19ab-63af-54aa-ad0f-335a5d066929,smart,2026-04-01T09:00:00,True,1062.25
8f754dff-ccf2-5262-b31b-f67cf45496e3,baseline,2026-03-31T17:09:20,True,2201.59
8f754dff-ccf2-5262-b31b-f67cf45496e3,smart,2026-04-01T09:00:00,True,2201.59
7a737119-addb-5c57-b9f5-8c0677a065e4,baseline,,False,0.00
7a737119-addb-5c57-b9f5-8c0677a065e4,smart,,False,0.00
baf70047-41fd-5792-94eb-fbd65d46fb7d,baseline,2026-01-23T00:51:31,False,0.00
baf70047-41fd-5792-94eb-fbd65d46fb7d,smart,2026-01-22T20:51:31,False,0.00
170391f2-f29d-55c1-8e7c-ec693b3e478f,baseline,2026-01-23T00:18:42,True,1195.79
170391f2-f29d-55c1-8e7c-ec693b3e478f,smart,2026-01-22T20:18:42,False,0.00
9eaa0e41-742f-5fc3-9a47-47a50797c05a,baseline,,False,0.00
9eaa0e41-742f-5fc3-9a47-47a50797c05a,smart,,False,0.00
b9825cb3-bfed-58f2-920d-45501c8321a6,baseline,2026-01-18T07:58:05,False,0.00
b9825cb3-bfed-58f2-920d-45501c8321a6,smart,2026-01-18T07:58:05,False,0.00
ebed37ca-54a9-51a9-b4de-e27f30a12482,baseline,2026-01-06T01:04:53,False,0.00
ebed37ca-54a9-51a9-b4de-e27f30a12482,smart,2026-01-05T21:04:53,True,490.98
72f8890a-2f61-533f-9ceb-7027d966eba8,baseline,,False,0.00
72f8890a-2f61-533f-9ceb-7027d966eba8,smart,,False,0.00
3f8d0026-c27f-5dca-9783-dda4e5c95655,baseline,,False,0.00
3f8d0026-c27f-5dca-9783-dda4e5c95655,smart,,False,0.00
76f2dadc-9cc1-5d34-a4d3-10db3c5caee2,baseline,,False,0.00
76f2dadc-9cc1-5d34-a4d3-10db3c5caee2,smart,,False,0.00
8dee823e-da05-5ad4-94f2-606bb5b2a76e,baseline,2026-03-11T16:11:37,False,0.00
8dee823e-da05-5ad4-94f2-606bb5b2a76e,smart,2026-03-12T12:11:37,False,0.00
1cef8be5-e7ec-5b8b-86e2-cd0112119698,baseline,2026-03-14T16:12:46,False,0.00
1cef8be5-e7ec-5b8b-86e2-cd0112119698,smart,2026-03-14T12:12:46,False,0.00
98d0672a-e53b-5b67-9167-37a9335fb15a,baseline,,False,0.00
98d0672a-e53b-5b67-9167-37a9335fb15a,smart,,False,0.00
2f59f9a0-7627-530a-9622-44f9ec59f90c,baseline,2026-02-10T23:22:39,False,0.00
2f59f9a0-7627-530a-9622-44f9ec59f90c,smart,2026-02-10T19:22:39,False,0.00
8cb6a737-81cb-5c10-adda-def1e17d5904,baseline,2026-02-06T00:24:06,False,0.00
8cb6a737-81cb-5c10-adda-def1e17d5904,smart,2026-03-01T09:00:00,False,0.00
19648346-beb5-5a8f-86c5-65cd2b3e2940,baseline,,False,0.00
19648346-beb5-5a8f-86c5-65cd2b3e2940,smart,,False,0.00
e281243b-9d07-56de-aabe-68bceaa3196a,baseline,,False,0.00
e281243b-9d07-56de-aabe-68bceaa3196a,smart,,False,0.00
b6496bf2-4365-5a7d-8208-da2a4293ffb2,baseline,,False,0.00
b6496bf2-4365-5a7d-8208-da2a4293ffb2,smart,,False,0.00
5c8eea4e-e993-5bb1-8d7c-cc1a7868f50d,baseline,2026-02-26T17:56:07,False,0.00
5c8eea4e-e993-5bb1-8d7c-cc1a7868f50d,smart,2026-03-01T09:00:00,True,732.66
78a5c992-3d1d-5ebf-abb9-905ea5d2b562,baseline,2026-02-25T23:17:19,False,0.00
78a5c992-3d1d-5ebf-abb9-905ea5d2b562,smart,2026-02-25T19:17:19,True,1442.14
069a993d-80f2-53da-8b73-9f6ba537ba75,baseline,2026-04-01T02:52:20,False,0.00
069a993d-80f2-53da-8b73-9f6ba537ba75,smart,2026-04-01T09:00:00,True,9060.70
786789e2-af61-5818-ba45-e3c7dc1cc055,baseline,2026-01-24T07:42:48,False,0.00
786789e2-af61-5818-ba45-e3c7dc1cc055,smart,2026-01-24T07:42:48,False,0.00
b2784409-2018-55cf-a7af-ad9fd22d5752,baseline,2026-01-23T11:24:06,False,0.00
b2784409-2018-55cf-a7af-ad9fd22d5752,smart,2026-01-23T11:24:06,False,0.00
4b90061c-9dd4-5411-95eb-8613724be629,baseline,2026-03-27T00:44:05,True,4055.18
4b90061c-9dd4-5411-95eb-8613724be629,smart,2026-04-01T09:00:00,False,0.00
7117f835-a9de-5c80-8105-8d2e596bb23c,baseline,2026-01-29T13:00:12,True,1246.27
7117f835-a9de-5c80-8105-8d2e596bb23c,smart,2026-02-01T09:00:00,True,1246.27
bbce817c-3993-5294-b039-fb2ccf314765,baseline,2026-02-08T08:50:38,True,8124.21
bbce817c-3993-5294-b039-fb2ccf314765,smart,2026-02-08T08:50:38,True,8124.21
5e0bc06c-712d-5c64-9e07-a61151057b82,baseline,2026-02-08T08:09:40,True,2478.01
5e0bc06c-712d-5c64-9e07-a61151057b82,smart,2026-02-08T08:09:40,True,2478.01
0ac8bda7-6bd0-558c-9ab4-beffdef9c490,baseline,2026-02-13T10:18:09,False,0.00
0ac8bda7-6bd0-558c-9ab4-beffdef9c490,smart,2026-02-14T06:18:09,False,0.00
5c712d0b-19e1-54ab-907c-966eecbfd669,baseline,2026-01-30T15:47:27,False,0.00
5c712d0b-19e1-54ab-907c-966eecbfd669,smart,2026-02-01T09:00:00,True,4848.92
abb7ecbf-d189-57ee-ae35-bf7f2ad92fb6,baseline,2026-01-27T17:41:06,False,0.00
abb7ecbf-d189-57ee-ae35-bf7f2ad92fb6,smart,2026-02-01T09:00:00,False,0.00
5b272c10-9db5-5cb1-b288-59a5eb2b765b,baseline,,False,0.00
5b272c10-9db5-5cb1-b288-59a5eb2b765b,smart,,False,0.00
61cba16e-5bc9-5820-b556-5179e0fb2063,baseline,2026-02-18T00:41:59,False,0.00
61cba16e-5bc9-5820-b556-5179e0fb2063,smart,2026-02-17T20:41:59,False,0.00
f0320be4-62ee-5db4-8cd8-3dcfbb8333d1,baseline,2026-01-22T23:30:43,False,0.00
f0320be4-62ee-5db4-8cd8-3dcfbb8333d1,smart,2026-01-22T19:30:43,False,0.00
cf894c1f-58f8-5d25-aa62-8702d60dd2d8,baseline,,False,0.00
cf894c1f-58f8-5d25-aa62-8702d60dd2d8,smart,,False,0.00
52ba56d7-d410-507f-bc45-744ce958ea46,baseline,2026-01-30T09:21:53,True,3379.47
52ba56d7-d410-507f-bc45-744ce958ea46,smart,2026-02-01T09:00:00,True,3379.47
74b66013-cb45-5621-a129-72acf9788673,baseline,2026-01-26T01:29:21,True,554.07
74b66013-cb45-5621-a129-72acf9788673,smart,2026-01-25T21:29:21,False,0.00
f072b02e-87fc-5643-a650-83b09ca9f6e4,baseline,2026-02-01T01:09:13,True,1701.82
f072b02e-87fc-5643-a650-83b09ca9f6e4,smart,2026-02-01T09:00:00,False,0.00
a0b9248d-a414-510c-99cd-f33aa653770a,baseline,2026-03-31T05:27:05,True,1076.04
a0b9248d-a414-510c-99cd-f33aa653770a,smart,2026-04-01T09:00:00,False,0.00
01392e2c-eb4e-5cf0-bd5d-0832f8139142,baseline,2026-03-22T01:29:31,False,0.00
01392e2c-eb4e-5cf0-bd5d-0832f8139142,smart,2026-03-21T21:29:31,True,3242.90
22d9132a-8e0f-52b9-8278-ae6a8e3a06c1,baseline,,False,0.00
22d9132a-8e0f-52b9-8278-ae6a8e3a06c1,smart,,False,0.00
1ee820aa-2c68-508f-9439-0bb8caff59ad,baseline,2026-02-18T08:03:08,True,4102.91
1ee820aa-2c68-508f-9439-0bb8caff59ad,smart,2026-02-18T08:03:08,True,4102.91
181df5bd-5ab0-52a8-85d5-21c226239cc0,baseline,2026-01-29T10:18:35,False,0.00
181df5bd-5ab0-52a8-85d5-21c226239cc0,smart,2026-02-01T09:00:00,True,2583.14
96c5fba6-710d-5c22-922e-ab3d0dee2542,baseline,2026-03-01T01:56:41,True,1480.60
96c5fba6-710d-5c22-922e-ab3d0dee2542,smart,2026-03-01T09:00:00,True,1480.60
365b3e0b-79af-591b-b3c1-6e80d1710542,baseline,,False,0.00
365b3e0b-79af-591b-b3c1-6e80d1710542,smart,,False,0.00
7bfa5c51-73e4-59fb-95b1-ba20c1dac449,baseline,2026-02-18T07:38:22,True,1655.16
7bfa5c51-73e4-59fb-95b1-ba20c1dac449,smart,2026-02-18T07:38:22,True,1655.16
ab66985d-41e3-5dbc-85c0-f524d7884fb9,baseline,2026-02-28T00:55:20,True,26115.12
ab66985d-41e3-5dbc-85c0-f524d7884fb9,smart,2026-02-28T20:55:20,False,0.00
e9474662-e416-5e0b-b92d-d6cd706aa654,baseline,2026-01-30T09:51:06,True,3293.35
e9474662-e416-5e0b-b92d-d6cd706aa654,smart,2026-02-01T09:00:00,False,0.00
5aa3c4ec-9c58-5e2a-ac65-506fb26b7f93,baseline,,False,0.00
5aa3c4ec-9c58-5e2a-ac65-506fb26b7f93,smart,,False,0.00
f129b885-ebbc-5596-90f1-f620278236ad,baseline,2026-01-31T00:04:27,False,0.00
f129b885-ebbc-5596-90f1-f620278236ad,smart,2026-02-01T09:00:00,True,3254.62
66d25b96-8f1d-5e7b-be39-b285fd1e04c5,baseline,,False,0.00
66d25b96-8f1d-5e7b-be39-b285fd1e04c5,smart,,False,0.00
659ef3d2-39ae-5048-a58e-01c591475cc2,baseline,2026-03-06T23:05:31,False,0.00
659ef3d2-39ae-5048-a58e-01c591475cc2,smart,2026-03-06T19:05:31,True,1011.96
49a5cba1-ff39-5a19-92c2-7af29844fc12,baseline,2026-01-31T23:32:07,True,3550.04
49a5cba1-ff39-5a19-92c2-7af29844fc12,smart,2026-02-01T09:00:00,False,0.00
fac1edfc-9fd6-5b0e-8c1b-3df12ae02d13,baseline,,False,0.00
fac1edfc-9fd6-5b0e-8c1b-3df12ae02d13,smart,,False,0.00
3e30fcf9-a798-590e-807d-9132082bc54a,baseline,2026-01-28T16:18:09,False,0.00
3e30fcf9-a798-590e-807d-9132082bc54a,smart,2026-02-01T09:00:00,False,0.00
d5262ece-6673-5d20-af6d-658ac340fff6,baseline,2026-01-28T15:57:48,False,0.00
d5262ece-6673-5d20-af6d-658ac340fff6,smart,2026-02-01T09:00:00,False,0.00
c0fea408-e2a5-5c83-a844-ce164aab88f3,baseline,,False,0.00
c0fea408-e2a5-5c83-a844-ce164aab88f3,smart,,False,0.00
7f49b25d-02de-5d68-86fd-fa21a039159d,baseline,2026-01-18T07:31:51,False,0.00
7f49b25d-02de-5d68-86fd-fa21a039159d,smart,2026-01-18T07:31:51,False,0.00
3db7cd9b-9df5-51e1-82d1-4a7b14a2b024,baseline,,False,0.00
3db7cd9b-9df5-51e1-82d1-4a7b14a2b024,smart,,False,0.00
6ab62b6c-39d6-50e1-b38c-929565012cc4,baseline,,False,0.00
6ab62b6c-39d6-50e1-b38c-929565012cc4,smart,,False,0.00
8201278b-e22f-5d93-8ab7-72836beec1e9,baseline,2026-03-15T17:32:15,True,2926.03
8201278b-e22f-5d93-8ab7-72836beec1e9,smart,2026-03-15T13:32:15,True,2926.03
98adb238-f50f-5cc0-b37e-b5c860c65a2c,baseline,2026-03-14T15:41:59,False,0.00
98adb238-f50f-5cc0-b37e-b5c860c65a2c,smart,2026-03-14T11:41:59,True,2885.94
4b380e13-5468-55fb-88a8-de6d307389c2,baseline,,False,0.00
4b380e13-5468-55fb-88a8-de6d307389c2,smart,,False,0.00
87fde8d5-8799-552d-8900-a34ff8c129f6,baseline,2026-02-07T23:38:18,True,537.02
87fde8d5-8799-552d-8900-a34ff8c129f6,smart,2026-02-07T19:38:18,True,537.02
35a1e2a8-87c1-5626-9810-7eb91e10ff88,baseline,2026-01-11T23:55:35,True,518.02
35a1e2a8-87c1-5626-9810-7eb91e10ff88,smart,2026-01-11T19:55:35,False,0.00
97e8e9ca-57b3-5612-bd87-82048f39db40,baseline,,False,0.00
97e8e9ca-57b3-5612-bd87-82048f39db40,smart,,False,0.00
8b9843f4-ebe2-5fbf-8718-407c77c7bf53,baseline,2026-03-16T00:59:05,True,6082.93
8b9843f4-ebe2-5fbf-8718-407c77c7bf53,smart,2026-03-15T20:59:05,False,0.00
b4937c9f-ae02-58f7-afb7-0c1c840e6dce,baseline,2026-01-13T15:21:37,False,0.00
b4937c9f-ae02-58f7-afb7-0c1c840e6dce,smart,2026-01-13T11:21:37,False,0.00
dbae4e6f-0e6a-5204-bf55-e4d2b2eea108,baseline,,False,0.00
dbae4e6f-0e6a-5204-bf55-e4d2b2eea108,smart,,False,0.00
544373b6-222b-5f49-803d-d7df1294178a,baseline,2026-01-31T14:40:40,True,4230.50
544373b6-222b-5f49-803d-d7df1294178a,smart,2026-02-01T09:00:00,False,0.00
8fdb6e5b-7b9b-5a24-8954-5c051d149844,baseline,2026-03-30T18:58:54,False,0.00
8fdb6e5b-7b9b-5a24-8954-5c051d149844,smart,2026-04-01T09:00:00,False,0.00
9d0ab1cf-02a8-50c4-8954-c150c7440dea,baseline,,False,0.00
9d0ab1cf-02a8-50c4-8954-c150c7440dea,smart,,False,0.00
1954abd8-cca5-5296-9c7b-c86daaa891e5,baseline,2026-02-24T16:33:52,False,0.00
1954abd8-cca5-5296-9c7b-c86daaa891e5,smart,2026-02-24T12:33:52,False,0.00
07ec09de-4aed-5414-922a-24ecbaebf982,baseline,2026-02-22T15:02:49,False,0.00
07ec09de-4aed-5414-922a-24ecbaebf982,smart,2026-02-22T11:02:49,True,8002.25
3bfc9f3d-97e8-5971-a947-8633a50c183f,baseline,2026-03-30T07:34:29,True,2809.79
3bfc9f3d-97e8-5971-a947-8633a50c183f,smart,2026-04-01T09:00:00,False,0.00
4d71c570-cea7-5185-906a-bd4d622954f3,baseline,2026-02-08T17:14:37,False,0.00
4d71c570-cea7-5185-906a-bd4d622954f3,smart,2026-02-08T13:14:37,False,0.00
3718675d-d600-570f-a4c8-68e7c2d99a6e,baseline,,False,0.00
3718675d-d600-570f-a4c8-68e7c2d99a6e,smart,,False,0.00
326d9032-3f1d-5136-9833-a7d4adb6d946,baseline,2026-02-08T08:09:44,True,906.53
326d9032-3f1d-5136-9833-a7d4adb6d946,smart,2026-02-08T08:09:44,True,906.53
41a7987f-5224-56d3-a92e-5b6e900ac326,baseline,2026-01-26T17:59:12,False,0.00
41a7987f-5224-56d3-a92e-5b6e900ac326,smart,2026-02-01T09:00:00,True,1863.55
c2498aa8-b995-56fa-8958-a60022824c47,baseline,,False,0.00
c2498aa8-b995-56fa-8958-a60022824c47,smart,,False,0.00
8cb24da1-f9d7-594e-970b-872e7f6ad576,baseline,2026-03-25T01:27:06,False,0.00
8cb24da1-f9d7-594e-970b-872e7f6ad576,smart,2026-03-24T21:27:06,False,0.00
78aca98c-ab45-54b0-b7d4-f29d47f51d8e,baseline,2026-03-24T07:51:55,True,2209.35
78aca98c-ab45-54b0-b7d4-f29d47f51d8e,smart,2026-03-24T07:51:55,True,2209.35
d73b157e-e8ee-55c4-acb1-c3f84316f043,baseline,2026-03-14T01:26:33,True,1879.90
d73b157e-e8ee-55c4-acb1-c3f84316f043,smart,2026-03-13T21:26:33,True,1879.90
4d18ad4d-4345-53cc-b266-4c62554d6763,baseline,2026-01-17T23:49:11,True,31863.37
4d18ad4d-4345-53cc-b266-4c62554d6763,smart,2026-01-18T19:49:11,True,31863.37
ad011395-ac34-5988-b726-6321cdf739ea,baseline,2026-01-08T00:15:54,True,1268.54
ad011395-ac34-5988-b726-6321cdf739ea,smart,2026-01-07T20:15:54,True,1268.54
db343978-abdf-534e-9764-a8a5423edaff,baseline,2026-02-16T16:31:14,False,0.00
db343978-abdf-534e-9764-a8a5423edaff,smart,2026-02-16T12:31:14,False,0.00
d7206b9b-976e-533d-afd4-6245e1aebfe6,baseline,,False,0.00
d7206b9b-976e-533d-afd4-6245e1aebfe6,smart,,False,0.00
2e6ec504-9f47-52d7-8038-02f6edf79f6e,baseline,,False,0.00
2e6ec504-9f47-52d7-8038-02f6edf79f6e,smart,,False,0.00
2f13d076-27f2-5243-b22c-b3db63fe0731,baseline,2026-02-18T08:07:21,True,1269.74
2f13d076-27f2-5243-b22c-b3db63fe0731,smart,2026-02-18T08:07:21,True,1269.74
bc8579d1-c037-5d85-b4bd-8e46961c62eb,baseline,2026-01-31T03:39:34,False,0.00
bc8579d1-c037-5d85-b4bd-8e46961c62eb,smart,2026-02-01T09:00:00,True,2531.60
89e1d778-bd16-5022-8895-eee65eeccd75,baseline,2026-03-24T07:57:28,False,0.00
89e1d778-bd16-5022-8895-eee65eeccd75,smart,2026-03-24T07:57:28,False,0.00
858ba888-6ddc-5f7f-8461-ab5ed5c38201,baseline,,False,0.00
858ba888-6ddc-5f7f-8461-ab5ed5c38201,smart,,False,0.00
8201af47-07dc-5d35-81bb-6d1793d07f5b,baseline,2026-01-28T06:20:22,False,0.00
8201af47-07dc-5d35-81bb-6d1793d07f5b,smart,2026-01-28T06:20:22,False,0.00
ae472765-632a-5a92-9d73-0ffb130f2a04,baseline,,False,0.00
ae472765-632a-5a92-9d73-0ffb130f2a04,smart,,False,0.00
dfe1a5da-4574-5cf6-bdd5-8ded27d6f2c7,baseline,2026-02-23T16:37:18,True,723.52
dfe1a5da-4574-5cf6-bdd5-8ded27d6f2c7,smart,2026-02-23T12:37:18,False,0.00
e2e082d1-a14f-5456-860a-0c40e42631fe,baseline,2026-02-09T15:24:40,True,1698.29
e2e082d1-a14f-5456-860a-0c40e42631fe,smart,2026-02-09T11:24:40,True,1698.29
0e93660f-ad2f-57f2-a1de-52da9b0340da,baseline,2026-03-31T17:43:40,False,0.00
0e93660f-ad2f-57f2-a1de-52da9b0340da,smart,2026-04-01T09:00:00,True,6434.10
20d392c6-d37a-5b36-b309-c317c22ebcfd,baseline,2026-03-17T17:51:23,True,1359.84
20d392c6-d37a-5b36-b309-c317c22ebcfd,smart,2026-03-17T13:51:23,False,0.00
b4689d87-b814-5548-9cad-fe3be7f1d3a4,baseline,,False,0.00
b4689d87-b814-5548-9cad-fe3be7f1d3a4,smart,,False,0.00
5c152fd1-adb9-5f00-a67f-93b09e130118,baseline,,False,0.00
5c152fd1-adb9-5f00-a67f-93b09e130118,smart,,False,0.00
e0940c30-e1c2-50d0-a1f1-b8adfce2b8ba,baseline,2026-02-01T00:15:10,True,1333.64
e0940c30-e1c2-50d0-a1f1-b8adfce2b8ba,smart,2026-02-01T09:00:00,True,1333.64
fe3fc279-bf89-5fa8-8fb6-c84251408fc6,baseline,,False,0.00
fe3fc279-bf89-5fa8-8fb6-c84251408fc6,smart,,False,0.00
99fb416b-d318-55eb-bb68-d1d4bace37f8,baseline,2026-03-17T09:51:58,False,0.00
99fb416b-d318-55eb-bb68-d1d4bace37f8,smart,2026-03-18T05:51:58,False,0.00
52b64e5c-b804-5f31-b35c-a3b8172142b2,baseline,2026-03-25T16:28:40,False,0.00
52b64e5c-b804-5f31-b35c-a3b8172142b2,smart,2026-03-25T12:28:40,False,0.00
9605d3b0-980f-5ce0-b681-5b543f9c4297,baseline,,False,0.00
9605d3b0-980f-5ce0-b681-5b543f9c4297,smart,,False,0.00
725eaa4a-fe1b-5b9c-870f-588655aedc91,baseline,2026-03-16T23:40:16,False,0.00
725eaa4a-fe1b-5b9c-870f-588655aedc91,smart,2026-03-17T19:40:16,True,16161.61
ea554051-e3eb-55d9-bde3-614997bb2c18,baseline,,False,0.00
ea554051-e3eb-55d9-bde3-614997bb2c18,smart,,False,0.00
5951b82a-ff2c-5c47-b766-2d32d3a88cf1,baseline,,False,0.00
5951b82a-ff2c-5c47-b766-2d32d3a88cf1,smart,,False,0.00
80d9cea0-b2be-563a-b575-41f6c417887d,baseline,,False,0.00
80d9cea0-b2be-563a-b575-41f6c417887d,smart,,False,0.00
431239cc-97ce-5fe2-8a49-140993c75f5e,baseline,2026-01-08T08:00:01,False,0.00
431239cc-97ce-5fe2-8a49-140993c75f5e,smart,2026-01-08T08:00:01,False,0.00
ec4db5b1-7ed4-586f-a73c-7baecd1ae05b,baseline,2026-03-08T07:48:12,False,0.00
ec4db5b1-7ed4-586f-a73c-7baecd1ae05b,smart,2026-03-08T07:48:12,False,0.00
f45ff204-6c46-5f46-851b-f800ea54895e,baseline,,False,0.00
f45ff204-6c46-5f46-851b-f800ea54895e,smart,,False,0.00
781ed598-c322-5a86-af44-9d3aefc489e2,baseline,2026-01-06T05:08:36,False,0.00
781ed598-c322-5a86-af44-9d3aefc489e2,smart,2026-01-07T01:08:36,False,0.00
d72a7ef1-f82c-5823-887c-7ceabf302e5d,baseline,2026-03-18T08:55:48,True,1434.66
d72a7ef1-f82c-5823-887c-7ceabf302e5d,smart,2026-03-18T08:55:48,True,1434.66
4bc1ca99-f39a-550d-892b-ef09fa03abc4,baseline,2026-01-26T16:46:32,False,0.00
4bc1ca99-f39a-550d-892b-ef09fa03abc4,smart,2026-01-27T12:46:32,True,20410.98
03fd03ce-df4f-5596-b90c-79989c735dad,baseline,2026-02-24T08:24:07,True,6339.26
03fd03ce-df4f-5596-b90c-79989c735dad,smart,2026-02-24T08:24:07,True,6339.26
124a8673-c6ee-564a-8b17-6b5a49d565c9,baseline,2026-03-08T08:48:43,True,1056.05
124a8673-c6ee-564a-8b17-6b5a49d565c9,smart,2026-03-08T08:48:43,True,1056.05
559a0a60-5dc6-519c-8788-83e6ba90fcfd,baseline,2026-03-08T08:33:12,False,0.00
559a0a60-5dc6-519c-8788-83e6ba90fcfd,smart,2026-03-08T08:33:12,False,0.00
de3d44b6-cd91-5d5b-95f0-c8896136d544,baseline,,False,0.00
de3d44b6-cd91-5d5b-95f0-c8896136d544,smart,,False,0.00
230ca227-955e-54bd-8983-a2eb52378ce9,baseline,2026-01-03T17:57:45,False,0.00
230ca227-955e-54bd-8983-a2eb52378ce9,smart,2026-01-04T13:57:45,True,26660.09
66732858-907d-5193-af08-c75f6634cfd0,baseline,,False,0.00
66732858-907d-5193-af08-c75f6634cfd0,smart,,False,0.00
43621945-7cd2-55f1-aa91-e3442900d228,baseline,2026-02-27T13:33:48,False,0.00
43621945-7cd2-55f1-aa91-e3442900d228,smart,2026-03-01T09:00:00,False,0.00
d0516300-e311-5c2b-a116-c79e09d6ae45,baseline,2026-02-02T23:21:34,True,2366.39
d0516300-e311-5c2b-a116-c79e09d6ae45,smart,2026-02-02T19:21:34,True,2366.39
fb3531bb-dc36-5e5a-a840-fb6214b6bfca,baseline,,False,0.00
fb3531bb-dc36-5e5a-a840-fb6214b6bfca,smart,,False,0.00
551b41e0-f1d7-5499-9537-8565e8c9858f,baseline,2026-02-28T23:43:43,True,1115.85
551b41e0-f1d7-5499-9537-8565e8c9858f,smart,2026-03-01T09:00:00,True,1115.85
2dd0ac19-89b0-511d-b0f8-8a01528f6283,baseline,,False,0.00
2dd0ac19-89b0-511d-b0f8-8a01528f6283,smart,,False,0.00
c1ac45ed-f086-5ece-9b3e-dd619a9f3746,baseline,,False,0.00
c1ac45ed-f086-5ece-9b3e-dd619a9f3746,smart,,False,0.00
e62b95dd-b6ec-5bb6-b258-234e0c3dd635,baseline,2026-03-14T15:39:22,False,0.00
e62b95dd-b6ec-5bb6-b258-234e0c3dd635,smart,2026-03-15T11:39:22,False,0.00
edeaf195-cc39-5b18-904e-6c736c651c34,baseline,2026-03-26T19:44:55,False,0.00
edeaf195-cc39-5b18-904e-6c736c651c34,smart,2026-04-01T09:00:00,True,2442.69
73fb460b-c1e0-58f4-81b9-13dfe167384f,baseline,2026-01-25T23:08:56,True,996.12
73fb460b-c1e0-58f4-81b9-13dfe167384f,smart,2026-01-25T19:08:56,False,0.00
0ee25793-4c85-5c5b-a4cd-bc148b35cdf8,baseline,2026-02-27T19:39:23,True,33971.72
0ee25793-4c85-5c5b-a4cd-bc148b35cdf8,smart,2026-02-28T15:39:23,False,0.00
3cc5823f-f77f-53d8-bacd-2fb16172f571,baseline,,False,0.00
3cc5823f-f77f-53d8-bacd-2fb16172f571,smart,,False,0.00
d00c563d-4365-579a-b9b9-7b2e1f784d85,baseline,2026-01-24T07:34:46,False,0.00
d00c563d-4365-579a-b9b9-7b2e1f784d85,smart,2026-01-24T07:34:46,False,0.00
77ade49e-a8cf-5477-8b67-0398b8bedb5e,baseline,,False,0.00
77ade49e-a8cf-5477-8b67-0398b8bedb5e,smart,,False,0.00
6294a941-4207-59b0-94b6-0839a4b971fb,baseline,,False,0.00
6294a941-4207-59b0-94b6-0839a4b971fb,smart,,False,0.00
f6b47c7d-289b-57e6-bc58-f4847aeb2388,baseline,,False,0.00
f6b47c7d-289b-57e6-bc58-f4847aeb2388,smart,,False,0.00
08e356bd-12f3-5d7b-8ff4-75412f73d889,baseline,2026-03-30T01:15:55,False,0.00
08e356bd-12f3-5d7b-8ff4-75412f73d889,smart,2026-04-01T09:00:00,False,0.00
4d3846f9-bd5f-5691-a3c9-7872ca3f850e,baseline,,False,0.00
4d3846f9-bd5f-5691-a3c9-7872ca3f850e,smart,,False,0.00
d6c83bcc-8d28-5670-941a-e131d8701f36,baseline,2026-02-28T17:48:21,False,0.00
d6c83bcc-8d28-5670-941a-e131d8701f36,smart,2026-03-01T09:00:00,False,0.00
f906ff32-bc04-5052-9473-a20610dbe0a4,baseline,2026-03-26T22:08:34,True,954.08
f906ff32-bc04-5052-9473-a20610dbe0a4,smart,2026-04-01T09:00:00,True,954.08
ca48f810-9c80-54b7-8035-c0a567fb8f12,baseline,2026-01-08T08:57:12,False,0.00
ca48f810-9c80-54b7-8035-c0a567fb8f12,smart,2026-01-08T08:57:12,False,0.00
5fee4884-0939-511b-b790-db948ce7b81b,baseline,2026-01-18T08:30:35,False,0.00
5fee4884-0939-511b-b790-db948ce7b81b,smart,2026-01-18T08:30:35,False,0.00
8ae272ee-ec4a-50bc-bf59-01a1e6d8be30,baseline,2026-02-05T00:31:16,True,763.77
8ae272ee-ec4a-50bc-bf59-01a1e6d8be30,smart,2026-03-01T09:00:00,False,0.00
fceb89e1-25db-5ddc-a736-37f0a983db65,baseline,2026-03-26T23:35:18,False,0.00
fceb89e1-25db-5ddc-a736-37f0a983db65,smart,2026-04-01T09:00:00,False,0.00
8e698c58-b900-584a-8277-18e72b57d5d9,baseline,2026-02-23T22:21:16,False,0.00
8e698c58-b900-584a-8277-18e72b57d5d9,smart,2026-02-24T18:21:16,False,0.00
85b67667-b1fe-57d2-a613-3696db18940e,baseline,2026-02-28T01:34:20,False,0.00
85b67667-b1fe-57d2-a613-3696db18940e,smart,2026-03-01T09:00:00,False,0.00
9e0714bb-da79-5a05-a8da-8c803710c698,baseline,2026-02-23T15:31:23,False,0.00
9e0714bb-da79-5a05-a8da-8c803710c698,smart,2026-02-23T11:31:23,False,0.00
6dccf294-14db-5294-a69a-6a574d53a929,baseline,2026-03-17T17:17:20,True,901.65
6dccf294-14db-5294-a69a-6a574d53a929,smart,2026-03-17T13:17:20,False,0.00
bc1c5279-117e-510e-8910-d78943291afb,baseline,2026-02-19T06:56:01,False,0.00
bc1c5279-117e-510e-8910-d78943291afb,smart,2026-02-19T02:56:01,False,0.00
118c5fa0-ff9b-5fe3-818a-c6e52f043e71,baseline,2026-03-29T00:36:28,False,0.00
118c5fa0-ff9b-5fe3-818a-c6e52f043e71,smart,2026-04-01T09:00:00,True,429.30
b7c3adbc-3ade-5a0a-8e6a-12972835d359,baseline,,False,0.00
b7c3adbc-3ade-5a0a-8e6a-12972835d359,smart,,False,0.00
8181615a-9886-5fe0-8a56-4e419ee17202,baseline,2026-01-24T08:17:57,False,0.00
8181615a-9886-5fe0-8a56-4e419ee17202,smart,2026-01-24T08:17:57,False,0.00
ffe3f344-e8b6-54a9-b0d4-82d4f0d11428,baseline,2026-01-29T16:17:03,False,0.00
ffe3f344-e8b6-54a9-b0d4-82d4f0d11428,smart,2026-01-30T12:17:03,False,0.00
931cc4b5-ef19-5fd5-b8ee-f6e7f9b78d4d,baseline,,False,0.00
931cc4b5-ef19-5fd5-b8ee-f6e7f9b78d4d,smart,,False,0.00
bdb22eb7-2105-5277-895d-e9a68f623fef,baseline,,False,0.00
bdb22eb7-2105-5277-895d-e9a68f623fef,smart,,False,0.00
8e1a7e5b-cecf-58be-abdd-e01b89c06673,baseline,2026-02-16T17:05:17,False,0.00
8e1a7e5b-cecf-58be-abdd-e01b89c06673,smart,2026-02-16T13:05:17,False,0.00
935e6524-d7c1-53a3-90fb-73d91ae4a91d,baseline,2026-03-24T08:28:14,False,0.00
935e6524-d7c1-53a3-90fb-73d91ae4a91d,smart,2026-03-24T08:28:14,False,0.00
586dabf5-6d34-58ae-9a95-5a9f4c44885b,baseline,2026-02-17T15:07:24,False,0.00
586dabf5-6d34-58ae-9a95-5a9f4c44885b,smart,2026-02-17T11:07:24,True,4241.73
6eed4ae2-3da7-5c7e-8e80-f45f71cfb5b2,baseline,2026-01-24T15:54:06,True,6439.41
6eed4ae2-3da7-5c7e-8e80-f45f71cfb5b2,smart,2026-01-24T11:54:06,True,6439.41
28b43942-f14f-5e21-8d9f-7cc85db8a6b9,baseline,2026-03-24T07:29:31,False,0.00
28b43942-f14f-5e21-8d9f-7cc85db8a6b9,smart,2026-03-24T07:29:31,False,0.00
61f9156f-235c-5882-b62f-59f30611b08c,baseline,2026-01-22T14:01:15,False,0.00
61f9156f-235c-5882-b62f-59f30611b08c,smart,2026-01-23T10:01:15,False,0.00
1fce5523-ade4-5965-9cc1-7aae538f54dc,baseline,2026-02-27T00:30:40,True,940.62
1fce5523-ade4-5965-9cc1-7aae538f54dc,smart,2026-03-01T09:00:00,True,940.62
0e291599-ff6a-552c-b1db-ef4d997128a8,baseline,2026-01-20T03:03:32,False,0.00
0e291599-ff6a-552c-b1db-ef4d997128a8,smart,2026-01-19T23:03:32,False,0.00
f0b708ab-eafa-5060-8fe4-a6a823b4126d,baseline,2026-03-26T11:37:55,True,1552.92
f0b708ab-eafa-5060-8fe4-a6a823b4126d,smart,2026-04-01T09:00:00,True,1552.92
8e67b816-1a93-58de-8556-721f13ef3f48,baseline,2026-02-18T08:26:43,True,1943.27
8e67b816-1a93-58de-8556-721f13ef3f48,smart,2026-02-18T08:26:43,True,1943.27
7af72d67-ea36-5f62-ad96-143a6d5e7a88,baseline,2026-03-31T02:47:29,True,21287.32
7af72d67-ea36-5f62-ad96-143a6d5e7a88,smart,2026-03-31T22:47:29,False,0.00
eaf08b7e-ed1b-5c65-a6b9-290b01522642,baseline,2026-03-15T00:08:02,False,0.00
eaf08b7e-ed1b-5c65-a6b9-290b01522642,smart,2026-03-15T20:08:02,True,26385.85
d412cd62-787a-5824-a481-67d220d5641c,baseline,2026-02-11T16:09:51,True,884.66
d412cd62-787a-5824-a481-67d220d5641c,smart,2026-02-11T12:09:51,True,884.66
2b6f6875-82a2-5657-89cd-ebd59778ce71,baseline,,False,0.00
2b6f6875-82a2-5657-89cd-ebd59778ce71,smart,,False,0.00
1b58e3ad-4958-5698-974e-c49853b59513,baseline,2026-01-30T19:12:40,False,0.00
1b58e3ad-4958-5698-974e-c49853b59513,smart,2026-02-01T09:00:00,True,1199.49
868d34b4-695f-5e72-b11f-54043abe5ac0,baseline,2026-03-30T17:47:41,False,0.00
868d34b4-695f-5e72-b11f-54043abe5ac0,smart,2026-03-31T13:47:41,True,26138.64
290dd4cd-c505-5f4b-8640-ce1233d620b4,baseline,2026-03-29T06:56:48,False,0.00
290dd4cd-c505-5f4b-8640-ce1233d620b4,smart,2026-04-01T09:00:00,True,7572.02
ae8b6ff1-8f32-533a-b86f-5e708076f7c6,baseline,,False,0.00
ae8b6ff1-8f32-533a-b86f-5e708076f7c6,smart,,False,0.00
f1858fb7-1dce-5e36-a4df-7d4e2ab6862e,baseline,,False,0.00
f1858fb7-1dce-5e36-a4df-7d4e2ab6862e,smart,,False,0.00
52a124a7-529d-54e6-9f36-f016fee23e3b,baseline,2026-01-28T15:48:40,False,0.00
52a124a7-529d-54e6-9f36-f016fee23e3b,smart,2026-02-01T09:00:00,True,1362.95
96cfc48f-3afb-5bad-8e16-66602df0c36e,baseline,,False,0.00
96cfc48f-3afb-5bad-8e16-66602df0c36e,smart,,False,0.00
3fe82d45-c9db-53bf-a891-2d2bec5ef15e,baseline,2026-02-08T00:11:10,False,0.00
3fe82d45-c9db-53bf-a891-2d2bec5ef15e,smart,2026-02-07T20:11:10,True,2076.83
793b87bd-0797-5e22-b205-ec39538dbdcb,baseline,,False,0.00
793b87bd-0797-5e22-b205-ec39538dbdcb,smart,,False,0.00
5fcce857-f5c5-5075-9a96-d0c0f13e79c1,baseline,2026-03-30T15:40:37,True,1772.87
5fcce857-f5c5-5075-9a96-d0c0f13e79c1,smart,2026-04-01T09:00:00,False,0.00
9b82530f-07ad-5f1b-b962-4fe329064b8d,baseline,2026-03-07T01:20:40,True,13992.49
9b82530f-07ad-5f1b-b962-4fe329064b8d,smart,2026-03-07T21:20:40,False,0.00
bc576e2a-668b-5785-a1b0-750c6c0a2b09,baseline,2026-03-30T01:21:45,True,674.25
bc576e2a-668b-5785-a1b0-750c6c0a2b09,smart,2026-04-01T09:00:00,True,674.25
0706577d-ed33-50e2-99a0-ab1e75bc01a6,baseline,,False,0.00
0706577d-ed33-50e2-99a0-ab1e75bc01a6,smart,,False,0.00
eae4876f-6ff5-5ae2-ad42-b2d2f4b0b171,baseline,2026-02-18T07:12:11,False,0.00
eae4876f-6ff5-5ae2-ad42-b2d2f4b0b171,smart,2026-02-18T07:12:11,False,0.00
c8a34a35-3b8b-5a45-8969-263b39f88783,baseline,2026-02-16T16:04:13,False,0.00
c8a34a35-3b8b-5a45-8969-263b39f88783,smart,2026-02-16T12:04:13,False,0.00
b4ad06a3-b67b-55da-8de1-edd2462c8fae,baseline,2026-03-28T12:02:14,True,2460.28
b4ad06a3-b67b-55da-8de1-edd2462c8fae,smart,2026-04-01T09:00:00,True,2460.28
cb36314c-9b43-5a9a-aa10-f37f66863c82,baseline,,False,0.00
cb36314c-9b43-5a9a-aa10-f37f66863c82,smart,,False,0.00
c827df3b-c889-5801-b06b-c1fe5bf1bafa,baseline,,False,0.00
c827df3b-c889-5801-b06b-c1fe5bf1bafa,smart,,False,0.00
d9080288-93bf-53c6-9fef-55021ac7b536,baseline,,False,0.00
d9080288-93bf-53c6-9fef-55021ac7b536,smart,,False,0.00
a492bfbc-15fb-5ffe-87c6-b3dc68ecce6b,baseline,,False,0.00
a492bfbc-15fb-5ffe-87c6-b3dc68ecce6b,smart,,False,0.00
d46d5fa5-0e3b-518e-b7d1-45d98a4c48e7,baseline,2026-03-14T01:04:57,False,0.00
d46d5fa5-0e3b-518e-b7d1-45d98a4c48e7,smart,2026-03-13T21:04:57,True,2992.28
43855986-82ac-5cd5-957b-66848a67b743,baseline,2026-02-27T07:44:39,False,0.00
43855986-82ac-5cd5-957b-66848a67b743,smart,2026-03-01T09:00:00,True,578.93
3a06f555-f68b-52a9-96c9-0a6d4698ae13,baseline,2026-03-18T07:07:52,False,0.00
3a06f555-f68b-52a9-96c9-0a6d4698ae13,smart,2026-03-18T07:07:52,False,0.00
105673de-d4f2-5c9c-89f9-d4858f750665,baseline,,False,0.00
105673de-d4f2-5c9c-89f9-d4858f750665,smart,,False,0.00
e1555d07-eb21-5741-b9ab-53d78b267c71,baseline,2026-03-29T14:50:34,False,0.00
e1555d07-eb21-5741-b9ab-53d78b267c71,smart,2026-04-01T09:00:00,True,6324.83
12cdbb2d-ef4f-5c1e-92c8-acdbe36633fe,baseline,,False,0.00
12cdbb2d-ef4f-5c1e-92c8-acdbe36633fe,smart,,False,0.00
ddcb4dd2-27b0-5ae8-bcac-0c679b626c22,baseline,2026-03-18T07:51:22,False,0.00
ddcb4dd2-27b0-5ae8-bcac-0c679b626c22,smart,2026-03-18T07:51:22,False,0.00
eddc1b25-47c7-5f13-aa29-160f0801a8f5,baseline,2026-01-11T01:36:11,False,0.00
eddc1b25-47c7-5f13-aa29-160f0801a8f5,smart,2026-01-10T21:36:11,True,1862.37
63706535-c5db-5453-9a3f-58a344f85d3c,baseline,,False,0.00
63706535-c5db-5453-9a3f-58a344f85d3c,smart,,False,0.00
c6fcc57a-28dd-5269-90d3-6544d0214a64,baseline,2026-03-28T15:35:34,False,0.00
c6fcc57a-28dd-5269-90d3-6544d0214a64,smart,2026-03-28T11:35:34,False,0.00
f926dd62-58be-5544-af51-7f1107386e10,baseline,2026-03-01T23:24:13,True,1618.68
f926dd62-58be-5544-af51-7f1107386e10,smart,2026-04-01T09:00:00,False,0.00
dc75de20-a379-5568-8ac6-efa8a9087c90,baseline,2026-02-28T23:35:52,False,0.00
dc75de20-a379-5568-8ac6-efa8a9087c90,smart,2026-03-01T09:00:00,True,3442.06
ede94e56-2c69-5cf8-a19f-bb199fc213f0,baseline,2026-02-24T08:32:10,False,0.00
ede94e56-2c69-5cf8-a19f-bb199fc213f0,smart,2026-02-24T08:32:10,False,0.00
7e6bac82-1d2d-521a-8026-a913f9c2d859,baseline,,False,0.00
7e6bac82-1d2d-521a-8026-a913f9c2d859,smart,,False,0.00
1e8c1d38-faa0-5cf7-9fe3-2b0c07ceae36,baseline,2026-03-07T00:07:47,False,0.00
1e8c1d38-faa0-5cf7-9fe3-2b0c07ceae36,smart,2026-03-06T20:07:47,False,0.00
b725a814-d98b-5ea0-8618-0ce794de6f1d,baseline,2026-02-11T01:39:29,True,721.04
b725a814-d98b-5ea0-8618-0ce794de6f1d,smart,2026-02-10T21:39:29,False,0.00
f33c931d-922e-533d-819b-ccaa008501ad,baseline,2026-02-13T15:42:51,False,0.00
f33c931d-922e-533d-819b-ccaa008501ad,smart,2026-02-13T11:42:51,False,0.00
8f45670c-f65a-59a9-b34b-a1dc1df8a0c3,baseline,2026-03-26T16:09:38,False,0.00
8f45670c-f65a-59a9-b34b-a1dc1df8a0c3,smart,2026-04-01T09:00:00,False,0.00
d302e124-0cb5-5670-a10e-7a3c153dcb25,baseline,2026-01-31T04:54:45,True,1793.22
d302e124-0cb5-5670-a10e-7a3c153dcb25,smart,2026-02-01T09:00:00,True,1793.22
a37c6df4-0417-54c4-b5b8-2b5ffbfb84cc,baseline,2026-03-31T08:49:54,True,2258.17
a37c6df4-0417-54c4-b5b8-2b5ffbfb84cc,smart,2026-04-01T09:00:00,True,2258.17
d16b5a35-e01f-5b52-aea5-50d06bb84ed6,baseline,,False,0.00
d16b5a35-e01f-5b52-aea5-50d06bb84ed6,smart,,False,0.00
17c877fa-32cd-5f48-9c75-0b40c2e26197,baseline,,False,0.00
17c877fa-32cd-5f48-9c75-0b40c2e26197,smart,,False,0.00
d2035e66-64e9-5f42-87c9-a05bd0c9ac8b,baseline,,False,0.00
d2035e66-64e9-5f42-87c9-a05bd0c9ac8b,smart,,False,0.00
f6ba1f19-dbc7-5e0a-9288-941414ba736f,baseline,,False,0.00
f6ba1f19-dbc7-5e0a-9288-941414ba736f,smart,,False,0.00
05cc5e49-c523-5260-b142-56fdc9955b3f,baseline,2026-01-30T09:56:42,False,0.00
05cc5e49-c523-5260-b142-56fdc9955b3f,smart,2026-02-01T09:00:00,False,0.00
cbbdc3ad-b398-569d-87be-113c1e14786a,baseline,2026-01-08T16:02:10,True,2745.61
cbbdc3ad-b398-569d-87be-113c1e14786a,smart,2026-01-08T12:02:10,False,0.00
97288b18-3bbe-57fd-ab19-96b38e514a91,baseline,2026-03-18T08:20:25,False,0.00
97288b18-3bbe-57fd-ab19-96b38e514a91,smart,2026-03-18T08:20:25,False,0.00
327c24f2-d619-5031-8c01-6c09a1461780,baseline,2026-02-23T17:42:35,False,0.00
327c24f2-d619-5031-8c01-6c09a1461780,smart,2026-02-23T13:42:35,True,4287.02
be700d6d-6608-5f64-9afb-8ca313cebd5c,baseline,2026-02-28T06:04:32,True,207.38
be700d6d-6608-5f64-9afb-8ca313cebd5c,smart,2026-03-01T09:00:00,False,0.00
01d45358-3c49-570e-af59-fd6398838e6f,baseline,,False,0.00
01d45358-3c49-570e-af59-fd6398838e6f,smart,,False,0.00
bb7e4fcd-2fdb-5cdf-a423-d73ddf9e181f,baseline,,False,0.00
bb7e4fcd-2fdb-5cdf-a423-d73ddf9e181f,smart,,False,0.00
d8145279-1cc2-52fc-a93a-e1a236dc1f01,baseline,,False,0.00
d8145279-1cc2-52fc-a93a-e1a236dc1f01,smart,,False,0.00
c992250b-c834-539c-8db0-4163e3429d8c,baseline,,False,0.00
c992250b-c834-539c-8db0-4163e3429d8c,smart,,False,0.00
0d12bae8-6c48-5f7c-9b8f-a46080608543,baseline,2026-03-08T08:44:14,False,0.00
0d12bae8-6c48-5f7c-9b8f-a46080608543,smart,2026-03-08T08:44:14,False,0.00
959a5d69-8b24-5b85-9ba7-4a6f8dba3e7f,baseline,2026-02-18T00:51:38,True,4412.61
959a5d69-8b24-5b85-9ba7-4a6f8dba3e7f,smart,2026-02-17T20:51:38,True,4412.61
236187d1-f559-59a2-a661-da1ec933f24d,baseline,,False,0.00
236187d1-f559-59a2-a661-da1ec933f24d,smart,,False,0.00
2371fa18-0230-55b0-b248-0b7cfb812cff,baseline,2026-01-28T00:46:49,False,0.00
2371fa18-0230-55b0-b248-0b7cfb812cff,smart,2026-02-01T09:00:00,True,1798.46
8d83f4ca-0a4a-5355-b84f-299ab7255ab8,baseline,2026-01-01T15:51:44,True,1928.84
8d83f4ca-0a4a-5355-b84f-299ab7255ab8,smart,2026-01-01T11:51:44,False,0.00
0ae7276c-efba-583a-9dcb-3d1f788b037a,baseline,2026-03-27T16:27:18,True,1721.62
0ae7276c-efba-583a-9dcb-3d1f788b037a,smart,2026-04-01T09:00:00,True,1721.62
19b0c8f5-64c2-5d48-b0ce-e6d9568c537c,baseline,2026-01-12T06:15:29,False,0.00
19b0c8f5-64c2-5d48-b0ce-e6d9568c537c,smart,2026-01-12T02:15:29,False,0.00
43f2fc00-0814-5d14-91e0-c4dd44d7e5cc,baseline,2026-01-08T08:40:54,False,0.00
43f2fc00-0814-5d14-91e0-c4dd44d7e5cc,smart,2026-01-08T08:40:54,False,0.00
2009acb4-4d7d-5c31-a558-ce8959037ca9,baseline,,False,0.00
2009acb4-4d7d-5c31-a558-ce8959037ca9,smart,,False,0.00
a06676d9-806d-53ba-a830-2d522afe1b34,baseline,2026-01-27T18:33:40,False,0.00
a06676d9-806d-53ba-a830-2d522afe1b34,smart,2026-02-01T09:00:00,True,493.51
bee01c2c-63c3-534a-bf39-d2751630f3da,baseline,,False,0.00
bee01c2c-63c3-534a-bf39-d2751630f3da,smart,,False,0.00
2d02d79a-b1d6-5abf-bd2f-01aa55001a1a,baseline,,False,0.00
2d02d79a-b1d6-5abf-bd2f-01aa55001a1a,smart,,False,0.00
7bc6d4a6-8673-5bdf-8114-dc1f13d39d05,baseline,2026-01-18T17:11:36,True,3719.83
7bc6d4a6-8673-5bdf-8114-dc1f13d39d05,smart,2026-01-18T13:11:36,True,3719.83
f6b8f890-c2a7-5984-af41-17e3ddf6703a,baseline,2026-04-01T01:21:26,True,7028.39
f6b8f890-c2a7-5984-af41-17e3ddf6703a,smart,2026-04-01T09:00:00,False,0.00
92a1b79c-fb35-59eb-8a34-0d80711fb9c0,baseline,2026-03-26T17:20:39,False,0.00
92a1b79c-fb35-59eb-8a34-0d80711fb9c0,smart,2026-04-01T09:00:00,True,526.55
42eb522b-63af-5f03-84c1-4ebb871c221e,baseline,2026-01-31T04:53:41,True,1098.37
42eb522b-63af-5f03-84c1-4ebb871c221e,smart,2026-02-01T09:00:00,True,1098.37
fb0dcac0-a0e2-5652-8298-6511884a6062,baseline,2026-03-17T11:58:23,False,0.00
fb0dcac0-a0e2-5652-8298-6511884a6062,smart,2026-03-18T07:58:23,False,0.00
a7b8cc53-9c20-5857-809a-6dea064c9b2a,baseline,,False,0.00
a7b8cc53-9c20-5857-809a-6dea064c9b2a,smart,,False,0.00
1b77fdee-8e39-53ff-9b85-ad18e78751e4,baseline,2026-02-27T23:35:53,False,0.00
1b77fdee-8e39-53ff-9b85-ad18e78751e4,smart,2026-03-01T09:00:00,True,5294.90
e6c15244-733e-5bb8-be54-c0d372375820,baseline,2026-02-17T00:23:53,True,5639.70
e6c15244-733e-5bb8-be54-c0d372375820,smart,2026-02-16T20:23:53,False,0.00
c89a6efa-1e45-5409-9ce4-0a02a166f0d3,baseline,2026-02-27T08:23:32,False,0.00
c89a6efa-1e45-5409-9ce4-0a02a166f0d3,smart,2026-03-01T09:00:00,False,0.00
cdd3e7a0-f2f9-53b4-a045-a9217805032f,baseline,,False,0.00
cdd3e7a0-f2f9-53b4-a045-a9217805032f,smart,,False,0.00
0f96a43b-27f2-5b43-aadf-b51d63c1246c,baseline,,False,0.00
0f96a43b-27f2-5b43-aadf-b51d63c1246c,smart,,False,0.00
303b7a97-3071-564c-9678-75d39c019520,baseline,,False,0.00
303b7a97-3071-564c-9678-75d39c019520,smart,,False,0.00
6c8d43ff-e0cb-5b01-bc17-46e787eacad8,baseline,,False,0.00
6c8d43ff-e0cb-5b01-bc17-46e787eacad8,smart,,False,0.00
885ad40f-fff9-5a80-a4ef-a342405542bc,baseline,2026-01-01T04:36:44,True,6614.86
885ad40f-fff9-5a80-a4ef-a342405542bc,smart,2026-01-01T00:36:44,True,6614.86
8ee07760-f1ac-5ff0-9d03-f2dbb235ae6e,baseline,2026-02-08T07:06:55,True,1280.96
8ee07760-f1ac-5ff0-9d03-f2dbb235ae6e,smart,2026-02-08T07:06:55,True,1280.96
92bfea62-c564-5fa2-bbeb-c522c8262765,baseline,,False,0.00
92bfea62-c564-5fa2-bbeb-c522c8262765,smart,,False,0.00
7b8d2b67-c24a-574d-9bcd-9669f2635b52,baseline,,False,0.00
7b8d2b67-c24a-574d-9bcd-9669f2635b52,smart,,False,0.00
89c6102e-8e4e-51cb-92f2-72194d0452c8,baseline,,False,0.00
89c6102e-8e4e-51cb-92f2-72194d0452c8,smart,,False,0.00
ea0d7790-d744-5eb3-8e1c-e6e627b3ba9c,baseline,2026-03-28T16:21:17,True,548.43
ea0d7790-d744-5eb3-8e1c-e6e627b3ba9c,smart,2026-04-01T09:00:00,False,0.00
f3fd8a04-952d-53f0-b50d-b3b7c06d1f56,baseline,,False,0.00
f3fd8a04-952d-53f0-b50d-b3b7c06d1f56,smart,,False,0.00
3a2d669f-c3e9-5726-914b-ec3ee63f4825,baseline,2026-03-23T08:19:51,False,0.00
3a2d669f-c3e9-5726-914b-ec3ee63f4825,smart,2026-03-23T08:19:51,False,0.00
a5a03987-7a2b-56e6-81d1-e98d719beb4b,baseline,,False,0.00
a5a03987-7a2b-56e6-81d1-e98d719beb4b,smart,,False,0.00
ea3a5503-e035-5b08-b73b-ffe5a2763871,baseline,2026-03-05T01:44:25,False,0.00
ea3a5503-e035-5b08-b73b-ffe5a2763871,smart,2026-03-04T21:44:25,False,0.00
6cab01c1-843a-5902-adda-98e6f8c1f1cc,baseline,2026-03-29T15:13:19,False,0.00
6cab01c1-843a-5902-adda-98e6f8c1f1cc,smart,2026-03-29T11:13:19,True,7121.35
0c4480b3-aa3b-5980-884d-55101b29f392,baseline,,False,0.00
0c4480b3-aa3b-5980-884d-55101b29f392,smart,,False,0.00
e699a57e-4117-52b9-878c-9d205f5a2e15,baseline,,False,0.00
e699a57e-4117-52b9-878c-9d205f5a2e15,smart,,False,0.00
c0ce1d7e-4454-5dc8-806f-13a308e7f6a7,baseline,,False,0.00
c0ce1d7e-4454-5dc8-806f-13a308e7f6a7,smart,,False,0.00
ac049363-4da2-5e27-aa91-f2ba4ad21781,baseline,2026-03-18T15:10:00,True,12000.00
ac049363-4da2-5e27-aa91-f2ba4ad21781,smart,2026-03-18T11:10:00,True,12000.00
1527454d-3d77-5e49-b6bf-2991247907e4,baseline,,False,0.00
1527454d-3d77-5e49-b6bf-2991247907e4,smart,,False,0.00
b6f2ad46-4ff1-5647-b7e8-7e745856fa0d,baseline,2026-01-29T15:51:55,True,2154.54
b6f2ad46-4ff1-5647-b7e8-7e745856fa0d,smart,2026-02-01T09:00:00,False,0.00
b3050cb6-add8-5bbb-9823-2dec7e62806b,baseline,2026-03-03T15:45:54,False,0.00
b3050cb6-add8-5bbb-9823-2dec7e62806b,smart,2026-03-03T11:45:54,False,0.00
8bd89c74-8e5c-5db3-905a-7d355f22878b,baseline,2026-02-27T04:15:31,False,0.00
8bd89c74-8e5c-5db3-905a-7d355f22878b,smart,2026-03-01T09:00:00,False,0.00
3709455e-fcbf-53de-94b4-5702797adc80,baseline,2026-01-30T00:38:36,True,1625.16
3709455e-fcbf-53de-94b4-5702797adc80,smart,2026-02-01T09:00:00,True,1625.16
d2940f25-8bfb-5d65-9b0d-353e8187fc4e,baseline,,False,0.00
d2940f25-8bfb-5d65-9b0d-353e8187fc4e,smart,,False,0.00
a3a07ad9-504a-5ffe-9204-d9de876b5913,baseline,2026-01-30T02:19:26,False,0.00
a3a07ad9-504a-5ffe-9204-d9de876b5913,smart,2026-02-01T09:00:00,False,0.00
49b7c3fa-2b1c-559d-ad43-1c049fc39722,baseline,2026-03-04T15:06:54,True,590.35
49b7c3fa-2b1c-559d-ad43-1c049fc39722,smart,2026-04-01T09:00:00,False,0.00
2bf43d5a-d136-5bfa-a3e8-7ffb859ddcd8,baseline,2026-01-27T00:21:35,False,0.00
2bf43d5a-d136-5bfa-a3e8-7ffb859ddcd8,smart,2026-02-01T09:00:00,True,766.90
58041ad0-9d18-5618-aefa-0374e84090b1,baseline,2026-02-28T16:31:51,False,0.00
58041ad0-9d18-5618-aefa-0374e84090b1,smart,2026-03-01T09:00:00,True,5842.81
d1f53244-1144-594f-87a0-c65a0159a09f,baseline,2026-03-08T07:59:23,True,990.00
d1f53244-1144-594f-87a0-c65a0159a09f,smart,2026-03-08T07:59:23,True,990.00
cffedf0e-844d-55e8-867f-288330886087,baseline,,False,0.00
cffedf0e-844d-55e8-867f-288330886087,smart,,False,0.00
9861b000-1101-5495-8a32-ca37480e017b,baseline,2026-01-27T04:59:39,True,30573.81
9861b000-1101-5495-8a32-ca37480e017b,smart,2026-01-28T00:59:39,False,0.00
49694864-99e3-56f2-845f-f3b911fb1c94,baseline,2026-02-09T17:43:00,False,0.00
49694864-99e3-56f2-845f-f3b911fb1c94,smart,2026-02-09T13:43:00,True,1924.08
53e7fc2c-00c0-5b16-b37e-b572404b970a,baseline,2026-02-08T03:27:07,False,0.00
53e7fc2c-00c0-5b16-b37e-b572404b970a,smart,2026-02-08T23:27:07,False,0.00
5460b638-3b82-5487-a7a3-08e8db8e7339,baseline,2026-02-01T02:01:44,True,1207.40
5460b638-3b82-5487-a7a3-08e8db8e7339,smart,2026-02-01T09:00:00,True,1207.40
0d50f260-f211-5523-b0c0-ebac018a4258,baseline,2026-03-02T17:04:14,False,0.00
0d50f260-f211-5523-b0c0-ebac018a4258,smart,2026-03-02T13:04:14,False,0.00
29ff5544-ace4-5f71-b351-a138294086da,baseline,2026-02-01T03:18:06,True,2487.78
29ff5544-ace4-5f71-b351-a138294086da,smart,2026-02-01T09:00:00,False,0.00
7386014d-9eda-54ba-80d0-0c62f7f55cf0,baseline,2026-01-30T16:05:07,False,0.00
7386014d-9eda-54ba-80d0-0c62f7f55cf0,smart,2026-02-01T09:00:00,True,4538.88
93a98749-6036-52f8-9ac0-afe6ed112ad6,baseline,2026-02-18T07:28:44,False,0.00
93a98749-6036-52f8-9ac0-afe6ed112ad6,smart,2026-02-18T07:28:44,False,0.00
2c34b760-1cf7-5e79-a57d-3369de20e0b3,baseline,2026-03-27T02:18:51,False,0.00
2c34b760-1cf7-5e79-a57d-3369de20e0b3,smart,2026-04-01T09:00:00,True,1013.99
42716b88-fc2c-54ca-899b-ff536bfd75ff,baseline,2026-01-06T15:43:17,True,2429.93
42716b88-fc2c-54ca-899b-ff536bfd75ff,smart,2026-01-06T11:43:17,True,2429.93
0cd1e5d7-d3b1-5dd0-8fed-b09ab172c6ee,baseline,,False,0.00
0cd1e5d7-d3b1-5dd0-8fed-b09ab172c6ee,smart,,False,0.00
7ceb69e4-6f56-500c-a672-ea9c5ea5d4e8,baseline,2026-03-30T16:33:13,False,0.00
7ceb69e4-6f56-500c-a672-ea9c5ea5d4e8,smart,2026-04-01T09:00:00,True,4702.10
6d9b6485-b430-5cde-bf11-19c43186de7b,baseline,,False,0.00
6d9b6485-b430-5cde-bf11-19c43186de7b,smart,,False,0.00
8b6918ce-12ee-5ce5-8187-21c2b44586f1,baseline,2026-03-11T15:24:22,False,0.00
8b6918ce-12ee-5ce5-8187-21c2b44586f1,smart,2026-03-11T11:24:22,False,0.00
5b2b613e-aa18-5a73-8e3a-6425e123de3a,baseline,2026-01-26T18:36:35,False,0.00
5b2b613e-aa18-5a73-8e3a-6425e123de3a,smart,2026-02-01T09:00:00,True,3418.53
71f6cf55-b274-525e-94c5-24d3ec144d80,baseline,2026-03-31T12:10:44,False,0.00
71f6cf55-b274-525e-94c5-24d3ec144d80,smart,2026-04-01T08:10:44,False,0.00
4b0db7d1-7715-5aef-a3df-9efaf0fedc10,baseline,2026-03-27T18:15:15,False,0.00
4b0db7d1-7715-5aef-a3df-9efaf0fedc10,smart,2026-04-01T09:00:00,True,451.36
c4b56afb-4983-58f2-b538-323b38125ab3,baseline,,False,0.00
c4b56afb-4983-58f2-b538-323b38125ab3,smart,,False,0.00
9593641f-d3d9-5823-b17f-08e4a7c73be9,baseline,2026-01-27T00:22:54,True,1619.32
9593641f-d3d9-5823-b17f-08e4a7c73be9,smart,2026-02-01T09:00:00,False,0.00
0da2087f-4bcb-59d8-ae36-9fae41e48cbc,baseline,2026-02-26T16:45:52,False,0.00
0da2087f-4bcb-59d8-ae36-9fae41e48cbc,smart,2026-03-01T09:00:00,False,0.00
54fda62d-2a48-5c24-8b61-61987f724261,baseline,2026-03-05T01:12:51,True,2892.32
54fda62d-2a48-5c24-8b61-61987f724261,smart,2026-04-01T09:00:00,True,2892.32
c6939fc8-10ad-5f13-977e-988bf9799685,baseline,,False,0.00
c6939fc8-10ad-5f13-977e-988bf9799685,smart,,False,0.00
9f4288e8-2fb7-5a95-beb6-8bbba9ebf943,baseline,2026-03-26T00:08:22,False,0.00
9f4288e8-2fb7-5a95-beb6-8bbba9ebf943,smart,2026-03-25T20:08:22,False,0.00
7124058f-60ea-5dad-bbad-b38435798960,baseline,2026-03-31T02:42:27,True,3620.29
7124058f-60ea-5dad-bbad-b38435798960,smart,2026-04-01T09:00:00,False,0.00
d405365b-7584-54b0-9287-092d2d690b64,baseline,,False,0.00
d405365b-7584-54b0-9287-092d2d690b64,smart,,False,0.00
66cc2af2-1609-54a0-9820-df2a32bab87d,baseline,,False,0.00
66cc2af2-1609-54a0-9820-df2a32bab87d,smart,,False,0.00
9fe2af98-73ab-5303-9f52-84aa6df51602,baseline,2026-01-13T15:59:11,True,1748.19
9fe2af98-73ab-5303-9f52-84aa6df51602,smart,2026-01-13T11:59:11,True,1748.19
57acbffb-23cc-5fa3-be8c-557c4365d763,baseline,2026-03-22T17:00:10,False,0.00
57acbffb-23cc-5fa3-be8c-557c4365d763,smart,2026-03-22T13:00:10,True,1856.02
44e5c9d6-cc59-5331-8a57-69c672b70e77,baseline,2026-03-28T17:59:40,True,736.24
44e5c9d6-cc59-5331-8a57-69c672b70e77,smart,2026-04-01T09:00:00,True,736.24
4f170688-7435-5893-a3f1-fbe7b4459a9d,baseline,2026-01-14T00:58:46,False,0.00
4f170688-7435-5893-a3f1-fbe7b4459a9d,smart,2026-01-13T20:58:46,False,0.00
b063ae06-5508-56c3-ad72-541d78af147f,baseline,2026-02-11T16:50:10,True,1391.37
b063ae06-5508-56c3-ad72-541d78af147f,smart,2026-02-11T12:50:10,True,1391.37
f92dd643-4fb4-5f07-a689-9ad7b9743dcc,baseline,2026-02-01T16:13:28,True,19447.30
f92dd643-4fb4-5f07-a689-9ad7b9743dcc,smart,2026-02-02T12:13:28,False,0.00
2f5dbe0d-6bb0-5454-ad5a-fe32a5f277ae,baseline,2026-01-21T00:59:13,False,0.00
2f5dbe0d-6bb0-5454-ad5a-fe32a5f277ae,smart,2026-01-21T20:59:13,False,0.00
3093e643-fe80-58ff-a0d5-a209e9997d92,baseline,2026-02-14T01:51:10,True,792.16
3093e643-fe80-58ff-a0d5-a209e9997d92,smart,2026-02-13T21:51:10,False,0.00
0b40eee9-7522-5b89-b222-705851a244d7,baseline,2026-03-31T16:57:47,True,1511.25
0b40eee9-7522-5b89-b222-705851a244d7,smart,2026-04-01T09:00:00,False,0.00
706752e2-c961-5dde-9302-7e1adab1aecf,baseline,,False,0.00
706752e2-c961-5dde-9302-7e1adab1aecf,smart,,False,0.00
283dbf47-33fb-566c-bfd2-99bf40341c08,baseline,2026-02-26T08:30:41,False,0.00
283dbf47-33fb-566c-bfd2-99bf40341c08,smart,2026-03-01T09:00:00,False,0.00
1beac852-a660-5e3c-a400-51971a4db2ee,baseline,,False,0.00
1beac852-a660-5e3c-a400-51971a4db2ee,smart,,False,0.00
5bf3d04c-04a8-5215-b540-d6b52b76d521,baseline,2026-03-14T00:22:16,False,0.00
5bf3d04c-04a8-5215-b540-d6b52b76d521,smart,2026-03-13T20:22:16,False,0.00
d4d244f4-5f85-5a68-85f0-84c6da0869c5,baseline,2026-03-12T23:34:22,False,0.00
d4d244f4-5f85-5a68-85f0-84c6da0869c5,smart,2026-03-13T19:34:22,True,18495.44
ffd7c4be-1b10-5e6d-9eaf-13517c8d239e,baseline,2026-01-23T01:18:08,True,3594.57
ffd7c4be-1b10-5e6d-9eaf-13517c8d239e,smart,2026-01-22T21:18:08,False,0.00
ed67bb15-e60b-5d9c-b4d0-bd59026c6366,baseline,2026-02-27T00:51:24,True,3069.01
ed67bb15-e60b-5d9c-b4d0-bd59026c6366,smart,2026-03-01T09:00:00,True,3069.01
aa488cb0-d840-5d7d-a436-f50aba427a55,baseline,2026-01-18T07:47:10,False,0.00
aa488cb0-d840-5d7d-a436-f50aba427a55,smart,2026-01-18T07:47:10,False,0.00
cf97a064-0e1c-5103-a507-a492eca5028c,baseline,,False,0.00
cf97a064-0e1c-5103-a507-a492eca5028c,smart,,False,0.00
054274a6-bbdf-5b2b-9b96-7d42b73f1cfd,baseline,2026-01-27T17:09:24,False,0.00
054274a6-bbdf-5b2b-9b96-7d42b73f1cfd,smart,2026-02-01T09:00:00,True,7975.36
5a554f40-c284-5da9-9141-68b1330f4e51,baseline,2026-01-26T00:34:48,True,1825.26
5a554f40-c284-5da9-9141-68b1330f4e51,smart,2026-01-25T20:34:48,True,1825.26
de077c0b-b642-512a-b246-dc64bc880bd2,baseline,2026-02-24T07:39:28,True,1151.79
de077c0b-b642-512a-b246-dc64bc880bd2,smart,2026-02-24T07:39:28,True,1151.79
865d7f03-ed6c-5a30-8562-3b224a1f8629,baseline,2026-03-29T06:33:09,False,0.00
865d7f03-ed6c-5a30-8562-3b224a1f8629,smart,2026-04-01T09:00:00,False,0.00
7706f964-c35b-5d7d-bbb7-1df5e0fd865e,baseline,2026-02-26T16:01:39,True,1684.60
7706f964-c35b-5d7d-bbb7-1df5e0fd865e,smart,2026-03-01T09:00:00,False,0.00
8df5da95-f0b2-557e-a28a-34d59dd7b947,baseline,2026-02-01T15:46:19,True,4383.75
8df5da95-f0b2-557e-a28a-34d59dd7b947,smart,2026-02-01T11:46:19,True,4383.75
286fc08b-d253-5675-8cd5-620fe4d6ad7e,baseline,,False,0.00
286fc08b-d253-5675-8cd5-620fe4d6ad7e,smart,,False,0.00
431c6a8f-77d3-5007-8799-458cef0f8b18,baseline,2026-02-26T09:21:29,True,1138.70
431c6a8f-77d3-5007-8799-458cef0f8b18,smart,2026-03-01T09:00:00,False,0.00
a9376e95-ffdd-5ab2-8c56-d6e8f8ed57b8,baseline,2026-03-30T12:27:58,False,0.00
a9376e95-ffdd-5ab2-8c56-d6e8f8ed57b8,smart,2026-04-01T09:00:00,True,2228.52
bf1514aa-3c62-56c2-b55d-6a4ba10f4888,baseline,2026-03-18T08:59:53,False,0.00
bf1514aa-3c62-56c2-b55d-6a4ba10f4888,smart,2026-03-18T08:59:53,False,0.00
40af6ea9-5589-5311-bf6c-05a0fe3b54a4,baseline,2026-02-15T00:41:43,True,4968.54
40af6ea9-5589-5311-bf6c-05a0fe3b54a4,smart,2026-02-14T20:41:43,True,4968.54
eb39bb91-be3f-5e4a-b86a-2882dde412d8,baseline,2026-03-28T00:10:56,False,0.00
eb39bb91-be3f-5e4a-b86a-2882dde412d8,smart,2026-04-01T09:00:00,True,1812.98
a0dca394-d852-55ab-91ac-01c2e4c9a3ee,baseline,2026-02-27T15:19:21,False,0.00
a0dca394-d852-55ab-91ac-01c2e4c9a3ee,smart,2026-02-28T11:19:21,True,20358.44
a0a114a2-1063-59f9-8d46-c9fa959d20b5,baseline,2026-02-05T18:53:22,True,1016.51
a0a114a2-1063-59f9-8d46-c9fa959d20b5,smart,2026-03-01T09:00:00,False,0.00
d8c172c7-59b1-57c2-ab76-4b8842b468bb,baseline,2026-03-30T16:57:43,False,0.00
d8c172c7-59b1-57c2-ab76-4b8842b468bb,smart,2026-04-01T09:00:00,True,5871.74
13c0775f-eb6d-5bdf-bfa3-3baefd1d8b8f,baseline,,False,0.00
13c0775f-eb6d-5bdf-bfa3-3baefd1d8b8f,smart,,False,0.00
56b45e8c-73bb-5b79-adea-ea8f1d5edd00,baseline,2026-01-08T07:33:26,True,5323.91
56b45e8c-73bb-5b79-adea-ea8f1d5edd00,smart,2026-01-08T07:33:26,True,5323.91
4fa597b2-62ef-58c9-9c3e-365b0f8da366,baseline,2026-02-01T17:27:15,True,2282.43
4fa597b2-62ef-58c9-9c3e-365b0f8da366,smart,2026-02-01T13:27:15,True,2282.43
c8f26611-dd13-52a3-a251-2c99df80d6d0,baseline,,False,0.00
c8f26611-dd13-52a3-a251-2c99df80d6d0,smart,,False,0.00
71ca274c-7563-5ad6-90e0-0f623ef4fe64,baseline,,False,0.00
71ca274c-7563-5ad6-90e0-0f623ef4fe64,smart,,False,0.00
c7d27110-1359-5ff1-b7bb-82a3c94e63bc,baseline,2026-03-09T15:58:29,True,4851.22
c7d27110-1359-5ff1-b7bb-82a3c94e63bc,smart,2026-03-09T11:58:29,False,0.00
0f69dded-bf01-5800-9457-5e586f713bc0,baseline,2026-02-27T05:58:29,False,0.00
0f69dded-bf01-5800-9457-5e586f713bc0,smart,2026-03-01T09:00:00,False,0.00
744178ac-0a54-5b32-ae83-d5875376287f,baseline,2026-01-30T20:36:36,False,0.00
744178ac-0a54-5b32-ae83-d5875376287f,smart,2026-02-01T09:00:00,False,0.00
5cb97dc8-1773-5e1e-9452-575ab67fa5b1,baseline,,False,0.00
5cb97dc8-1773-5e1e-9452-575ab67fa5b1,smart,,False,0.00
3882e313-0287-53ba-be35-fb3682c0e711,baseline,2026-03-09T09:57:36,False,0.00
3882e313-0287-53ba-be35-fb3682c0e711,smart,2026-03-10T05:57:36,False,0.00
8f0edca7-9a7a-5886-945b-31dc811c3a5d,baseline,2026-03-07T23:49:14,False,0.00
8f0edca7-9a7a-5886-945b-31dc811c3a5d,smart,2026-03-07T19:49:14,True,2151.81
7ae2d912-cb48-5dba-9ccb-23f92e84a268,baseline,2026-01-25T17:28:11,False,0.00
7ae2d912-cb48-5dba-9ccb-23f92e84a268,smart,2026-01-25T13:28:11,True,3520.05
2827b343-9b2a-55cd-ac53-5f185c2d7ee1,baseline,2026-03-28T02:35:58,True,596.90
2827b343-9b2a-55cd-ac53-5f185c2d7ee1,smart,2026-04-01T09:00:00,True,596.90
2ccd119d-c0c0-5761-972a-347cade6b456,baseline,2026-01-23T00:38:10,False,0.00
2ccd119d-c0c0-5761-972a-347cade6b456,smart,2026-01-22T20:38:10,True,4200.42
e5179dc6-6005-5bb8-ba26-227db46c863c,baseline,2026-02-08T08:50:09,True,1453.58
e5179dc6-6005-5bb8-ba26-227db46c863c,smart,2026-02-08T08:50:09,True,1453.58
436b803b-a995-538d-afc7-bc4c42e2c80d,baseline,2026-03-26T21:07:32,True,1208.85
436b803b-a995-538d-afc7-bc4c42e2c80d,smart,2026-04-01T09:00:00,True,1208.85
11222eee-90e1-578c-859c-8c42a037048e,baseline,,False,0.00
11222eee-90e1-578c-859c-8c42a037048e,smart,,False,0.00
2bad324c-2f0d-5075-bedb-cd8c0597418c,baseline,2026-03-18T07:20:19,False,0.00
2bad324c-2f0d-5075-bedb-cd8c0597418c,smart,2026-03-18T07:20:19,False,0.00
f00a803d-1831-56be-94c7-77d288ca0f45,baseline,2026-03-31T00:53:34,False,0.00
f00a803d-1831-56be-94c7-77d288ca0f45,smart,2026-04-01T09:00:00,True,1079.58
1049c6a5-fe88-51fe-8ae5-535640396a83,baseline,2026-03-10T15:53:34,True,3777.81
1049c6a5-fe88-51fe-8ae5-535640396a83,smart,2026-03-10T11:53:34,False,0.00
a89546ff-9f16-558c-b92d-dbc683f2fa07,baseline,2026-01-18T00:13:36,False,0.00
a89546ff-9f16-558c-b92d-dbc683f2fa07,smart,2026-01-17T20:13:36,True,5351.35
ce4528b7-5684-5f52-aa21-1de65ad3b998,baseline,,False,0.00
ce4528b7-5684-5f52-aa21-1de65ad3b998,smart,,False,0.00
8b0f2c19-f11a-54f9-8e22-d2b21383312e,baseline,2026-03-13T23:02:18,False,0.00
8b0f2c19-f11a-54f9-8e22-d2b21383312e,smart,2026-03-13T19:02:18,True,8287.08
9b147074-4aba-5f7d-a3f9-a413c35a0e89,baseline,2026-03-22T01:34:26,False,0.00
9b147074-4aba-5f7d-a3f9-a413c35a0e89,smart,2026-03-22T21:34:26,False,0.00
dc69a9da-2afa-5ffd-94a2-9532f87ab9b9,baseline,2026-01-05T01:37:12,False,0.00
dc69a9da-2afa-5ffd-94a2-9532f87ab9b9,smart,2026-02-01T09:00:00,False,0.00
4b78d6b7-f965-537b-846c-5e8f34cdcf78,baseline,2026-02-23T23:47:54,False,0.00
4b78d6b7-f965-537b-846c-5e8f34cdcf78,smart,2026-02-23T19:47:54,False,0.00
1d41af05-c607-5e9b-a981-44e99e37d927,baseline,2026-01-23T05:02:29,False,0.00
1d41af05-c607-5e9b-a981-44e99e37d927,smart,2026-01-24T01:02:29,False,0.00
afe23ff3-23fa-562b-b0b6-384181feda44,baseline,,False,0.00
afe23ff3-23fa-562b-b0b6-384181feda44,smart,,False,0.00
5dd07b50-1c63-5d15-aa6e-873107b5d21b,baseline,,False,0.00
5dd07b50-1c63-5d15-aa6e-873107b5d21b,smart,,False,0.00
2e5b0c5b-acda-5957-924e-b351c3ba31e4,baseline,2026-02-01T03:52:04,True,3870.92
2e5b0c5b-acda-5957-924e-b351c3ba31e4,smart,2026-02-01T09:00:00,True,3870.92
7e705f44-706d-529b-90cc-48dec786edc2,baseline,,False,0.00
7e705f44-706d-529b-90cc-48dec786edc2,smart,,False,0.00
80913a1a-aaa2-5215-9088-175a5893629b,baseline,2026-03-08T07:11:57,False,0.00
80913a1a-aaa2-5215-9088-175a5893629b,smart,2026-03-08T07:11:57,False,0.00
131c1094-fe59-560a-a1e8-0ab5a1d5f2eb,baseline,,False,0.00
131c1094-fe59-560a-a1e8-0ab5a1d5f2eb,smart,,False,0.00
f4a81dc9-32bf-524b-bc72-4d3743023d43,baseline,2026-02-27T15:41:20,False,0.00
f4a81dc9-32bf-524b-bc72-4d3743023d43,smart,2026-02-27T11:41:20,False,0.00
d5812632-7e11-5f45-bc35-806728962c26,baseline,2026-02-07T17:11:41,False,0.00
d5812632-7e11-5f45-bc35-806728962c26,smart,2026-02-07T13:11:41,False,0.00
eedc310e-b018-50d7-ba2e-960ddc19584a,baseline,2026-01-16T09:06:23,True,31631.01
eedc310e-b018-50d7-ba2e-960ddc19584a,smart,2026-01-17T05:06:23,True,31631.01
0ca91590-74f2-52b5-b0b8-d409a1c94601,baseline,2026-01-31T17:59:47,True,2974.40
0ca91590-74f2-52b5-b0b8-d409a1c94601,smart,2026-02-01T09:00:00,True,2974.40
b0304135-c27a-5dcc-902f-ad6918f82dd8,baseline,,False,0.00
b0304135-c27a-5dcc-902f-ad6918f82dd8,smart,,False,0.00
d5a5f3d1-fae4-550b-a239-230690536a96,baseline,2026-03-29T11:05:33,False,0.00
d5a5f3d1-fae4-550b-a239-230690536a96,smart,2026-04-01T09:00:00,True,3699.66
29e72da5-29b5-5e8c-86e7-0072d7468485,baseline,2026-03-27T00:04:20,False,0.00
29e72da5-29b5-5e8c-86e7-0072d7468485,smart,2026-04-01T09:00:00,True,1211.38
c2ef2a5d-b52f-55cf-85c9-4bcf2f5eb1f4,baseline,,False,0.00
c2ef2a5d-b52f-55cf-85c9-4bcf2f5eb1f4,smart,,False,0.00
b439c6da-f523-593b-b82c-c4fa33371992,baseline,2026-03-21T04:51:45,False,0.00
b439c6da-f523-593b-b82c-c4fa33371992,smart,2026-03-21T00:51:45,True,4198.83
e2f72ef5-faca-5962-a592-0bde8aab38c0,baseline,2026-01-29T00:35:41,False,0.00
e2f72ef5-faca-5962-a592-0bde8aab38c0,smart,2026-02-01T09:00:00,True,894.79
b67e6dcd-e851-5f74-85bb-de44e6b4ab90,baseline,2026-01-08T08:22:51,False,0.00
b67e6dcd-e851-5f74-85bb-de44e6b4ab90,smart,2026-01-08T08:22:51,False,0.00
cb56fab7-bce5-5cf6-a86a-7b35be8901c3,baseline,,False,0.00
cb56fab7-bce5-5cf6-a86a-7b35be8901c3,smart,,False,0.00
e48b1295-90d3-57e6-968f-fc8177e2cd22,baseline,2026-03-21T17:55:55,False,0.00
e48b1295-90d3-57e6-968f-fc8177e2cd22,smart,2026-03-22T13:55:55,False,0.00
0ddadb89-a98e-54e6-ad8f-b1e27bdb7202,baseline,2026-01-29T09:43:04,False,0.00
0ddadb89-a98e-54e6-ad8f-b1e27bdb7202,smart,2026-02-01T09:00:00,True,2204.86
8d4314e0-1962-52d7-a2e3-cbd5adc8328f,baseline,2026-01-24T07:23:51,False,0.00
8d4314e0-1962-52d7-a2e3-cbd5adc8328f,smart,2026-01-24T07:23:51,False,0.00
cc6bb1c5-ae70-5a1d-8879-9299d7183f48,baseline,2026-03-30T20:47:35,False,0.00
cc6bb1c5-ae70-5a1d-8879-9299d7183f48,smart,2026-04-01T09:00:00,True,2773.04
59c8f6e6-455d-55e3-af71-8b1a73ce0324,baseline,,False,0.00
59c8f6e6-455d-55e3-af71-8b1a73ce0324,smart,,False,0.00
83b8af0e-f8f0-5d35-bf70-f92b5f327e57,baseline,,False,0.00
83b8af0e-f8f0-5d35-bf70-f92b5f327e57,smart,,False,0.00
3b6b4ce0-5955-567b-a74f-5c29628a534c,baseline,2026-01-12T01:10:47,False,0.00
3b6b4ce0-5955-567b-a74f-5c29628a534c,smart,2026-01-11T21:10:47,False,0.00
686a49da-91ac-5ec9-9675-8383a5cab89d,baseline,,False,0.00
686a49da-91ac-5ec9-9675-8383a5cab89d,smart,,False,0.00
9462bf63-c0da-51ed-a2cf-bdf924553cd3,baseline,2026-03-31T00:42:37,True,7134.86
9462bf63-c0da-51ed-a2cf-bdf924553cd3,smart,2026-03-30T20:42:37,True,7134.86
c76a2471-2e5c-5b95-bf81-566567badab6,baseline,,False,0.00
c76a2471-2e5c-5b95-bf81-566567badab6,smart,,False,0.00
75b6ebda-765a-5474-9434-6eb666363f14,baseline,,False,0.00
75b6ebda-765a-5474-9434-6eb666363f14,smart,,False,0.00
6d8d5e03-afd0-502c-97d6-77a108036da1,baseline,2026-03-22T01:43:17,True,22039.20
6d8d5e03-afd0-502c-97d6-77a108036da1,smart,2026-03-22T21:43:17,True,22039.20
80923ded-d183-58cb-9384-dd8b5ac28889,baseline,,False,0.00
80923ded-d183-58cb-9384-dd8b5ac28889,smart,,False,0.00
ba6d6705-dc6d-58fa-9e02-5e52ed8117f8,baseline,2026-03-24T08:43:46,True,2967.67
ba6d6705-dc6d-58fa-9e02-5e52ed8117f8,smart,2026-03-24T08:43:46,True,2967.67
9d5f3993-b26c-5fa0-a831-348f74ab2fe7,baseline,2026-02-28T23:42:21,True,2361.17
9d5f3993-b26c-5fa0-a831-348f74ab2fe7,smart,2026-03-01T09:00:00,False,0.00
dc314bac-9657-5f01-84f0-3d62da4c9084,baseline,,False,0.00
dc314bac-9657-5f01-84f0-3d62da4c9084,smart,,False,0.00
9b802809-14c6-5cff-b5e4-a45e2d0e4298,baseline,2026-03-31T20:04:16,False,0.00
9b802809-14c6-5cff-b5e4-a45e2d0e4298,smart,2026-04-01T09:00:00,True,514.65
34252400-c94e-5786-9ce8-4f5abf3b6775,baseline,2026-01-18T15:04:42,False,0.00
34252400-c94e-5786-9ce8-4f5abf3b6775,smart,2026-01-18T11:04:42,False,0.00
6ab7c6e0-b0f8-520a-8dd7-a81cdf2a3bdf,baseline,2026-01-31T15:02:35,True,1518.26
6ab7c6e0-b0f8-520a-8dd7-a81cdf2a3bdf,smart,2026-02-01T09:00:00,False,0.00
8643c25c-35f8-58f6-83e8-0b7f0051655d,baseline,,False,0.00
8643c25c-35f8-58f6-83e8-0b7f0051655d,smart,,False,0.00
6c2dce8c-8612-55a2-863b-b38ebf02e4a2,baseline,,False,0.00
6c2dce8c-8612-55a2-863b-b38ebf02e4a2,smart,,False,0.00
b0219dc8-f410-5df4-a2e0-a4330cf2edd1,baseline,2026-03-30T00:28:48,True,2581.73
b0219dc8-f410-5df4-a2e0-a4330cf2edd1,smart,2026-04-01T09:00:00,False,0.00
2d606cfb-b72b-57f1-9a13-1b9ef6c88079,baseline,,False,0.00
2d606cfb-b72b-57f1-9a13-1b9ef6c88079,smart,,False,0.00
550c4bb5-4a89-51b5-ac5b-a7e60d09619a,baseline,2026-01-02T15:25:46,False,0.00
550c4bb5-4a89-51b5-ac5b-a7e60d09619a,smart,2026-01-03T11:25:46,False,0.00
b7eac293-56d1-5c18-84da-9539f78f4b0a,baseline,2026-01-08T08:32:45,True,1487.89
b7eac293-56d1-5c18-84da-9539f78f4b0a,smart,2026-01-08T08:32:45,True,1487.89
3f8c3850-a061-5ed5-a381-fca681c47ad4,baseline,,False,0.00
3f8c3850-a061-5ed5-a381-fca681c47ad4,smart,,False,0.00
340ce601-46fa-5f59-a77b-cef44ee2c97c,baseline,,False,0.00
340ce601-46fa-5f59-a77b-cef44ee2c97c,smart,,False,0.00
49fe84c7-9192-558c-8392-85f955f65002,baseline,,False,0.00
49fe84c7-9192-558c-8392-85f955f65002,smart,,False,0.00
3e5d42f3-4245-55ab-8922-9241b84d0450,baseline,2026-01-30T00:00:17,False,0.00
3e5d42f3-4245-55ab-8922-9241b84d0450,smart,2026-02-01T09:00:00,False,0.00
04f8337a-80da-5920-91a6-d716232cc64a,baseline,2026-03-08T01:20:00,True,1556.38
04f8337a-80da-5920-91a6-d716232cc64a,smart,2026-03-07T21:20:00,True,1556.38
7f5eebf9-61ea-5bac-bca3-45faa6c94892,baseline,2026-03-08T08:02:29,True,1791.35
7f5eebf9-61ea-5bac-bca3-45faa6c94892,smart,2026-03-08T08:02:29,True,1791.35
f63063db-9a06-565c-b59c-ad0d0bfe6645,baseline,2026-01-12T20:07:15,True,3897.97
f63063db-9a06-565c-b59c-ad0d0bfe6645,smart,2026-01-12T20:07:15,True,3897.97
af662536-2a6d-577f-97ea-1765d41a76a2,baseline,2026-02-24T08:26:14,True,2779.65
af662536-2a6d-577f-97ea-1765d41a76a2,smart,2026-02-24T08:26:14,True,2779.65
e36b1352-ebb2-536f-9f69-d67e5b9ef79e,baseline,,False,0.00
e36b1352-ebb2-536f-9f69-d67e5b9ef79e,smart,,False,0.00
92a689d4-b389-5b05-bb2b-cf6ea86ba9ad,baseline,2026-01-03T17:45:56,True,872.59
92a689d4-b389-5b05-bb2b-cf6ea86ba9ad,smart,2026-02-01T09:00:00,True,872.59
9e3cd5b1-1b4a-57ac-b496-3972cee59434,baseline,2026-02-16T00:45:45,True,2978.05
9e3cd5b1-1b4a-57ac-b496-3972cee59434,smart,2026-02-15T20:45:45,True,2978.05
96f7d8b6-d0e0-5e2c-9dbf-e5ed42caf1c7,baseline,2026-03-02T16:59:09,False,0.00
96f7d8b6-d0e0-5e2c-9dbf-e5ed42caf1c7,smart,2026-04-01T09:00:00,True,836.45
fdeb55a8-9b88-503c-908b-013536d8f94f,baseline,2026-03-01T00:47:35,True,621.51
fdeb55a8-9b88-503c-908b-013536d8f94f,smart,2026-03-01T09:00:00,True,621.51
cc1ce4a9-0359-5d4a-b6e4-3eb665102875,baseline,2026-01-30T17:43:22,False,0.00
cc1ce4a9-0359-5d4a-b6e4-3eb665102875,smart,2026-02-01T09:00:00,False,0.00
840034d0-d4f0-5052-a96d-192b8aa8f2dc,baseline,2026-02-20T09:45:51,True,19101.82
840034d0-d4f0-5052-a96d-192b8aa8f2dc,smart,2026-02-21T05:45:51,False,0.00
d56f12f9-ece1-5c6e-ba0b-d8ee6766a629,baseline,2026-03-13T17:28:54,False,0.00
d56f12f9-ece1-5c6e-ba0b-d8ee6766a629,smart,2026-03-13T13:28:54,False,0.00
552dc981-7f01-506d-baea-32b72cc56fa5,baseline,,False,0.00
552dc981-7f01-506d-baea-32b72cc56fa5,smart,,False,0.00
7870529d-98e5-5c03-a9ed-a367625d8eec,baseline,2026-03-28T19:44:04,False,0.00
7870529d-98e5-5c03-a9ed-a367625d8eec,smart,2026-04-01T09:00:00,True,779.60
77b0618e-09cf-5b88-b3fb-d4efa05c6079,baseline,2026-03-28T12:27:33,False,0.00
77b0618e-09cf-5b88-b3fb-d4efa05c6079,smart,2026-04-01T09:00:00,False,0.00
dc628419-629f-5c8a-836d-d68d698fb858,baseline,2026-01-31T16:33:07,False,0.00
dc628419-629f-5c8a-836d-d68d698fb858,smart,2026-02-01T09:00:00,True,2110.28
c5a77a6b-7806-5c96-8be5-7e1a773ed9a8,baseline,2026-03-09T15:49:43,False,0.00
c5a77a6b-7806-5c96-8be5-7e1a773ed9a8,smart,2026-03-09T11:49:43,False,0.00
12b20ea0-3d59-520c-ab68-bdb5d1774ffb,baseline,,False,0.00
12b20ea0-3d59-520c-ab68-bdb5d1774ffb,smart,,False,0.00
a08f26a6-c250-5013-8458-8b9cb25a38cf,baseline,,False,0.00
a08f26a6-c250-5013-8458-8b9cb25a38cf,smart,,False,0.00
10e39bb0-157f-5a33-91d5-38524d2257a7,baseline,2026-01-01T15:50:05,True,4522.46
10e39bb0-157f-5a33-91d5-38524d2257a7,smart,2026-01-01T11:50:05,False,0.00
c1e1c84b-1422-5c06-90ac-de2cac5df6dc,baseline,,False,0.00
c1e1c84b-1422-5c06-90ac-de2cac5df6dc,smart,,False,0.00
1e6d8ffe-bdae-5ebf-ba20-a70b054e13b7,baseline,,False,0.00
1e6d8ffe-bdae-5ebf-ba20-a70b054e13b7,smart,,False,0.00
ef0703d4-145d-59e3-9a30-ca7184d15528,baseline,2026-03-14T20:11:28,False,0.00
ef0703d4-145d-59e3-9a30-ca7184d15528,smart,2026-03-14T16:11:28,False,0.00
f82e7dbc-a26a-53e3-9bbc-771a003cbf56,baseline,2026-01-16T17:02:27,True,1255.38
f82e7dbc-a26a-53e3-9bbc-771a003cbf56,smart,2026-01-16T13:02:27,False,0.00
48f82abf-0edb-5a6e-958e-4ea7957bb1c1,baseline,,False,0.00
48f82abf-0edb-5a6e-958e-4ea7957bb1c1,smart,,False,0.00
886220a5-b007-5aea-9319-c80c3aba3d6b,baseline,,False,0.00
886220a5-b007-5aea-9319-c80c3aba3d6b,smart,,False,0.00
c5d37a44-7abe-55c3-96f1-7fac7c74f591,baseline,2026-02-11T15:12:42,False,0.00
c5d37a44-7abe-55c3-96f1-7fac7c74f591,smart,2026-02-11T11:12:42,False,0.00
4311840a-0fb4-5f09-96ad-81c754c6949b,baseline,2026-02-24T07:57:33,True,2964.86
4311840a-0fb4-5f09-96ad-81c754c6949b,smart,2026-02-24T07:57:33,True,2964.86
46f95d08-c326-5a1d-97f6-c1aae5dc5f5b,baseline,2026-02-24T08:17:26,False,0.00
46f95d08-c326-5a1d-97f6-c1aae5dc5f5b,smart,2026-02-24T08:17:26,False,0.00
877deda6-bab4-54d7-92bd-032b1fbc82f9,baseline,2026-01-05T09:07:32,False,0.00
877deda6-bab4-54d7-92bd-032b1fbc82f9,smart,2026-01-06T05:07:32,False,0.00
0b03b5c8-2996-5e71-a4fb-ec49e48c6679,baseline,,False,0.00
0b03b5c8-2996-5e71-a4fb-ec49e48c6679,smart,,False,0.00
540f8e90-b602-51bc-b608-15a2057dcce6,baseline,2026-01-26T15:24:10,True,3945.29
540f8e90-b602-51bc-b608-15a2057dcce6,smart,2026-02-01T09:00:00,False,0.00
41d23ee0-9d21-5007-a73b-9feed410b25f,baseline,2026-03-28T21:17:55,False,0.00
41d23ee0-9d21-5007-a73b-9feed410b25f,smart,2026-04-01T09:00:00,True,3843.62
e54133e3-bc3d-56da-a39f-667f08d0c434,baseline,2026-03-02T01:09:46,False,0.00
e54133e3-bc3d-56da-a39f-667f08d0c434,smart,2026-03-02T21:09:46,False,0.00
c3099085-e085-5edb-ad7e-d0f99f403358,baseline,,False,0.00
c3099085-e085-5edb-ad7e-d0f99f403358,smart,,False,0.00
10c27f09-e845-5313-a5aa-390d47fbd5e0,baseline,,False,0.00
10c27f09-e845-5313-a5aa-390d47fbd5e0,smart,,False,0.00
d702d577-76f0-58df-89a3-7ddb0ad1e71d,baseline,2026-03-31T10:57:29,False,0.00
d702d577-76f0-58df-89a3-7ddb0ad1e71d,smart,2026-04-01T09:00:00,True,1032.07
8ec46854-81f6-5435-9ae9-33b86eabd271,baseline,2026-02-08T07:40:32,True,815.39
8ec46854-81f6-5435-9ae9-33b86eabd271,smart,2026-02-08T07:40:32,True,815.39
dfc33c93-c134-5f97-b75e-44c0fd5b4527,baseline,2026-02-23T20:21:00,True,12190.08
dfc33c93-c134-5f97-b75e-44c0fd5b4527,smart,2026-02-24T16:21:00,False,0.00
1d223b35-9707-5c39-af51-b84806fb537d,baseline,2026-03-28T23:31:25,True,2128.04
1d223b35-9707-5c39-af51-b84806fb537d,smart,2026-04-01T09:00:00,True,2128.04
c99260f4-6383-58b5-8c01-22328270d2b2,baseline,2026-03-18T01:19:14,True,17846.67
c99260f4-6383-58b5-8c01-22328270d2b2,smart,2026-03-18T21:19:14,False,0.00
fb8f6f05-4d72-5ab3-accb-2cbc94d9c48c,baseline,2026-03-20T15:36:23,True,508.05
fb8f6f05-4d72-5ab3-accb-2cbc94d9c48c,smart,2026-03-20T11:36:23,True,508.05
70e8057d-f567-5123-a5d7-704af1d12825,baseline,2026-01-29T20:06:06,False,0.00
70e8057d-f567-5123-a5d7-704af1d12825,smart,2026-02-01T09:00:00,False,0.00
4a949462-1edf-5154-af35-31bc1d4fa7b0,baseline,,False,0.00
4a949462-1edf-5154-af35-31bc1d4fa7b0,smart,,False,0.00
5134914e-f01e-508f-97e5-1efd3e62de40,baseline,2026-03-25T03:54:48,False,0.00
5134914e-f01e-508f-97e5-1efd3e62de40,smart,2026-03-24T23:54:48,False,0.00
bd4f9ec8-5275-5a93-937e-2a163ada9137,baseline,,False,0.00
bd4f9ec8-5275-5a93-937e-2a163ada9137,smart,,False,0.00
63e8f602-97a8-5f3c-9c83-84d9536e65b9,baseline,,False,0.00
63e8f602-97a8-5f3c-9c83-84d9536e65b9,smart,,False,0.00
bac5b5d8-63fa-5484-9e5b-ddf137e208f2,baseline,2026-02-24T08:41:06,True,8452.73
bac5b5d8-63fa-5484-9e5b-ddf137e208f2,smart,2026-02-24T08:41:06,True,8452.73
946497b8-33f3-5e8c-ad64-12ef0f7f089d,baseline,2026-01-29T16:41:01,False,0.00
946497b8-33f3-5e8c-ad64-12ef0f7f089d,smart,2026-02-01T09:00:00,False,0.00
6db4b0a4-9783-50f2-83d0-bad4028251a8,baseline,,False,0.00
6db4b0a4-9783-50f2-83d0-bad4028251a8,smart,,False,0.00
6fdd774b-a5bd-58d6-856f-f7f12b53208b,baseline,2026-02-23T15:28:35,False,0.00
6fdd774b-a5bd-58d6-856f-f7f12b53208b,smart,2026-02-24T11:28:35,False,0.00
b60798cd-205e-5b9b-8862-05389141d768,baseline,,False,0.00
b60798cd-205e-5b9b-8862-05389141d768,smart,,False,0.00
19f474c5-5b70-5f53-994a-f4f99b669e36,baseline,2026-01-30T16:40:02,False,0.00
19f474c5-5b70-5f53-994a-f4f99b669e36,smart,2026-02-01T09:00:00,True,1305.53
52edf872-c332-57ca-9cbb-0d7f8f4f9771,baseline,2026-01-29T01:53:58,False,0.00
52edf872-c332-57ca-9cbb-0d7f8f4f9771,smart,2026-02-01T09:00:00,True,2426.30
79f5f6d1-2103-50fa-b6d2-2dd08d500b7b,baseline,2026-03-28T16:02:58,True,1614.40
79f5f6d1-2103-50fa-b6d2-2dd08d500b7b,smart,2026-04-01T09:00:00,False,0.00
5afad559-0ff1-5cd9-b2ae-374d85b5f529,baseline,2026-03-27T11:15:23,False,0.00
5afad559-0ff1-5cd9-b2ae-374d85b5f529,smart,2026-04-01T09:00:00,True,381.15
0be6a654-bb1a-5b6e-bd36-d3752eaaacc7,baseline,2026-02-12T17:38:28,False,0.00
0be6a654-bb1a-5b6e-bd36-d3752eaaacc7,smart,2026-02-12T13:38:28,False,0.00
0d02f15d-31b4-5799-9127-9d2965fe40ac,baseline,2026-03-28T17:03:25,True,1773.23
0d02f15d-31b4-5799-9127-9d2965fe40ac,smart,2026-04-01T09:00:00,True,1773.23
8f453e86-291f-5016-ae3f-9341e6def280,baseline,2026-01-26T10:39:24,True,3825.28
8f453e86-291f-5016-ae3f-9341e6def280,smart,2026-02-01T09:00:00,True,3825.28
4628fe40-75ce-586c-8f48-9d4d6199774f,baseline,2026-03-08T16:13:13,False,0.00
4628fe40-75ce-586c-8f48-9d4d6199774f,smart,2026-03-08T12:13:13,False,0.00
69260c15-aa43-5315-b9db-4c0c3c2aed1d,baseline,,False,0.00
69260c15-aa43-5315-b9db-4c0c3c2aed1d,smart,,False,0.00
5bf2ad81-4aae-5f65-aa11-1fe93f56838a,baseline,2026-02-28T16:22:47,False,0.00
5bf2ad81-4aae-5f65-aa11-1fe93f56838a,smart,2026-03-01T09:00:00,False,0.00
cbe7244b-f697-5a87-a6d2-e6fb9f079ce5,baseline,2026-03-27T23:01:51,True,1004.46
cbe7244b-f697-5a87-a6d2-e6fb9f079ce5,smart,2026-04-01T09:00:00,False,0.00
7213b568-81f5-5af4-89ea-00813ff2de14,baseline,2026-01-30T21:55:04,True,1562.31
7213b568-81f5-5af4-89ea-00813ff2de14,smart,2026-02-01T09:00:00,True,1562.31
64f13866-f307-5692-971f-f8a28d919f93,baseline,,False,0.00
64f13866-f307-5692-971f-f8a28d919f93,smart,,False,0.00
6c6b0726-9296-5212-998d-f3f71571c67b,baseline,2026-03-04T23:57:22,False,0.00
6c6b0726-9296-5212-998d-f3f71571c67b,smart,2026-04-01T09:00:00,True,2076.14
a79542c4-6416-51d2-a236-b281181b3caf,baseline,,False,0.00
a79542c4-6416-51d2-a236-b281181b3caf,smart,,False,0.00
de2db4c1-c051-520a-9a5b-d892f162d05a,baseline,2026-01-18T07:46:26,True,12000.00
de2db4c1-c051-520a-9a5b-d892f162d05a,smart,2026-01-18T07:46:26,True,12000.00
bc8e6fd0-e591-5683-9dac-f99481172079,baseline,,False,0.00
bc8e6fd0-e591-5683-9dac-f99481172079,smart,,False,0.00
7da74e97-9191-54a4-8ce2-6f228d46248c,baseline,2026-03-30T16:18:37,False,0.00
7da74e97-9191-54a4-8ce2-6f228d46248c,smart,2026-04-01T09:00:00,True,746.65
a6c9a734-ea46-588c-9e5e-6f0d401843bc,baseline,,False,0.00
a6c9a734-ea46-588c-9e5e-6f0d401843bc,smart,,False,0.00
b7b90d26-4014-5405-b89c-bf3c7979291a,baseline,,False,0.00
b7b90d26-4014-5405-b89c-bf3c7979291a,smart,,False,0.00
ed2de328-e2df-5d4e-8bb0-01e87f1c5c5f,baseline,,False,0.00
ed2de328-e2df-5d4e-8bb0-01e87f1c5c5f,smart,,False,0.00
b1afc94d-ec19-5c36-9d11-55db77777a36,baseline,2026-01-18T08:20:56,True,1150.39
b1afc94d-ec19-5c36-9d11-55db77777a36,smart,2026-01-18T08:20:56,True,1150.39
f9059b02-9bad-5638-8789-f3744c4c5c74,baseline,2026-03-16T01:08:26,False,0.00
f9059b02-9bad-5638-8789-f3744c4c5c74,smart,2026-03-15T21:08:26,False,0.00
542c8091-8193-5e7d-9a4c-e75e012e7f91,baseline,2026-02-15T15:15:24,True,2017.02
542c8091-8193-5e7d-9a4c-e75e012e7f91,smart,2026-02-15T11:15:24,False,0.00
2859b77d-3f90-58db-adb5-50166842b5aa,baseline,2026-01-29T11:45:01,False,0.00
2859b77d-3f90-58db-adb5-50166842b5aa,smart,2026-02-01T09:00:00,False,0.00
c20ef9e9-a90e-5cfb-9e7f-5a41b79ee478,baseline,,False,0.00
c20ef9e9-a90e-5cfb-9e7f-5a41b79ee478,smart,,False,0.00
30a6ddcf-811f-59dc-8c9e-37efb237070c,baseline,2026-02-27T06:54:50,False,0.00
30a6ddcf-811f-59dc-8c9e-37efb237070c,smart,2026-03-01T09:00:00,True,2531.21
3e08c3b3-a51c-56f9-8cfe-39359412a102,baseline,2026-01-28T16:11:57,False,0.00
3e08c3b3-a51c-56f9-8cfe-39359412a102,smart,2026-02-01T09:00:00,True,1559.41
cdd39a00-5677-5ef6-aef5-db552b073adb,baseline,,False,0.00
cdd39a00-5677-5ef6-aef5-db552b073adb,smart,,False,0.00
1403f779-0b2c-5bf6-9148-2c92d3fe00af,baseline,2026-02-10T16:56:37,False,0.00
1403f779-0b2c-5bf6-9148-2c92d3fe00af,smart,2026-02-11T12:56:37,False,0.00
373ee90b-b77a-5cd8-b2f5-f61d763fc629,baseline,2026-02-11T17:12:54,True,1471.08
373ee90b-b77a-5cd8-b2f5-f61d763fc629,smart,2026-02-11T13:12:54,True,1471.08
fc0284a9-a4b2-5a3a-ae92-f4067b786870,baseline,2026-01-30T23:16:02,True,5224.99
fc0284a9-a4b2-5a3a-ae92-f4067b786870,smart,2026-02-01T09:00:00,True,5224.99
c3c00c01-19d1-51a9-8a7b-1edde0a58219,baseline,,False,0.00
c3c00c01-19d1-51a9-8a7b-1edde0a58219,smart,,False,0.00
92817380-df64-5f00-969b-3002c825562d,baseline,2026-03-31T07:15:00,True,1884.64
92817380-df64-5f00-969b-3002c825562d,smart,2026-04-01T09:00:00,False,0.00
bc4301a5-19e6-5713-b6b9-d6b291104360,baseline,2026-01-31T01:31:41,False,0.00
bc4301a5-19e6-5713-b6b9-d6b291104360,smart,2026-02-01T09:00:00,True,3150.41
7a170cc1-09e3-506a-8a95-c6314ab6acc4,baseline,2026-02-01T01:22:08,False,0.00
7a170cc1-09e3-506a-8a95-c6314ab6acc4,smart,2026-02-01T09:00:00,False,0.00
e4f12a94-97b9-583e-9595-fde0a9b3ce26,baseline,2026-03-03T15:51:14,True,2906.15
e4f12a94-97b9-583e-9595-fde0a9b3ce26,smart,2026-03-03T11:51:14,True,2906.15
f2f6d3e4-ad4f-5e88-842f-4e5e22987af3,baseline,2026-01-13T16:37:05,True,1315.74
f2f6d3e4-ad4f-5e88-842f-4e5e22987af3,smart,2026-01-13T12:37:05,True,1315.74
9cee909c-99d9-5ba8-a46e-bfbd74e18e1f,baseline,2026-01-08T13:15:25,False,0.00
9cee909c-99d9-5ba8-a46e-bfbd74e18e1f,smart,2026-01-08T09:15:25,False,0.00
3721909d-b1bc-5d1a-8fbf-c306dea6c1b2,baseline,,False,0.00
3721909d-b1bc-5d1a-8fbf-c306dea6c1b2,smart,,False,0.00
2148a766-0d36-5a3d-bcc9-82cd1bdda3b3,baseline,2026-01-09T17:55:40,True,3169.46
2148a766-0d36-5a3d-bcc9-82cd1bdda3b3,smart,2026-01-09T13:55:40,True,3169.46
9fde0f2f-de08-51bb-bb0b-18f8623d0bfd,baseline,2026-01-29T13:43:38,False,0.00
9fde0f2f-de08-51bb-bb0b-18f8623d0bfd,smart,2026-02-01T09:00:00,True,1773.85
c27fdfca-edd1-5f87-b12a-187e7f675167,baseline,2026-01-27T17:33:29,True,1660.83
c27fdfca-edd1-5f87-b12a-187e7f675167,smart,2026-01-27T13:33:29,True,1660.83
b8503881-3427-5b37-918f-276e06d9a0e0,baseline,2026-01-20T11:14:52,False,0.00
b8503881-3427-5b37-918f-276e06d9a0e0,smart,2026-01-20T07:14:52,False,0.00
661bb0c8-752c-53a4-888a-e5c386512a2f,baseline,,False,0.00
661bb0c8-752c-53a4-888a-e5c386512a2f,smart,,False,0.00
9c8c34a6-4c52-5b12-9112-d82098d14316,baseline,2026-01-24T08:17:39,False,0.00
9c8c34a6-4c52-5b12-9112-d82098d14316,smart,2026-01-24T08:17:39,False,0.00
899552f4-aae7-5232-b02a-f9c5b5f2ef8c,baseline,2026-03-17T00:25:26,True,1516.11
899552f4-aae7-5232-b02a-f9c5b5f2ef8c,smart,2026-03-16T20:25:26,True,1516.11
bf7b9bff-dafb-558a-b83e-8887d05cdc52,baseline,,False,0.00
bf7b9bff-dafb-558a-b83e-8887d05cdc52,smart,,False,0.00
a3a11dae-afa5-53cf-8d76-b2936ef11a1d,baseline,2026-01-18T11:47:22,False,0.00
a3a11dae-afa5-53cf-8d76-b2936ef11a1d,smart,2026-01-18T07:47:22,False,0.00
1a570050-b16d-5301-b01f-8606a5ec0a91,baseline,2026-01-20T17:23:26,False,0.00
1a570050-b16d-5301-b01f-8606a5ec0a91,smart,2026-01-20T13:23:26,False,0.00
f7e6668a-c0a2-5b52-a547-52b6dddf9a23,baseline,2026-02-22T09:37:11,True,17183.35
f7e6668a-c0a2-5b52-a547-52b6dddf9a23,smart,2026-02-23T05:37:11,True,17183.35
3643a5d2-827f-5031-9f4a-c1279e1160ea,baseline,,False,0.00
3643a5d2-827f-5031-9f4a-c1279e1160ea,smart,,False,0.00
57f420d8-0120-5547-9f4b-3b26ea173e18,baseline,,False,0.00
57f420d8-0120-5547-9f4b-3b26ea173e18,smart,,False,0.00
150f78b7-9f12-5ecb-a687-7607a7450e93,baseline,2026-03-26T23:40:58,False,0.00
150f78b7-9f12-5ecb-a687-7607a7450e93,smart,2026-04-01T09:00:00,False,0.00
a3bbfcb6-4dfe-577b-be7e-ec713db647b0,baseline,2026-03-18T08:57:30,True,2348.59
a3bbfcb6-4dfe-577b-be7e-ec713db647b0,smart,2026-03-18T08:57:30,True,2348.59
2bdcc243-6187-5374-9e1e-33e9f3f5f3f1,baseline,2026-01-20T01:46:52,True,1508.38
2bdcc243-6187-5374-9e1e-33e9f3f5f3f1,smart,2026-01-19T21:46:52,True,1508.38
1ecbe3f2-1b27-5076-80bf-7f368b706a24,baseline,,False,0.00
1ecbe3f2-1b27-5076-80bf-7f368b706a24,smart,,False,0.00
a0d46b5e-1e26-53a7-b7e8-86537787d6f8,baseline,2026-03-12T16:53:45,False,0.00
a0d46b5e-1e26-53a7-b7e8-86537787d6f8,smart,2026-03-13T12:53:45,False,0.00
624311e2-4ce3-5cad-9bc9-d441f979a906,baseline,2026-01-24T07:38:19,True,2691.36
624311e2-4ce3-5cad-9bc9-d441f979a906,smart,2026-01-24T07:38:19,True,2691.36
24ab6a8b-b283-536f-b3f4-84126f92f286,baseline,2026-01-14T16:09:16,False,0.00
24ab6a8b-b283-536f-b3f4-84126f92f286,smart,2026-01-14T12:09:16,False,0.00
0edc019d-86f2-5a3d-9b45-ecf6f28232f2,baseline,2026-03-29T17:23:39,False,0.00
0edc019d-86f2-5a3d-9b45-ecf6f28232f2,smart,2026-04-01T09:00:00,True,3084.71
80dc68db-71bf-52d2-a571-343e5aeba0bb,baseline,2026-02-08T07:14:45,True,5129.33
80dc68db-71bf-52d2-a571-343e5aeba0bb,smart,2026-02-08T07:14:45,True,5129.33
62182990-1099-599d-b158-b482b5d3ce86,baseline,,False,0.00
62182990-1099-599d-b158-b482b5d3ce86,smart,,False,0.00
1cd5fb5b-6060-5dbe-92ae-e64883a06f45,baseline,2026-02-24T08:15:17,True,3682.81
1cd5fb5b-6060-5dbe-92ae-e64883a06f45,smart,2026-02-24T08:15:17,True,3682.81
f104187c-37bf-5499-b036-fe9dfd1a73f3,baseline,,False,0.00
f104187c-37bf-5499-b036-fe9dfd1a73f3,smart,,False,0.00
2b604b28-bd84-50be-85b9-ca2216bef92b,baseline,2026-02-28T00:37:49,False,0.00
2b604b28-bd84-50be-85b9-ca2216bef92b,smart,2026-03-01T09:00:00,False,0.00
f31ace8c-a227-5a42-b4c6-f9607ffc5f4e,baseline,2026-01-09T16:34:10,True,27427.89
f31ace8c-a227-5a42-b4c6-f9607ffc5f4e,smart,2026-01-10T12:34:10,False,0.00
5d81d95e-4cd3-501e-9bde-7be3be7db147,baseline,2026-01-27T00:08:26,False,0.00
5d81d95e-4cd3-501e-9bde-7be3be7db147,smart,2026-02-01T09:00:00,True,1045.98
8d9c83c0-3814-5d49-992e-c17c40df1ab9,baseline,2026-02-28T15:35:01,False,0.00
8d9c83c0-3814-5d49-992e-c17c40df1ab9,smart,2026-03-01T09:00:00,True,1123.11
7f86f816-b27e-588a-92fb-8cdf8d3c720b,baseline,2026-02-19T23:38:32,True,2312.91
7f86f816-b27e-588a-92fb-8cdf8d3c720b,smart,2026-02-19T19:38:32,True,2312.91
488f3608-532d-554b-a54c-bb7a243eeaa1,baseline,2026-01-27T08:37:06,False,0.00
488f3608-532d-554b-a54c-bb7a243eeaa1,smart,2026-02-01T09:00:00,False,0.00
460bd5cf-e85a-57c0-9eb9-34ce680fea66,baseline,2026-01-18T08:04:45,True,2016.44
460bd5cf-e85a-57c0-9eb9-34ce680fea66,smart,2026-01-18T08:04:45,True,2016.44
10e4d777-04bf-5c67-bf31-07ec060ea740,baseline,2026-03-27T15:31:21,True,12000.00
10e4d777-04bf-5c67-bf31-07ec060ea740,smart,2026-04-01T09:00:00,True,12000.00
854a7764-eb2c-5e55-a8bb-a0348f7eb4fa,baseline,2026-03-28T01:45:58,False,0.00
854a7764-eb2c-5e55-a8bb-a0348f7eb4fa,smart,2026-04-01T09:00:00,True,980.79
62456ddc-715a-52a1-a2ec-a5109e51e154,baseline,,False,0.00
62456ddc-715a-52a1-a2ec-a5109e51e154,smart,,False,0.00
82464b73-1490-5f5b-aa51-f0443a4e7efd,baseline,2026-03-29T17:45:29,True,3563.89
82464b73-1490-5f5b-aa51-f0443a4e7efd,smart,2026-03-29T13:45:29,True,3563.89
7923be57-8fbc-59eb-987e-adf5497c1f98,baseline,,False,0.00
7923be57-8fbc-59eb-987e-adf5497c1f98,smart,,False,0.00
8c76deaa-798b-57de-bbcc-e3d5072a0bbf,baseline,2026-03-04T00:45:59,False,0.00
8c76deaa-798b-57de-bbcc-e3d5072a0bbf,smart,2026-04-01T09:00:00,False,0.00
76847b48-a0a9-5ede-a2a4-2c443609e8cc,baseline,2026-01-31T02:07:10,False,0.00
76847b48-a0a9-5ede-a2a4-2c443609e8cc,smart,2026-02-01T09:00:00,True,968.13
59fd0829-1e26-54df-90fb-a14a50f075a2,baseline,,False,0.00
59fd0829-1e26-54df-90fb-a14a50f075a2,smart,,False,0.00
29892d38-d37d-5683-9ac7-b5f532641ded,baseline,,False,0.00
29892d38-d37d-5683-9ac7-b5f532641ded,smart,,False,0.00
fd4c4b74-d4d3-51c2-8f55-369a1b50ed86,baseline,,False,0.00
fd4c4b74-d4d3-51c2-8f55-369a1b50ed86,smart,,False,0.00
a348ec32-b424-54b5-afd9-7fa4c6cd07dc,baseline,2026-01-05T01:34:48,False,0.00
a348ec32-b424-54b5-afd9-7fa4c6cd07dc,smart,2026-01-04T21:34:48,True,4250.06
c156b685-680a-5415-af20-3fbebaf17090,baseline,2026-04-01T00:32:15,True,2156.05
c156b685-680a-5415-af20-3fbebaf17090,smart,2026-04-01T09:00:00,False,0.00
c35bf093-6138-51dc-99f5-a4abab489fb0,baseline,,False,0.00
c35bf093-6138-51dc-99f5-a4abab489fb0,smart,,False,0.00
693dc186-ca96-564f-aa2d-92ab33038f52,baseline,2026-02-26T16:15:21,True,2500.51
693dc186-ca96-564f-aa2d-92ab33038f52,smart,2026-03-01T09:00:00,True,2500.51
00d67cc3-7c55-5414-a752-bb6691de7df5,baseline,2026-02-26T04:47:14,False,0.00
00d67cc3-7c55-5414-a752-bb6691de7df5,smart,2026-03-01T09:00:00,True,2109.19
6f6c2fbe-4808-5dbc-a3d0-1e146059611e,baseline,2026-01-18T16:08:49,False,0.00
6f6c2fbe-4808-5dbc-a3d0-1e146059611e,smart,2026-01-18T12:08:49,False,0.00
132115e1-f2fb-5724-afe3-d9af6e34084d,baseline,2026-03-30T22:36:03,True,1777.11
132115e1-f2fb-5724-afe3-d9af6e34084d,smart,2026-04-01T09:00:00,True,1777.11
65453e49-9ca4-5c0b-b6a7-398bc2ea79cc,baseline,,False,0.00
65453e49-9ca4-5c0b-b6a7-398bc2ea79cc,smart,,False,0.00
6d2889a9-179d-55f6-be7b-1a229a598b13,baseline,2026-02-01T01:47:43,True,1981.09
6d2889a9-179d-55f6-be7b-1a229a598b13,smart,2026-02-01T09:00:00,True,1981.09
6d0b6aae-835d-5187-a9a1-6c87bc89b58d,baseline,2026-03-27T03:21:04,False,0.00
6d0b6aae-835d-5187-a9a1-6c87bc89b58d,smart,2026-04-01T09:00:00,False,0.00
4ff4bf59-9576-5c58-9281-f425357addc6,baseline,,False,0.00
4ff4bf59-9576-5c58-9281-f425357addc6,smart,,False,0.00
7425e8c5-1ff3-5982-82da-eed38ff7a4d3,baseline,2026-03-18T07:36:36,False,0.00
7425e8c5-1ff3-5982-82da-eed38ff7a4d3,smart,2026-03-18T07:36:36,False,0.00
801a3dce-2481-5c23-9e86-4ba5471345d0,baseline,,False,0.00
801a3dce-2481-5c23-9e86-4ba5471345d0,smart,,False,0.00
7d09c4b0-9ad7-579f-8628-25f957149ed6,baseline,2026-01-03T16:38:20,False,0.00
7d09c4b0-9ad7-579f-8628-25f957149ed6,smart,2026-02-01T09:00:00,True,3275.25
7f04bc5e-41b7-5903-a4ba-4cbfdfa97a40,baseline,2026-01-08T08:02:54,False,0.00
7f04bc5e-41b7-5903-a4ba-4cbfdfa97a40,smart,2026-01-08T08:02:54,False,0.00
7042b91d-a4cd-52ff-930b-62d0648b12fd,baseline,2026-03-28T17:18:29,False,0.00
7042b91d-a4cd-52ff-930b-62d0648b12fd,smart,2026-04-01T09:00:00,False,0.00
524d6484-7cef-5bc8-ac62-0b70dd77022f,baseline,,False,0.00
524d6484-7cef-5bc8-ac62-0b70dd77022f,smart,,False,0.00
37a6ae50-44b3-5952-888c-cd22805bfd9d,baseline,,False,0.00
37a6ae50-44b3-5952-888c-cd22805bfd9d,smart,,False,0.00
62a58ca9-6c9d-5a7c-8660-373c38e37f67,baseline,,False,0.00
62a58ca9-6c9d-5a7c-8660-373c38e37f67,smart,,False,0.00
0f48d7a6-78ba-53fb-9509-3eb0ca2c7a85,baseline,2026-03-28T16:02:52,True,1682.23
0f48d7a6-78ba-53fb-9509-3eb0ca2c7a85,smart,2026-03-28T12:02:52,False,0.00
12515869-6256-59d8-a58c-0680f70b3500,baseline,2026-03-18T08:22:03,False,0.00
12515869-6256-59d8-a58c-0680f70b3500,smart,2026-03-18T08:22:03,False,0.00
e301a63c-5cf9-5ab6-89ad-40beb0b3d32f,baseline,2026-03-29T20:13:02,True,1966.15
e301a63c-5cf9-5ab6-89ad-40beb0b3d32f,smart,2026-04-01T09:00:00,False,0.00
271fafed-e43e-5ed9-8245-de431f470ea3,baseline,,False,0.00
271fafed-e43e-5ed9-8245-de431f470ea3,smart,,False,0.00
f2f1cd12-feec-59dc-933a-d99af2c34103,baseline,2026-03-13T10:37:17,True,2787.91
f2f1cd12-feec-59dc-933a-d99af2c34103,smart,2026-03-13T06:37:17,False,0.00
c556ccc2-5c3b-547c-8746-2f73ac03cf3e,baseline,2026-02-16T16:29:12,True,769.82
c556ccc2-5c3b-547c-8746-2f73ac03cf3e,smart,2026-02-16T12:29:12,False,0.00
d5f112de-7e70-5599-bb9f-ffd285986963,baseline,2026-01-14T17:54:55,True,1232.62
d5f112de-7e70-5599-bb9f-ffd285986963,smart,2026-01-14T13:54:55,False,0.00
4a8886e7-a60a-5d1d-ab47-c1cc2b387486,baseline,2026-03-26T04:57:56,True,1333.99
4a8886e7-a60a-5d1d-ab47-c1cc2b387486,smart,2026-04-01T09:00:00,True,1333.99
23c8c0c2-646e-50c0-a3ce-b6032c345934,baseline,2026-03-09T17:34:07,True,3438.04
23c8c0c2-646e-50c0-a3ce-b6032c345934,smart,2026-03-09T13:34:07,True,3438.04
5b6868d9-a84d-56a1-bdea-1a9c515e9fe2,baseline,,False,0.00
5b6868d9-a84d-56a1-bdea-1a9c515e9fe2,smart,,False,0.00
d0bcfd3e-664b-56a4-8920-e4593d257a0e,baseline,,False,0.00
d0bcfd3e-664b-56a4-8920-e4593d257a0e,smart,,False,0.00
80af0fa7-1582-5085-98a6-c12c6fdac8cf,baseline,2026-03-29T05:43:37,False,0.00
80af0fa7-1582-5085-98a6-c12c6fdac8cf,smart,2026-04-01T09:00:00,False,0.00
8e27da4f-ee58-5090-9901-a9d197832fa3,baseline,2026-03-28T04:08:51,True,2891.88
8e27da4f-ee58-5090-9901-a9d197832fa3,smart,2026-04-01T09:00:00,False,0.00
ee317de6-96c7-58ed-88a9-c943a814ca8a,baseline,2026-03-08T08:26:27,True,871.89
ee317de6-96c7-58ed-88a9-c943a814ca8a,smart,2026-03-08T08:26:27,True,871.89
123a2e5a-20ba-532e-9246-83651d63e237,baseline,,False,0.00
123a2e5a-20ba-532e-9246-83651d63e237,smart,,False,0.00
531c957f-321c-521d-b769-cd8e4c5f5e09,baseline,2026-01-07T17:59:27,False,0.00
531c957f-321c-521d-b769-cd8e4c5f5e09,smart,2026-01-07T13:59:27,True,1448.42
0ab4f276-7ec3-53ee-86f7-bb83c56b1a9d,baseline,2026-01-30T15:19:35,False,0.00
0ab4f276-7ec3-53ee-86f7-bb83c56b1a9d,smart,2026-02-01T09:00:00,False,0.00
3b1bc1d2-3fa5-5c9f-9b64-b25f913673b9,baseline,,False,0.00
3b1bc1d2-3fa5-5c9f-9b64-b25f913673b9,smart,,False,0.00
be8052a6-cdf6-5701-a884-f0cb34d22063,baseline,2026-01-23T17:44:55,True,1471.92
be8052a6-cdf6-5701-a884-f0cb34d22063,smart,2026-01-23T13:44:55,True,1471.92
eed861f7-e481-5eea-be36-9116324e4117,baseline,2026-01-22T01:25:12,False,0.00
eed861f7-e481-5eea-be36-9116324e4117,smart,2026-01-21T21:25:12,True,693.58
7ea9d88f-8247-5f1c-912d-ca11acc0fb71,baseline,,False,0.00
7ea9d88f-8247-5f1c-912d-ca11acc0fb71,smart,,False,0.00
951cf851-ecd6-5785-b386-b58be1af3c81,baseline,2026-02-08T07:08:37,True,2065.28
951cf851-ecd6-5785-b386-b58be1af3c81,smart,2026-02-08T07:08:37,True,2065.28
2b5a9165-96f2-58ff-b2ae-4dd49d3a0a28,baseline,2026-02-27T15:32:16,False,0.00
2b5a9165-96f2-58ff-b2ae-4dd49d3a0a28,smart,2026-03-01T09:00:00,True,498.35
5bd69722-1bd0-504e-ad24-25c8a199fc45,baseline,2026-02-08T07:13:23,True,951.71
5bd69722-1bd0-504e-ad24-25c8a199fc45,smart,2026-02-08T07:13:23,True,951.71
078876ab-3e9f-50b1-bccf-c89949d7c06f,baseline,2026-03-31T01:42:12,True,1947.63
078876ab-3e9f-50b1-bccf-c89949d7c06f,smart,2026-04-01T09:00:00,True,1947.63
b1e1b2a3-5a07-5280-b852-0c18d433cf3e,baseline,,False,0.00
b1e1b2a3-5a07-5280-b852-0c18d433cf3e,smart,,False,0.00
976f5a0c-e2c9-51c4-bd43-f8895ab9e2e2,baseline,,False,0.00
976f5a0c-e2c9-51c4-bd43-f8895ab9e2e2,smart,,False,0.00
e00443fc-8081-506a-a299-35b12c4af6ba,baseline,2026-01-28T10:35:48,False,0.00
e00443fc-8081-506a-a299-35b12c4af6ba,smart,2026-02-01T09:00:00,False,0.00
a9f6185b-5c15-5b04-af84-9ce6a9916eb9,baseline,2026-02-05T01:26:27,False,0.00
a9f6185b-5c15-5b04-af84-9ce6a9916eb9,smart,2026-02-04T21:26:27,True,2126.40
930340a0-81e3-5039-b11e-ab66e96e3f8a,baseline,2026-01-03T00:11:41,True,4712.36
930340a0-81e3-5039-b11e-ab66e96e3f8a,smart,2026-01-02T20:11:41,False,0.00
d216d643-de4b-5088-901b-32714f92bac6,baseline,2026-01-31T01:28:57,True,2304.73
d216d643-de4b-5088-901b-32714f92bac6,smart,2026-02-01T09:00:00,True,2304.73
b22013ca-f091-5f67-b132-57d07314acab,baseline,,False,0.00
b22013ca-f091-5f67-b132-57d07314acab,smart,,False,0.00
dda695e6-781b-5942-8f76-173eda436cc9,baseline,2026-01-23T23:40:02,True,1873.59
dda695e6-781b-5942-8f76-173eda436cc9,smart,2026-01-23T19:40:02,True,1873.59
208b8f61-0d3e-5390-bac7-90e6b6e9f735,baseline,2026-01-27T15:41:16,False,0.00
208b8f61-0d3e-5390-bac7-90e6b6e9f735,smart,2026-02-01T09:00:00,True,2094.64
8cc01f87-472b-5b94-ad4a-5f623b28e511,baseline,2026-03-27T00:17:49,False,0.00
8cc01f87-472b-5b94-ad4a-5f623b28e511,smart,2026-04-01T09:00:00,True,461.61
d4b9e3db-ddd5-5bd0-aa63-4e9b6791ae74,baseline,2026-03-01T00:21:25,True,6404.75
d4b9e3db-ddd5-5bd0-aa63-4e9b6791ae74,smart,2026-03-01T09:00:00,True,6404.75
05d9ea6b-144a-5e1a-965d-2ba66f2b37cc,baseline,2026-03-31T17:05:44,False,0.00
05d9ea6b-144a-5e1a-965d-2ba66f2b37cc,smart,2026-04-01T09:00:00,True,1810.56
25469455-bad0-560b-a64b-b5c9a9c7a709,baseline,2026-02-17T23:02:17,True,1068.55
25469455-bad0-560b-a64b-b5c9a9c7a709,smart,2026-02-17T19:02:17,False,0.00
881ee1db-fbaa-59ba-8fe1-1c733f1a1f73,baseline,2026-01-11T01:38:35,True,6904.80
881ee1db-fbaa-59ba-8fe1-1c733f1a1f73,smart,2026-01-10T21:38:35,False,0.00
73e7f6b1-ac53-56ef-bbfd-0188f75ec23e,baseline,,False,0.00
73e7f6b1-ac53-56ef-bbfd-0188f75ec23e,smart,,False,0.00
2dd8922a-5f32-5b34-82a7-ab56a45143c9,baseline,2026-01-23T23:37:58,False,0.00
2dd8922a-5f32-5b34-82a7-ab56a45143c9,smart,2026-01-23T19:37:58,False,0.00
86302bb4-be90-5ea0-80b3-00fc99d44d3f,baseline,2026-01-29T06:26:33,False,0.00
86302bb4-be90-5ea0-80b3-00fc99d44d3f,smart,2026-02-01T09:00:00,False,0.00
3e0d196b-8062-5e3d-9cfb-327fc3650f35,baseline,2026-01-04T16:47:48,True,1058.07
3e0d196b-8062-5e3d-9cfb-327fc3650f35,smart,2026-02-01T09:00:00,True,1058.07
ed40295d-2e10-531b-969f-d0d574d94a35,baseline,2026-01-04T22:00:05,False,0.00
ed40295d-2e10-531b-969f-d0d574d94a35,smart,2026-01-05T18:00:05,True,17610.72
a4eab4d2-0aa5-5d48-957d-28d25e0ea5c9,baseline,2026-01-27T08:00:53,False,0.00
a4eab4d2-0aa5-5d48-957d-28d25e0ea5c9,smart,2026-02-01T09:00:00,False,0.00
27eaf3ea-9bb5-5806-adf8-b7ef188f081d,baseline,2026-03-18T15:00:08,True,1666.58
27eaf3ea-9bb5-5806-adf8-b7ef188f081d,smart,2026-03-18T11:00:08,True,1666.58
881c6a68-b7ae-50e5-8782-75abccda2c01,baseline,2026-01-01T23:58:18,False,0.00
881c6a68-b7ae-50e5-8782-75abccda2c01,smart,2026-01-01T19:58:18,True,5088.63
be7cf1cd-fbb4-5c58-881e-81bf692e6493,baseline,2026-02-03T23:25:36,True,2781.35
be7cf1cd-fbb4-5c58-881e-81bf692e6493,smart,2026-03-01T09:00:00,True,2781.35
f1acb537-5690-5dc2-b5fc-d2a7339bfa5f,baseline,,False,0.00
f1acb537-5690-5dc2-b5fc-d2a7339bfa5f,smart,,False,0.00
5234c5e8-2f5d-54c0-8a01-14201d271a8f,baseline,2026-03-28T11:02:18,False,0.00
5234c5e8-2f5d-54c0-8a01-14201d271a8f,smart,2026-04-01T09:00:00,True,5521.85
33cabfee-ab60-5073-b575-f53a33bdc219,baseline,2026-01-26T05:23:16,True,731.69
33cabfee-ab60-5073-b575-f53a33bdc219,smart,2026-02-01T09:00:00,False,0.00
6d88b1bf-9172-5218-a4bc-09addfd22337,baseline,,False,0.00
6d88b1bf-9172-5218-a4bc-09addfd22337,smart,,False,0.00
7d3f458a-950b-5563-b0d0-ef7f3f344afb,baseline,,False,0.00
7d3f458a-950b-5563-b0d0-ef7f3f344afb,smart,,False,0.00
241522d1-e265-5773-bedc-7a5f2781736e,baseline,,False,0.00
241522d1-e265-5773-bedc-7a5f2781736e,smart,,False,0.00
605c9e23-df4f-5ff8-9ef0-9868060a1b76,baseline,2026-01-29T00:11:23,True,1075.94
605c9e23-df4f-5ff8-9ef0-9868060a1b76,smart,2026-01-28T20:11:23,False,0.00
a4873392-2b69-57a5-8aeb-b560c134ccca,baseline,,False,0.00
a4873392-2b69-57a5-8aeb-b560c134ccca,smart,,False,0.00
ad267d72-9361-503e-8bce-cf609ee6bde2,baseline,,False,0.00
ad267d72-9361-503e-8bce-cf609ee6bde2,smart,,False,0.00
cda2948c-a477-5b03-9cf2-2be44dedee56,baseline,2026-03-18T08:50:59,True,2986.07
cda2948c-a477-5b03-9cf2-2be44dedee56,smart,2026-03-18T08:50:59,True,2986.07
92f79d02-b2c7-59ff-b0c0-4c3be5f64c3a,baseline,,False,0.00
92f79d02-b2c7-59ff-b0c0-4c3be5f64c3a,smart,,False,0.00
d7067ce3-b32a-5249-9dcc-7389c8156d6b,baseline,2026-01-26T17:13:34,True,1222.94
d7067ce3-b32a-5249-9dcc-7389c8156d6b,smart,2026-01-26T13:13:34,False,0.00
28d0e14d-5ad7-5fb7-9ee5-f95954417e9d,baseline,,False,0.00
28d0e14d-5ad7-5fb7-9ee5-f95954417e9d,smart,,False,0.00
15d313fd-5f3b-50ed-b893-279cdf31289b,baseline,2026-01-05T01:12:14,True,1867.46
15d313fd-5f3b-50ed-b893-279cdf31289b,smart,2026-01-04T21:12:14,True,1867.46
9a233154-2092-5b8e-8c15-2adbb306fc98,baseline,2026-03-18T19:45:47,True,20974.14
9a233154-2092-5b8e-8c15-2adbb306fc98,smart,2026-03-19T15:45:47,False,0.00
27ff7302-60b4-5814-b99c-ab51b207d607,baseline,,False,0.00
27ff7302-60b4-5814-b99c-ab51b207d607,smart,,False,0.00
3e820227-bd16-5a69-9481-42a2d99a3d38,baseline,2026-02-15T11:44:09,True,26992.90
3e820227-bd16-5a69-9481-42a2d99a3d38,smart,2026-02-16T07:44:09,True,26992.90
9cfb7ecb-19bc-5310-a0b9-248edb53f329,baseline,2026-03-29T18:05:43,False,0.00
9cfb7ecb-19bc-5310-a0b9-248edb53f329,smart,2026-04-01T09:00:00,False,0.00
0e251c4d-02c5-5314-ba81-10cc2c9072a8,baseline,2026-01-30T19:11:17,False,0.00
0e251c4d-02c5-5314-ba81-10cc2c9072a8,smart,2026-02-01T09:00:00,True,1175.12
44a00042-c1fe-5b48-96ac-b7ebc9b8748f,baseline,2026-01-23T23:30:19,False,0.00
44a00042-c1fe-5b48-96ac-b7ebc9b8748f,smart,2026-01-23T19:30:19,False,0.00
4d28add7-4f60-5545-ae03-f5416e184d50,baseline,,False,0.00
4d28add7-4f60-5545-ae03-f5416e184d50,smart,,False,0.00
a0973069-1564-5c24-9be3-c472c087c7c9,baseline,2026-03-03T19:18:16,True,6232.66
a0973069-1564-5c24-9be3-c472c087c7c9,smart,2026-04-01T09:00:00,True,6232.66
6af2a068-e599-504d-86d5-020f8b4182b1,baseline,2026-01-27T01:25:47,True,3568.34
6af2a068-e599-504d-86d5-020f8b4182b1,smart,2026-02-01T09:00:00,False,0.00
04f07d55-29bf-5960-9fea-99d01ab60a33,baseline,2026-01-24T08:03:39,True,1102.51
04f07d55-29bf-5960-9fea-99d01ab60a33,smart,2026-01-24T08:03:39,True,1102.51
ebf6ccf1-0922-5aba-80ad-1e7705118619,baseline,,False,0.00
ebf6ccf1-0922-5aba-80ad-1e7705118619,smart,,False,0.00
36a57c40-81a6-521a-bc27-e6eea0527c15,baseline,2026-01-31T00:30:35,True,1309.02
36a57c40-81a6-521a-bc27-e6eea0527c15,smart,2026-02-01T09:00:00,True,1309.02
34e7f34b-f932-5e94-b905-6a065355034f,baseline,2026-01-26T23:36:20,False,0.00
34e7f34b-f932-5e94-b905-6a065355034f,smart,2026-01-26T19:36:20,True,4704.35
c29ad937-dfa1-5872-a982-c4e7b3cd3ff1,baseline,2026-03-08T08:06:29,True,1618.21
c29ad937-dfa1-5872-a982-c4e7b3cd3ff1,smart,2026-03-08T08:06:29,True,1618.21
7f37b860-1997-505b-9372-09f40c006db8,baseline,,False,0.00
7f37b860-1997-505b-9372-09f40c006db8,smart,,False,0.00
3083cd37-0f47-58ea-bc09-6ab4c7a1e315,baseline,,False,0.00
3083cd37-0f47-58ea-bc09-6ab4c7a1e315,smart,,False,0.00
88ab6c3c-6a32-595d-8127-a93d974179ee,baseline,2026-01-27T00:39:21,True,1115.74
88ab6c3c-6a32-595d-8127-a93d974179ee,smart,2026-02-01T09:00:00,False,0.00
521338c9-945b-5d2f-b701-6f1012b30c2a,baseline,2026-01-27T19:20:33,False,0.00
521338c9-945b-5d2f-b701-6f1012b30c2a,smart,2026-02-01T09:00:00,True,2185.35
d216eb15-d8b5-57b7-b8c0-75cdcb5f5557,baseline,2026-03-24T08:56:47,False,0.00
d216eb15-d8b5-57b7-b8c0-75cdcb5f5557,smart,2026-03-24T08:56:47,False,0.00
8b274599-d639-5b05-9c29-49197a5dceed,baseline,2026-02-26T16:49:40,True,3261.64
8b274599-d639-5b05-9c29-49197a5dceed,smart,2026-03-01T09:00:00,False,0.00
5fade4ef-239b-5e8c-a430-30e47ac63860,baseline,2026-02-05T01:00:02,False,0.00
5fade4ef-239b-5e8c-a430-30e47ac63860,smart,2026-02-04T21:00:02,False,0.00
ee80a4d8-96ec-529a-9bc7-6d308b1b2542,baseline,2026-03-31T15:15:58,False,0.00
ee80a4d8-96ec-529a-9bc7-6d308b1b2542,smart,2026-04-01T09:00:00,True,3535.54
6bf653ae-e99c-5711-a2d3-2b121696a275,baseline,2026-01-31T20:53:13,True,2552.23
6bf653ae-e99c-5711-a2d3-2b121696a275,smart,2026-02-01T09:00:00,False,0.00
cf904bdc-170e-5dbb-84e5-1a62955739ee,baseline,,False,0.00
cf904bdc-170e-5dbb-84e5-1a62955739ee,smart,,False,0.00
ce7acf09-6b69-5030-989f-a5b10f3a7153,baseline,2026-02-10T01:59:33,True,3768.61
ce7acf09-6b69-5030-989f-a5b10f3a7153,smart,2026-02-09T21:59:33,False,0.00
1c424535-2794-5702-a7a2-93e93f3b68be,baseline,2026-02-02T00:17:46,True,440.53
1c424535-2794-5702-a7a2-93e93f3b68be,smart,2026-03-01T09:00:00,False,0.00
3185228a-883f-5082-b051-e3bca7b4be4b,baseline,2026-01-04T15:59:26,False,0.00
3185228a-883f-5082-b051-e3bca7b4be4b,smart,2026-01-05T11:59:26,False,0.00
1051bbdd-6f22-5d06-95c7-5709fe75e443,baseline,2026-02-08T07:49:39,False,0.00
1051bbdd-6f22-5d06-95c7-5709fe75e443,smart,2026-02-08T07:49:39,False,0.00
8168ee04-a5ab-5d8c-a658-c0aba56ceedf,baseline,2026-03-31T01:24:30,False,0.00
8168ee04-a5ab-5d8c-a658-c0aba56ceedf,smart,2026-04-01T09:00:00,True,1068.03
c99679c2-4df1-5b94-abb5-a43dbf3d6189,baseline,2026-03-21T15:31:27,False,0.00
c99679c2-4df1-5b94-abb5-a43dbf3d6189,smart,2026-03-22T11:31:27,False,0.00
507d10c0-00fe-5f3f-81e5-ee9927c135d1,baseline,2026-01-29T01:34:45,True,4310.21
507d10c0-00fe-5f3f-81e5-ee9927c135d1,smart,2026-02-01T09:00:00,True,4310.21
b2bd98e7-0911-5126-99b2-55222c59f7e2,baseline,2026-01-31T14:30:24,False,0.00
b2bd98e7-0911-5126-99b2-55222c59f7e2,smart,2026-02-01T09:00:00,False,0.00
61963109-358a-5f72-8b66-07c90a55f703,baseline,2026-02-18T08:33:24,True,7348.74
61963109-358a-5f72-8b66-07c90a55f703,smart,2026-02-18T08:33:24,True,7348.74
d544793c-1e90-5669-9450-bc014faee678,baseline,2026-04-01T00:53:32,False,0.00
d544793c-1e90-5669-9450-bc014faee678,smart,2026-03-31T20:53:32,True,371.05
bb64722d-fa46-54db-8925-aad83a9283b2,baseline,2026-03-08T21:50:19,False,0.00
bb64722d-fa46-54db-8925-aad83a9283b2,smart,2026-03-08T17:50:19,False,0.00
8ed7ebc7-ca6a-5611-9b0d-85738c53e8e5,baseline,2026-01-31T09:44:54,False,0.00
8ed7ebc7-ca6a-5611-9b0d-85738c53e8e5,smart,2026-02-01T09:00:00,True,8716.73
342586d5-3ddd-50da-9589-802eab1cfa2a,baseline,2026-01-02T01:26:02,True,2849.38
342586d5-3ddd-50da-9589-802eab1cfa2a,smart,2026-01-01T21:26:02,True,2849.38
9dbfe807-a86f-59bd-9f5c-3ee955677221,baseline,2026-02-28T17:49:07,False,0.00
9dbfe807-a86f-59bd-9f5c-3ee955677221,smart,2026-03-01T09:00:00,True,343.57
94140b4f-3602-54fb-802b-dda525ad50f4,baseline,,False,0.00
94140b4f-3602-54fb-802b-dda525ad50f4,smart,,False,0.00
3ee6cc2f-eb7d-5cfa-a969-9c2f312ae76a,baseline,2026-03-09T00:17:55,False,0.00
3ee6cc2f-eb7d-5cfa-a969-9c2f312ae76a,smart,2026-03-09T20:17:55,False,0.00
04b424d8-8cae-5957-a3a9-08fbdd42a783,baseline,2026-03-31T15:27:10,False,0.00
04b424d8-8cae-5957-a3a9-08fbdd42a783,smart,2026-04-01T09:00:00,True,7525.92
0407b356-d1be-5933-a702-3f775edd6536,baseline,2026-02-18T07:27:39,False,0.00
0407b356-d1be-5933-a702-3f775edd6536,smart,2026-02-18T07:27:39,False,0.00
32d07c7e-9bbb-52b6-afb3-9e62cd684296,baseline,2026-01-07T16:45:13,False,0.00
32d07c7e-9bbb-52b6-afb3-9e62cd684296,smart,2026-01-07T12:45:13,True,3125.67
e36aae4e-bcae-5a0c-a32f-9c770da32e17,baseline,,False,0.00
e36aae4e-bcae-5a0c-a32f-9c770da32e17,smart,,False,0.00
545ef627-8cc1-5122-826b-53ad7960f2df,baseline,2026-03-01T11:28:10,False,0.00
545ef627-8cc1-5122-826b-53ad7960f2df,smart,2026-03-01T09:00:00,False,0.00
e4277c8f-94f3-55b6-979e-d0d7ddb16719,baseline,2026-01-18T07:19:06,True,10343.90
e4277c8f-94f3-55b6-979e-d0d7ddb16719,smart,2026-01-18T07:19:06,True,10343.90
bdea7b15-836f-5d5f-9700-fff93b9a395c,baseline,2026-01-24T08:03:34,True,3935.85
bdea7b15-836f-5d5f-9700-fff93b9a395c,smart,2026-01-24T08:03:34,True,3935.85
a8babcff-1bcb-53a9-940f-739cf5ec8f28,baseline,2026-03-27T19:35:22,True,3711.41
a8babcff-1bcb-53a9-940f-739cf5ec8f28,smart,2026-04-01T09:00:00,True,3711.41
612b69d6-5d54-5bbf-86f9-1699994d0142,baseline,2026-02-05T11:03:57,False,0.00
612b69d6-5d54-5bbf-86f9-1699994d0142,smart,2026-02-06T07:03:57,True,14780.06
a47fa067-56df-53cd-91c0-fedf82bdf9a5,baseline,,False,0.00
a47fa067-56df-53cd-91c0-fedf82bdf9a5,smart,,False,0.00
b9a05f14-6fce-5731-b3f4-99ae55957bdc,baseline,2026-02-08T08:46:13,False,0.00
b9a05f14-6fce-5731-b3f4-99ae55957bdc,smart,2026-02-08T08:46:13,False,0.00
ecb6944b-3389-501d-b8e3-cab72a58b6a4,baseline,2026-01-25T15:50:12,False,0.00
ecb6944b-3389-501d-b8e3-cab72a58b6a4,smart,2026-01-25T11:50:12,False,0.00
5b94abc2-bd68-50be-b98d-5aa8f75f852b,baseline,2026-01-28T22:59:59,False,0.00
5b94abc2-bd68-50be-b98d-5aa8f75f852b,smart,2026-02-01T09:00:00,False,0.00
d9cae079-0626-53aa-b7d0-f7d7e9648e01,baseline,2026-02-08T17:46:11,True,5014.63
d9cae079-0626-53aa-b7d0-f7d7e9648e01,smart,2026-02-08T13:46:11,True,5014.63
ba72b05f-1de9-53f1-bdff-5fad82937ee3,baseline,2026-01-13T01:46:48,False,0.00
ba72b05f-1de9-53f1-bdff-5fad82937ee3,smart,2026-01-13T21:46:48,True,24760.50
11d03c13-0d16-533c-8713-06e9cf8572e0,baseline,2026-01-30T16:09:51,True,4960.64
11d03c13-0d16-533c-8713-06e9cf8572e0,smart,2026-02-01T09:00:00,False,0.00
c6ea309a-e8aa-53c3-8b13-b9b90b8af4ef,baseline,2026-01-14T14:14:53,True,27014.50
c6ea309a-e8aa-53c3-8b13-b9b90b8af4ef,smart,2026-01-15T10:14:53,False,0.00
2c4e83cd-18b5-5911-b246-10034f715e59,baseline,2026-01-24T17:58:37,True,42525.28
2c4e83cd-18b5-5911-b246-10034f715e59,smart,2026-01-25T13:58:37,True,42525.28
87a85fc0-f634-5bf2-a1e6-2426715756f1,baseline,,False,0.00
87a85fc0-f634-5bf2-a1e6-2426715756f1,smart,,False,0.00
7e2572a8-b55a-5dc3-b5b1-e8108cb2c713,baseline,2026-03-07T00:43:45,False,0.00
7e2572a8-b55a-5dc3-b5b1-e8108cb2c713,smart,2026-03-06T20:43:45,False,0.00
d120619c-867f-53b5-9a7f-b7f071816c5c,baseline,2026-02-11T23:54:26,True,10656.48
d120619c-867f-53b5-9a7f-b7f071816c5c,smart,2026-02-11T19:54:26,True,10656.48
966f9aa7-4e40-5f28-988d-96ecb8af3afa,baseline,,False,0.00
966f9aa7-4e40-5f28-988d-96ecb8af3afa,smart,,False,0.00
3ee46392-9a34-5b83-bc17-2eeb1e5fddd6,baseline,,False,0.00
3ee46392-9a34-5b83-bc17-2eeb1e5fddd6,smart,,False,0.00
aa978556-e1e2-5457-8219-d9e3a103d5b0,baseline,2026-02-26T22:08:13,False,0.00
aa978556-e1e2-5457-8219-d9e3a103d5b0,smart,2026-03-01T09:00:00,False,0.00
31634d6a-4e86-5f09-9d4f-bda4d104cba6,baseline,,False,0.00
31634d6a-4e86-5f09-9d4f-bda4d104cba6,smart,,False,0.00
7fe2f610-cee3-5e31-bf76-27909d233878,baseline,2026-03-10T00:14:33,False,0.00
7fe2f610-cee3-5e31-bf76-27909d233878,smart,2026-03-09T20:14:33,False,0.00
b90a3a8d-7666-513d-b49e-849b16752a96,baseline,,False,0.00
b90a3a8d-7666-513d-b49e-849b16752a96,smart,,False,0.00
a187f6b8-2854-56c0-b0b2-6d1af4fc5131,baseline,2026-03-31T03:49:15,False,0.00
a187f6b8-2854-56c0-b0b2-6d1af4fc5131,smart,2026-04-01T09:00:00,True,3325.84
6cc0b246-3355-58ef-b802-c790a1539923,baseline,,False,0.00
6cc0b246-3355-58ef-b802-c790a1539923,smart,,False,0.00
e9576463-c301-5fb5-afc8-1bb297eff5ff,baseline,2026-01-02T16:32:19,False,0.00
e9576463-c301-5fb5-afc8-1bb297eff5ff,smart,2026-01-02T12:32:19,False,0.00
50261ba1-41cb-56eb-8001-eb7fc2926ae1,baseline,,False,0.00
50261ba1-41cb-56eb-8001-eb7fc2926ae1,smart,,False,0.00
0916b47b-d3e7-5dc5-99ac-6dd547521f70,baseline,2026-03-19T17:08:19,False,0.00
0916b47b-d3e7-5dc5-99ac-6dd547521f70,smart,2026-03-19T13:08:19,False,0.00
d042234d-d2db-5113-95c5-a297b3f78886,baseline,2026-01-23T23:56:00,False,0.00
d042234d-d2db-5113-95c5-a297b3f78886,smart,2026-01-23T19:56:00,False,0.00
c24af265-dfa5-53ea-ae36-a8702ed58d76,baseline,2026-03-29T23:50:35,True,2033.19
c24af265-dfa5-53ea-ae36-a8702ed58d76,smart,2026-03-29T19:50:35,False,0.00
9f5379fc-4b94-541d-98e1-26e46fd60d64,baseline,,False,0.00
9f5379fc-4b94-541d-98e1-26e46fd60d64,smart,,False,0.00
16556555-fdac-50d1-9b0c-c0ad212d7670,baseline,2026-03-26T13:16:49,True,1181.30
16556555-fdac-50d1-9b0c-c0ad212d7670,smart,2026-04-01T09:00:00,False,0.00
96d76695-2f32-5c46-9b3a-af31c75e4a07,baseline,,False,0.00
96d76695-2f32-5c46-9b3a-af31c75e4a07,smart,,False,0.00
3557ea69-ece3-5b28-8588-c53e64c09502,baseline,2026-03-11T12:27:09,True,11066.48
3557ea69-ece3-5b28-8588-c53e64c09502,smart,2026-03-12T08:27:09,False,0.00
78c9724b-68ad-5c81-b3f9-4f4bbc1e2ba8,baseline,2026-01-30T23:14:38,True,5407.99
78c9724b-68ad-5c81-b3f9-4f4bbc1e2ba8,smart,2026-02-01T09:00:00,True,5407.99
d6e57e86-f858-52e4-907d-609f9f029b0f,baseline,2026-03-31T15:14:17,True,2445.73
d6e57e86-f858-52e4-907d-609f9f029b0f,smart,2026-04-01T09:00:00,True,2445.73
7724bb47-2390-50b4-8a9f-d2775c5c844b,baseline,2026-03-08T17:01:03,False,0.00
7724bb47-2390-50b4-8a9f-d2775c5c844b,smart,2026-03-09T13:01:03,True,38453.64
2eb1bcf5-7ab9-5d1f-9596-289bdd0f6cac,baseline,,False,0.00
2eb1bcf5-7ab9-5d1f-9596-289bdd0f6cac,smart,,False,0.00
5e3545c6-59bf-5447-ab2f-6862c2c900c7,baseline,2026-01-31T06:52:38,False,0.00
5e3545c6-59bf-5447-ab2f-6862c2c900c7,smart,2026-02-01T09:00:00,True,4962.09
693812ed-67f1-5ccb-b78c-5119727a563f,baseline,2026-01-04T16:00:12,True,1671.52
693812ed-67f1-5ccb-b78c-5119727a563f,smart,2026-01-04T12:00:12,True,1671.52
df5acb5e-538b-56c5-b6b6-a80d22bb5059,baseline,2026-04-01T00:29:02,True,2965.89
df5acb5e-538b-56c5-b6b6-a80d22bb5059,smart,2026-04-01T09:00:00,True,2965.89
67f21399-4820-59c0-aa72-f0ee25e5d24f,baseline,2026-01-01T16:26:24,False,0.00
67f21399-4820-59c0-aa72-f0ee25e5d24f,smart,2026-01-01T12:26:24,False,0.00
eb13311c-8502-5264-be2f-e62639452927,baseline,2026-01-27T23:51:17,False,0.00
eb13311c-8502-5264-be2f-e62639452927,smart,2026-02-01T09:00:00,False,0.00
64d89707-0622-5ee9-b37d-7d164124da78,baseline,2026-01-14T01:58:02,True,18970.20
64d89707-0622-5ee9-b37d-7d164124da78,smart,2026-01-14T21:58:02,False,0.00
0288246e-be47-5e15-8247-7140abdf434c,baseline,,False,0.00
0288246e-be47-5e15-8247-7140abdf434c,smart,,False,0.00
f256604e-c716-5f97-8ac1-72db84d42cfc,baseline,2026-01-09T16:14:07,True,541.42
f256604e-c716-5f97-8ac1-72db84d42cfc,smart,2026-01-09T12:14:07,False,0.00
c024072d-38fc-534b-a333-42162ac5b066,baseline,2026-03-18T08:03:51,True,1777.82
c024072d-38fc-534b-a333-42162ac5b066,smart,2026-03-18T08:03:51,True,1777.82
21c97c14-fbcc-5e92-b2ce-d7c8702666a9,baseline,2026-03-26T12:17:46,False,0.00
21c97c14-fbcc-5e92-b2ce-d7c8702666a9,smart,2026-04-01T09:00:00,True,1673.53
b241aca9-367d-5573-b699-47c16a19bb86,baseline,2026-02-20T13:30:06,False,0.00
b241aca9-367d-5573-b699-47c16a19bb86,smart,2026-02-21T09:30:06,True,18815.68
636774b0-1c6c-5d13-9f15-acc00deaa275,baseline,2026-01-18T08:58:19,True,784.28
636774b0-1c6c-5d13-9f15-acc00deaa275,smart,2026-01-18T08:58:19,True,784.28
3db96c24-dd6c-5bf5-b174-88743b8efcb1,baseline,2026-01-27T15:55:35,True,1151.58
3db96c24-dd6c-5bf5-b174-88743b8efcb1,smart,2026-02-01T09:00:00,True,1151.58
49299e75-f113-5b87-b375-b8e68888723e,baseline,2026-02-09T01:22:19,True,2113.01
49299e75-f113-5b87-b375-b8e68888723e,smart,2026-02-08T21:22:19,True,2113.01
9535acaf-4136-58a4-b85a-74fa6c80dc1c,baseline,,False,0.00
9535acaf-4136-58a4-b85a-74fa6c80dc1c,smart,,False,0.00
bf5f67f5-6996-54e8-b0d2-10441737d947,baseline,,False,0.00
bf5f67f5-6996-54e8-b0d2-10441737d947,smart,,False,0.00
6bb4106a-c475-5887-9ede-48bcb61478f6,baseline,2026-01-02T17:31:53,True,1510.42
6bb4106a-c475-5887-9ede-48bcb61478f6,smart,2026-01-02T13:31:53,True,1510.42
9fdac5a1-9637-5f64-a022-bc14dbe1d963,baseline,,False,0.00
9fdac5a1-9637-5f64-a022-bc14dbe1d963,smart,,False,0.00
2e615e71-9ddd-57f5-a443-9fdfb1953153,baseline,,False,0.00
2e615e71-9ddd-57f5-a443-9fdfb1953153,smart,,False,0.00
255c7f9f-f3c8-56a3-bc26-9b913d28c5e4,baseline,2026-03-27T12:11:01,False,0.00
255c7f9f-f3c8-56a3-bc26-9b913d28c5e4,smart,2026-03-28T08:11:01,True,18987.30
d8bf681b-6855-5588-a9b6-06c920db285f,baseline,2026-02-04T23:49:23,False,0.00
d8bf681b-6855-5588-a9b6-06c920db285f,smart,2026-02-04T19:49:23,True,2018.58
f0214f61-2107-5cb8-a1b9-228cbe85256e,baseline,,False,0.00
f0214f61-2107-5cb8-a1b9-228cbe85256e,smart,,False,0.00
e40a0230-0474-5760-9852-1513bd0825ce,baseline,2026-01-04T16:19:39,False,0.00
e40a0230-0474-5760-9852-1513bd0825ce,smart,2026-01-05T12:19:39,True,26623.42
47646065-84f1-5e31-835d-d408d2ee332a,baseline,2026-03-24T07:31:26,True,899.39
47646065-84f1-5e31-835d-d408d2ee332a,smart,2026-03-24T07:31:26,True,899.39
37a7ff1b-7246-569b-b37e-5a0b8bbdf6a3,baseline,2026-02-28T10:34:11,False,0.00
37a7ff1b-7246-569b-b37e-5a0b8bbdf6a3,smart,2026-03-01T09:00:00,True,259.15
8aee0fe8-7256-58c3-a419-a6dcd6edf40f,baseline,,False,0.00
8aee0fe8-7256-58c3-a419-a6dcd6edf40f,smart,,False,0.00
2ea464d9-f83f-5c46-ab02-bbf8b6512e5d,baseline,,False,0.00
2ea464d9-f83f-5c46-ab02-bbf8b6512e5d,smart,,False,0.00
50befe4a-9883-5844-aa00-155c9eb6f341,baseline,2026-03-08T07:43:16,False,0.00
50befe4a-9883-5844-aa00-155c9eb6f341,smart,2026-03-08T07:43:16,False,0.00
76bea237-274a-52bd-8f57-91fa4cd2233e,baseline,2026-01-25T09:28:55,False,0.00
76bea237-274a-52bd-8f57-91fa4cd2233e,smart,2026-01-26T05:28:55,True,32636.92
6f775e63-a3a2-5cc0-91dd-0e76bcb370ad,baseline,2026-04-01T00:00:20,True,226.27
6f775e63-a3a2-5cc0-91dd-0e76bcb370ad,smart,2026-04-01T09:00:00,True,226.27
5511bb5c-8c22-5c6c-8da1-3293f1890703,baseline,2026-03-26T11:42:54,False,0.00
5511bb5c-8c22-5c6c-8da1-3293f1890703,smart,2026-04-01T09:00:00,True,8340.41
db282fe3-2caf-5fd4-bbc4-661bee2b7cd1,baseline,2026-03-07T00:54:08,False,0.00
db282fe3-2caf-5fd4-bbc4-661bee2b7cd1,smart,2026-03-06T20:54:08,True,3358.22
586f39c2-b828-51ff-ad6c-ee53f53e10d3,baseline,2026-01-31T16:03:01,False,0.00
586f39c2-b828-51ff-ad6c-ee53f53e10d3,smart,2026-02-01T09:00:00,True,3591.38
16b36ddf-796d-528f-acde-d6b3791a280d,baseline,,False,0.00
16b36ddf-796d-528f-acde-d6b3791a280d,smart,,False,0.00
abf5ec14-00c9-5118-8df9-6b16929c7963,baseline,2026-03-02T23:14:04,True,4437.73
abf5ec14-00c9-5118-8df9-6b16929c7963,smart,2026-03-02T19:14:04,False,0.00
856b5fb4-13b6-596c-997d-5e4897bbea18,baseline,,False,0.00
856b5fb4-13b6-596c-997d-5e4897bbea18,smart,,False,0.00
4d7abc49-7b13-5f42-8ff4-aa1aacba3952,baseline,2026-02-28T18:09:30,False,0.00
4d7abc49-7b13-5f42-8ff4-aa1aacba3952,smart,2026-03-01T09:00:00,True,1245.45
88371c61-acb4-5c73-8f1d-c41ae258dfdc,baseline,2026-01-10T01:12:26,True,2538.43
88371c61-acb4-5c73-8f1d-c41ae258dfdc,smart,2026-01-09T21:12:26,True,2538.43
73542784-f237-580e-9a07-71c64b62a8ca,baseline,2026-03-07T01:55:29,False,0.00
73542784-f237-580e-9a07-71c64b62a8ca,smart,2026-03-06T21:55:29,True,2786.47
a80a5154-2634-504d-bbf5-d798e2d1b686,baseline,2026-03-31T05:32:13,False,0.00
a80a5154-2634-504d-bbf5-d798e2d1b686,smart,2026-04-01T09:00:00,True,4705.39
cde3e666-c979-59d4-b299-e9d80b8d32b8,baseline,2026-03-09T15:29:24,False,0.00
cde3e666-c979-59d4-b299-e9d80b8d32b8,smart,2026-03-09T11:29:24,True,3399.31
613cc69a-6caa-57a7-b617-939adfa8515e,baseline,,False,0.00
613cc69a-6caa-57a7-b617-939adfa8515e,smart,,False,0.00
6646b909-b94a-55f2-9ae0-22d9fde9699d,baseline,,False,0.00
6646b909-b94a-55f2-9ae0-22d9fde9699d,smart,,False,0.00
bfb18ff0-a0f6-53ef-a93c-9550080122ee,baseline,2026-03-08T10:38:00,False,0.00
bfb18ff0-a0f6-53ef-a93c-9550080122ee,smart,2026-03-08T06:38:00,True,1090.75
dc1e6302-1af3-5d8d-874b-df3ce7e53242,baseline,2026-02-04T01:09:40,False,0.00
dc1e6302-1af3-5d8d-874b-df3ce7e53242,smart,2026-02-03T21:09:40,True,3181.65
347b0afc-bc1a-5b8f-9bd7-a4a2099771a4,baseline,2026-02-08T08:45:55,True,1037.11
347b0afc-bc1a-5b8f-9bd7-a4a2099771a4,smart,2026-02-08T08:45:55,True,1037.11
89754595-5613-5316-a40c-17b7f24a672c,baseline,2026-03-24T08:28:27,False,0.00
89754595-5613-5316-a40c-17b7f24a672c,smart,2026-03-24T08:28:27,False,0.00
c1bd2c05-c5ad-5557-9ac9-e3a0a65f8dd1,baseline,2026-03-02T13:30:44,True,2749.18
c1bd2c05-c5ad-5557-9ac9-e3a0a65f8dd1,smart,2026-04-01T09:00:00,True,2749.18
301063e4-a865-50d2-9890-15d3cc4bbcb3,baseline,2026-01-29T00:55:42,False,0.00
301063e4-a865-50d2-9890-15d3cc4bbcb3,smart,2026-02-01T09:00:00,True,2542.52
29945f9f-c3e6-5c72-938f-2d83707d248c,baseline,,False,0.00
29945f9f-c3e6-5c72-938f-2d83707d248c,smart,,False,0.00
6adfcbd0-1dce-577d-bb63-0b639ccd92e9,baseline,2026-03-10T16:50:54,False,0.00
6adfcbd0-1dce-577d-bb63-0b639ccd92e9,smart,2026-03-10T12:50:54,False,0.00
4dfdead9-1ed9-5b13-9c54-1fdb408b94bc,baseline,,False,0.00
4dfdead9-1ed9-5b13-9c54-1fdb408b94bc,smart,,False,0.00
bf81a071-6615-5691-80c5-3db424f8a687,baseline,2026-03-30T05:43:13,False,0.00
bf81a071-6615-5691-80c5-3db424f8a687,smart,2026-04-01T09:00:00,True,1347.95
fc05638b-027e-5db7-b538-a31a802753ac,baseline,2026-01-28T01:36:14,False,0.00
fc05638b-027e-5db7-b538-a31a802753ac,smart,2026-02-01T09:00:00,True,5586.02
78bb5403-2839-56dc-a9ce-6de132a367e3,baseline,2026-01-30T23:58:24,True,2894.32
78bb5403-2839-56dc-a9ce-6de132a367e3,smart,2026-02-01T09:00:00,False,0.00
2e1eb575-559c-5e22-a200-61bf819731cf,baseline,2026-01-08T08:16:05,True,2000.82
2e1eb575-559c-5e22-a200-61bf819731cf,smart,2026-01-08T08:16:05,True,2000.82
68acc8ef-1b77-541e-86fc-846d32e8f927,baseline,2026-01-29T17:31:37,False,0.00
68acc8ef-1b77-541e-86fc-846d32e8f927,smart,2026-02-01T09:00:00,True,825.79
60f66019-ab01-5377-a0da-54d90a775abe,baseline,,False,0.00
60f66019-ab01-5377-a0da-54d90a775abe,smart,,False,0.00
6e5159d1-af64-5d0e-88d9-0ac283a6b039,baseline,,False,0.00
6e5159d1-af64-5d0e-88d9-0ac283a6b039,smart,,False,0.00
965c0f89-0dc0-5617-bd45-1c72378e9d77,baseline,2026-01-18T08:54:59,False,0.00
965c0f89-0dc0-5617-bd45-1c72378e9d77,smart,2026-01-18T08:54:59,False,0.00
adbfb8e1-a6ef-5bc6-9daa-79c74369f2e8,baseline,2026-02-21T00:37:53,True,573.47
adbfb8e1-a6ef-5bc6-9daa-79c74369f2e8,smart,2026-02-20T20:37:53,True,573.47
f28741d0-4c68-5013-8b74-735a0f15da88,baseline,2026-03-02T01:14:38,True,459.15
f28741d0-4c68-5013-8b74-735a0f15da88,smart,2026-03-01T21:14:38,False,0.00
b49e99ae-0d78-57e0-be69-a3f3e7b2eaee,baseline,2026-03-29T09:35:58,False,0.00
b49e99ae-0d78-57e0-be69-a3f3e7b2eaee,smart,2026-04-01T09:00:00,False,0.00
f50cf4bb-0b9c-54bd-8263-bd06faaf568a,baseline,2026-01-31T19:01:14,False,0.00
f50cf4bb-0b9c-54bd-8263-bd06faaf568a,smart,2026-02-01T09:00:00,False,0.00
518a813d-cb9c-51e2-b495-0919bc79ca50,baseline,2026-01-30T18:31:53,True,512.48
518a813d-cb9c-51e2-b495-0919bc79ca50,smart,2026-02-01T09:00:00,True,512.48
7c002629-8f96-5226-af17-976f20a4a5da,baseline,2026-01-14T23:44:40,False,0.00
7c002629-8f96-5226-af17-976f20a4a5da,smart,2026-01-14T19:44:40,False,0.00
5b3e679c-677d-5bc5-9f4a-bdedbe14da0d,baseline,,False,0.00
5b3e679c-677d-5bc5-9f4a-bdedbe14da0d,smart,,False,0.00
ce205d27-5683-5fce-965d-46107954a55e,baseline,2026-02-08T07:57:41,True,1830.62
ce205d27-5683-5fce-965d-46107954a55e,smart,2026-02-08T07:57:41,True,1830.62
305658dc-f937-5658-b2a0-d702199922d9,baseline,2026-01-28T16:44:11,True,15699.86
305658dc-f937-5658-b2a0-d702199922d9,smart,2026-01-29T12:44:11,True,15699.86
5a979a1e-5629-5b99-8bd3-c4823fa4d9b3,baseline,2026-03-03T23:14:25,False,0.00
5a979a1e-5629-5b99-8bd3-c4823fa4d9b3,smart,2026-04-01T09:00:00,False,0.00
c09e09d9-3f91-5d32-8985-d7f129d9d1a9,baseline,2026-01-28T15:53:18,True,2171.58
c09e09d9-3f91-5d32-8985-d7f129d9d1a9,smart,2026-02-01T09:00:00,False,0.00
10744215-0285-5d23-ae88-6085426906ef,baseline,2026-01-30T15:25:51,True,6143.33
10744215-0285-5d23-ae88-6085426906ef,smart,2026-02-01T09:00:00,True,6143.33
edf0770e-8248-5b35-bc58-5840ce0b9bf6,baseline,,False,0.00
edf0770e-8248-5b35-bc58-5840ce0b9bf6,smart,,False,0.00
c4220c9c-8ebd-5ca9-8844-09fae0190a41,baseline,,False,0.00
c4220c9c-8ebd-5ca9-8844-09fae0190a41,smart,,False,0.00
901cc294-af69-5788-bf9b-6eef1b046829,baseline,2026-03-01T01:17:04,True,2097.47
901cc294-af69-5788-bf9b-6eef1b046829,smart,2026-03-01T09:00:00,True,2097.47
f0a22cf7-619e-5198-ada9-eac7cbc23678,baseline,2026-01-23T23:49:36,True,3311.64
f0a22cf7-619e-5198-ada9-eac7cbc23678,smart,2026-01-23T19:49:36,False,0.00
1e8f09cd-1d91-5e23-b486-c7a8f42bd24b,baseline,2026-02-26T17:13:59,False,0.00
1e8f09cd-1d91-5e23-b486-c7a8f42bd24b,smart,2026-03-01T09:00:00,False,0.00
d6a311d6-33bb-5962-8011-e05b9e0099d9,baseline,2026-02-08T07:31:00,False,0.00
d6a311d6-33bb-5962-8011-e05b9e0099d9,smart,2026-02-08T07:31:00,False,0.00
b8bc503c-f2b2-555b-a431-b57ed12a09fc,baseline,,False,0.00
b8bc503c-f2b2-555b-a431-b57ed12a09fc,smart,,False,0.00
177981fa-7175-597c-8a4b-330c6ac96007,baseline,2026-01-28T16:34:06,False,0.00
177981fa-7175-597c-8a4b-330c6ac96007,smart,2026-02-01T09:00:00,True,1629.06
8cdd3a97-844a-55cd-9f82-5ec629d29f94,baseline,2026-02-01T23:02:03,False,0.00
8cdd3a97-844a-55cd-9f82-5ec629d29f94,smart,2026-02-01T19:02:03,True,1778.36
ca678d88-e108-5062-b685-c524eb4c504d,baseline,2026-02-14T01:22:05,False,0.00
ca678d88-e108-5062-b685-c524eb4c504d,smart,2026-02-13T21:22:05,False,0.00
58b3a53f-5d73-53f8-9f5d-10129c8f9623,baseline,,False,0.00
58b3a53f-5d73-53f8-9f5d-10129c8f9623,smart,,False,0.00
e393f5d5-4d2d-5b96-ad92-19715a7f0e3f,baseline,2026-01-08T08:59:46,True,1211.30
e393f5d5-4d2d-5b96-ad92-19715a7f0e3f,smart,2026-01-08T08:59:46,True,1211.30
41f8bbfc-c697-5a52-89fe-06602afc12ad,baseline,2026-03-26T17:40:44,False,0.00
41f8bbfc-c697-5a52-89fe-06602afc12ad,smart,2026-04-01T09:00:00,True,1720.29
ff69d300-ecc2-5d03-af84-85bfba710be5,baseline,2026-02-26T13:15:02,True,571.01
ff69d300-ecc2-5d03-af84-85bfba710be5,smart,2026-03-01T09:00:00,True,571.01
9201c248-f149-5f8d-adfa-543ba779dd14,baseline,2026-01-16T15:01:36,True,3100.85
9201c248-f149-5f8d-adfa-543ba779dd14,smart,2026-01-16T11:01:36,True,3100.85
d576f237-44fe-58b1-94bf-5e74f0971f3c,baseline,2026-02-18T08:31:27,False,0.00
d576f237-44fe-58b1-94bf-5e74f0971f3c,smart,2026-02-18T08:31:27,False,0.00
f165f702-8d76-5ffd-ab1c-6ae3667909bd,baseline,2026-01-30T01:26:14,False,0.00
f165f702-8d76-5ffd-ab1c-6ae3667909bd,smart,2026-02-01T09:00:00,False,0.00
437c1486-b33e-534b-b8ed-d31e49cb9ffb,baseline,2026-03-24T07:19:51,False,0.00
437c1486-b33e-534b-b8ed-d31e49cb9ffb,smart,2026-03-24T07:19:51,False,0.00
242681ff-2d6e-5f33-ab9e-c22b12cdd4dd,baseline,2026-02-24T15:15:00,False,0.00
242681ff-2d6e-5f33-ab9e-c22b12cdd4dd,smart,2026-02-25T11:15:00,False,0.00
3fb1546b-9b71-54e4-9032-14d79b2ad8ef,baseline,,False,0.00
3fb1546b-9b71-54e4-9032-14d79b2ad8ef,smart,,False,0.00
93c4baab-7203-5f57-8dc4-c263f213eaed,baseline,2026-02-18T07:30:16,True,4042.92
93c4baab-7203-5f57-8dc4-c263f213eaed,smart,2026-02-18T07:30:16,True,4042.92
ec4a2cbe-3988-5d79-8173-12b9dfb0cbd2,baseline,2026-03-30T17:59:40,False,0.00
ec4a2cbe-3988-5d79-8173-12b9dfb0cbd2,smart,2026-04-01T09:00:00,False,0.00
784796b3-9834-5651-bf30-b95c5b2e8e94,baseline,2026-02-07T15:37:34,True,961.97
784796b3-9834-5651-bf30-b95c5b2e8e94,smart,2026-02-07T11:37:34,True,961.97
46dfaac5-3350-5043-bded-c1541b6ffb91,baseline,2026-01-30T08:56:53,True,1572.17
46dfaac5-3350-5043-bded-c1541b6ffb91,smart,2026-02-01T09:00:00,True,1572.17
4a1a3940-9cb9-5d92-b3bb-11ce887dac33,baseline,2026-03-03T15:22:54,False,0.00
4a1a3940-9cb9-5d92-b3bb-11ce887dac33,smart,2026-03-04T11:22:54,True,41225.63
58a68ab6-49b2-537f-b19d-98252e787081,baseline,2026-02-03T01:07:05,False,0.00
58a68ab6-49b2-537f-b19d-98252e787081,smart,2026-03-01T09:00:00,False,0.00
dea2bba1-ba9a-5cde-af0a-016e624aad63,baseline,2026-02-28T13:37:06,False,0.00
dea2bba1-ba9a-5cde-af0a-016e624aad63,smart,2026-03-01T09:00:00,False,0.00
3a6ddbfc-ac76-5aa7-8003-e7efa43e4a35,baseline,2026-03-17T17:15:24,False,0.00
3a6ddbfc-ac76-5aa7-8003-e7efa43e4a35,smart,2026-03-18T13:15:24,True,16282.98
eef27010-dbe5-5d39-b94c-23a3bf11522d,baseline,2026-01-18T08:39:54,False,0.00
eef27010-dbe5-5d39-b94c-23a3bf11522d,smart,2026-01-18T08:39:54,False,0.00
7af2ccba-00fb-5613-b7fa-ebc977eb8abb,baseline,,False,0.00
7af2ccba-00fb-5613-b7fa-ebc977eb8abb,smart,,False,0.00
045c9350-d557-5ea2-a6ee-48adb6c1685c,baseline,2026-03-03T16:32:03,True,660.73
045c9350-d557-5ea2-a6ee-48adb6c1685c,smart,2026-03-03T12:32:03,True,660.73
f7f5b463-6cfc-54fd-bb0c-d8edbe74531c,baseline,2026-03-29T23:34:13,True,3895.53
f7f5b463-6cfc-54fd-bb0c-d8edbe74531c,smart,2026-04-01T09:00:00,False,0.00
83f3651c-36e0-57a4-915b-e1b5ae6e9778,baseline,,False,0.00
83f3651c-36e0-57a4-915b-e1b5ae6e9778,smart,,False,0.00
c7f32e76-2f6a-58cb-86f4-807256ba5bd6,baseline,,False,0.00
c7f32e76-2f6a-58cb-86f4-807256ba5bd6,smart,,False,0.00
71b0a2b5-5af8-5720-b37b-707d222ad444,baseline,2026-03-01T01:25:59,True,1503.47
71b0a2b5-5af8-5720-b37b-707d222ad444,smart,2026-02-28T21:25:59,True,1503.47
0fd6e0c5-53bf-53d2-b410-6bed7fda2926,baseline,2026-02-17T17:43:55,True,2654.73
0fd6e0c5-53bf-53d2-b410-6bed7fda2926,smart,2026-02-17T13:43:55,True,2654.73
750ea0d9-8986-54a7-a7bb-8ac7ae8d952a,baseline,,False,0.00
750ea0d9-8986-54a7-a7bb-8ac7ae8d952a,smart,,False,0.00
1b8e96d1-720a-5e26-8168-b3a76549bfae,baseline,2026-02-23T13:16:22,False,0.00
1b8e96d1-720a-5e26-8168-b3a76549bfae,smart,2026-02-24T09:16:22,False,0.00
4b91320f-4caf-5153-8a88-4ba14a649850,baseline,2026-02-05T19:58:08,True,812.97
4b91320f-4caf-5153-8a88-4ba14a649850,smart,2026-03-01T09:00:00,True,812.97
fb90fb19-7080-5933-a9a7-1ae9b86b4f17,baseline,2026-03-18T07:03:50,True,1094.01
fb90fb19-7080-5933-a9a7-1ae9b86b4f17,smart,2026-03-18T07:03:50,True,1094.01
ae2d5e33-45fa-5a4d-a082-bdf7adb2ef45,baseline,2026-01-14T01:14:25,False,0.00
ae2d5e33-45fa-5a4d-a082-bdf7adb2ef45,smart,2026-01-13T21:14:25,True,1986.58
9da99115-0cd1-5428-8404-4b807210c36e,baseline,,False,0.00
9da99115-0cd1-5428-8404-4b807210c36e,smart,,False,0.00
00149b2f-80d1-5f98-bd7b-b7d8a570ec56,baseline,2026-01-24T07:11:24,True,1157.19
00149b2f-80d1-5f98-bd7b-b7d8a570ec56,smart,2026-01-24T07:11:24,True,1157.19
228980c1-84f5-51ec-8686-3aa80c24b7ae,baseline,,False,0.00
228980c1-84f5-51ec-8686-3aa80c24b7ae,smart,,False,0.00
28a3d1ab-1857-5ae2-a97b-32bab87fa8f1,baseline,2026-02-08T23:07:41,True,1228.20
28a3d1ab-1857-5ae2-a97b-32bab87fa8f1,smart,2026-02-08T19:07:41,True,1228.20
337b8afe-b8ed-5774-9353-556ec0da2c77,baseline,2026-02-08T16:11:32,False,0.00
337b8afe-b8ed-5774-9353-556ec0da2c77,smart,2026-02-09T12:11:32,False,0.00
05162d02-86d7-5003-89af-18d7385e9261,baseline,,False,0.00
05162d02-86d7-5003-89af-18d7385e9261,smart,,False,0.00
72a5418a-0e14-5049-a141-7dc14af70646,baseline,2026-01-28T23:58:23,False,0.00
72a5418a-0e14-5049-a141-7dc14af70646,smart,2026-02-01T09:00:00,False,0.00
2c3d7024-46f6-5330-b238-7f59e4173486,baseline,2026-01-24T01:57:23,False,0.00
2c3d7024-46f6-5330-b238-7f59e4173486,smart,2026-01-23T21:57:23,True,662.85
bc9d672c-8e68-5ca0-9079-2215f548c9a6,baseline,,False,0.00
bc9d672c-8e68-5ca0-9079-2215f548c9a6,smart,,False,0.00
80f48b3f-c448-507c-a463-4c5a4543e6a9,baseline,2026-02-01T03:51:47,True,959.96
80f48b3f-c448-507c-a463-4c5a4543e6a9,smart,2026-02-01T09:00:00,True,959.96
90d60e6d-7ace-58fa-9dca-41dd55656767,baseline,2026-01-18T08:45:39,False,0.00
90d60e6d-7ace-58fa-9dca-41dd55656767,smart,2026-01-18T08:45:39,False,0.00
a5d48ab8-b391-56b2-8226-dfcf8b0d08af,baseline,,False,0.00
a5d48ab8-b391-56b2-8226-dfcf8b0d08af,smart,,False,0.00
0950a2ee-c2de-55da-a175-08d113f76d45,baseline,2026-02-26T07:12:17,False,0.00
0950a2ee-c2de-55da-a175-08d113f76d45,smart,2026-03-01T09:00:00,True,3716.73
b7502dd7-d0db-59dc-a37b-a4ef011b794d,baseline,,False,0.00
b7502dd7-d0db-59dc-a37b-a4ef011b794d,smart,,False,0.00
8001a26c-6d49-5fdf-a318-e0331b9ac612,baseline,2026-03-29T15:00:27,False,0.00
8001a26c-6d49-5fdf-a318-e0331b9ac612,smart,2026-04-01T09:00:00,True,3198.48
fd4144f4-ba64-5d5c-bac4-6e3ffc94f85a,baseline,,False,0.00
fd4144f4-ba64-5d5c-bac4-6e3ffc94f85a,smart,,False,0.00
61eb865b-a27d-5881-837b-83e95c0f8cb3,baseline,2026-01-26T20:54:16,False,0.00
61eb865b-a27d-5881-837b-83e95c0f8cb3,smart,2026-02-01T09:00:00,True,3487.11
c55653b8-4a90-5847-b6b8-02e573899480,baseline,2026-03-30T16:32:19,True,12000.00
c55653b8-4a90-5847-b6b8-02e573899480,smart,2026-04-01T09:00:00,True,12000.00
d8bd53d1-d912-56f5-9ec3-b00d896dd018,baseline,,False,0.00
d8bd53d1-d912-56f5-9ec3-b00d896dd018,smart,,False,0.00
ffd95199-d70f-5cd0-bee4-b732228207e9,baseline,,False,0.00
ffd95199-d70f-5cd0-bee4-b732228207e9,smart,,False,0.00
7ce4b774-8803-5bbc-ad38-f33953cfe778,baseline,,False,0.00
7ce4b774-8803-5bbc-ad38-f33953cfe778,smart,,False,0.00
ce6792b4-ab76-52ac-b26d-c73e6ce28a72,baseline,2026-03-29T00:38:39,True,1394.79
ce6792b4-ab76-52ac-b26d-c73e6ce28a72,smart,2026-04-01T09:00:00,True,1394.79
f911dbb0-9ddc-51f9-b0da-46357077de25,baseline,2026-03-24T07:01:38,False,0.00
f911dbb0-9ddc-51f9-b0da-46357077de25,smart,2026-03-24T07:01:38,False,0.00
1479b86e-32b0-5c21-8b76-a77b32bb1009,baseline,2026-01-08T07:52:00,False,0.00
1479b86e-32b0-5c21-8b76-a77b32bb1009,smart,2026-01-08T07:52:00,False,0.00
d35bb931-e748-5fef-bd4f-aa289ddb32cf,baseline,,False,0.00
d35bb931-e748-5fef-bd4f-aa289ddb32cf,smart,,False,0.00
51550ee2-375d-54de-bd37-d2623965af6e,baseline,2026-01-29T15:57:32,False,0.00
51550ee2-375d-54de-bd37-d2623965af6e,smart,2026-02-01T09:00:00,True,1338.29
3d693547-326a-5bd3-83c5-718cb58a17be,baseline,2026-02-24T08:49:31,False,0.00
3d693547-326a-5bd3-83c5-718cb58a17be,smart,2026-02-24T08:49:31,False,0.00
736ebdcf-fb17-54e6-87de-d747a5906ec6,baseline,2026-02-22T00:13:06,True,648.93
736ebdcf-fb17-54e6-87de-d747a5906ec6,smart,2026-02-21T20:13:06,True,648.93
ce4fadd1-700c-5b5a-a14a-0e77d96f0505,baseline,,False,0.00
ce4fadd1-700c-5b5a-a14a-0e77d96f0505,smart,,False,0.00
73d76269-0e8d-54bc-8135-dae78798ccdc,baseline,,False,0.00
73d76269-0e8d-54bc-8135-dae78798ccdc,smart,,False,0.00
9fe675a8-f9b0-530c-b19f-688a1fb3cc9f,baseline,,False,0.00
9fe675a8-f9b0-530c-b19f-688a1fb3cc9f,smart,,False,0.00
37b6f71c-499a-5771-b0fd-c90b2433b8f6,baseline,2026-02-25T08:46:07,False,0.00
37b6f71c-499a-5771-b0fd-c90b2433b8f6,smart,2026-02-25T04:46:07,False,0.00
453f5bff-18a8-5205-8199-0a6bfeedef90,baseline,,False,0.00
453f5bff-18a8-5205-8199-0a6bfeedef90,smart,,False,0.00
91825e87-5cff-597f-b8c7-88b5efc2c643,baseline,2026-03-05T23:44:56,False,0.00
91825e87-5cff-597f-b8c7-88b5efc2c643,smart,2026-04-01T09:00:00,False,0.00
56b85723-171b-56d0-91d6-1d08062ebaea,baseline,2026-01-22T00:57:57,False,0.00
56b85723-171b-56d0-91d6-1d08062ebaea,smart,2026-01-22T20:57:57,False,0.00
50ec6600-2d7e-5568-a17c-a8fda78a1345,baseline,2026-03-24T08:13:16,False,0.00
50ec6600-2d7e-5568-a17c-a8fda78a1345,smart,2026-03-24T08:13:16,False,0.00
341b9752-4ca5-5d22-ad69-654b1adac77b,baseline,2026-02-27T12:25:15,False,0.00
341b9752-4ca5-5d22-ad69-654b1adac77b,smart,2026-03-01T09:00:00,True,2337.87
c4a201ce-29b4-54cd-8da0-f570814a4804,baseline,2026-02-28T23:11:01,True,1334.93
c4a201ce-29b4-54cd-8da0-f570814a4804,smart,2026-03-01T09:00:00,True,1334.93
b68cbc91-63ca-5376-a3cc-e8093ed9b22c,baseline,2026-04-01T00:53:45,False,0.00
b68cbc91-63ca-5376-a3cc-e8093ed9b22c,smart,2026-04-01T09:00:00,True,1153.78
9e38d269-dbfb-5ad3-8a5c-b23ffc0145cf,baseline,2026-01-24T23:47:58,True,21166.24
9e38d269-dbfb-5ad3-8a5c-b23ffc0145cf,smart,2026-01-25T19:47:58,True,21166.24
aafadf5b-f847-5c9e-b76a-7838c786232b,baseline,2026-01-11T01:15:36,True,2822.92
aafadf5b-f847-5c9e-b76a-7838c786232b,smart,2026-01-10T21:15:36,False,0.00
a9dd020c-8256-5cdb-8c7a-60fba3c81328,baseline,2026-02-24T00:47:49,False,0.00
a9dd020c-8256-5cdb-8c7a-60fba3c81328,smart,2026-02-24T20:47:49,False,0.00
8f676862-b8b5-5d97-9751-264b57bced41,baseline,2026-02-23T00:23:42,False,0.00
8f676862-b8b5-5d97-9751-264b57bced41,smart,2026-02-22T20:23:42,False,0.00
466482a5-9ee1-5547-b714-3c8aee58921b,baseline,2026-03-28T17:11:43,True,3344.36
466482a5-9ee1-5547-b714-3c8aee58921b,smart,2026-03-28T13:11:43,False,0.00
598f1df8-9507-5a07-891b-9af6722b2d0e,baseline,2026-03-30T00:35:50,True,3165.17
598f1df8-9507-5a07-891b-9af6722b2d0e,smart,2026-04-01T09:00:00,False,0.00
724a4efb-9ecd-5917-b053-5d596359cca1,baseline,2026-03-15T23:50:56,False,0.00
724a4efb-9ecd-5917-b053-5d596359cca1,smart,2026-03-15T19:50:56,True,452.82
c34cdc62-e518-5de4-86c8-8b65fd595436,baseline,2026-03-26T16:34:39,True,5825.64
c34cdc62-e518-5de4-86c8-8b65fd595436,smart,2026-04-01T09:00:00,True,5825.64
3e8735fb-9a37-51ff-b124-0a8d775ff27d,baseline,2026-02-27T00:37:41,True,983.53
3e8735fb-9a37-51ff-b124-0a8d775ff27d,smart,2026-03-01T09:00:00,True,983.53
185cc6b0-1a61-5732-b5c0-372e8d209cc3,baseline,2026-03-24T07:35:34,False,0.00
185cc6b0-1a61-5732-b5c0-372e8d209cc3,smart,2026-03-24T07:35:34,False,0.00
56e1167b-db17-5d17-ac86-9377b4993032,baseline,2026-01-29T17:40:21,True,2393.47
56e1167b-db17-5d17-ac86-9377b4993032,smart,2026-01-29T13:40:21,True,2393.47
625a774e-1e62-5930-ab92-302701e83205,baseline,2026-03-07T18:08:21,False,0.00
625a774e-1e62-5930-ab92-302701e83205,smart,2026-03-08T14:08:21,False,0.00
862c10f5-e77e-5855-98a2-bff8cfb94a04,baseline,,False,0.00
862c10f5-e77e-5855-98a2-bff8cfb94a04,smart,,False,0.00
bc913a58-0793-5f65-a397-4c244c500425,baseline,2026-01-13T15:34:22,False,0.00
bc913a58-0793-5f65-a397-4c244c500425,smart,2026-01-13T11:34:22,True,2777.01
3b702538-ecdf-56f5-9168-2efc774b6790,baseline,2026-03-20T16:25:18,True,434.10
3b702538-ecdf-56f5-9168-2efc774b6790,smart,2026-03-20T12:25:18,True,434.10
e457741f-cae6-5036-905d-cf41ac757d74,baseline,2026-03-30T17:23:08,False,0.00
e457741f-cae6-5036-905d-cf41ac757d74,smart,2026-04-01T09:00:00,True,2536.34
c1bac452-18e6-56a9-99ab-2da5126565bf,baseline,2026-03-13T17:39:46,False,0.00
c1bac452-18e6-56a9-99ab-2da5126565bf,smart,2026-03-13T13:39:46,True,3214.93
955e11a5-90a5-578e-ada2-a50ca50de86a,baseline,2026-02-08T07:15:38,True,4505.51
955e11a5-90a5-578e-ada2-a50ca50de86a,smart,2026-02-08T07:15:38,True,4505.51
43ea136a-6c73-55e4-a93e-4a1faa66e191,baseline,2026-03-26T16:07:17,True,2548.54
43ea136a-6c73-55e4-a93e-4a1faa66e191,smart,2026-04-01T09:00:00,True,2548.54
e5fb7f71-ba2c-55d1-8cbd-461bf5c6f2ff,baseline,,False,0.00
e5fb7f71-ba2c-55d1-8cbd-461bf5c6f2ff,smart,,False,0.00
99df4412-918e-501f-a312-ba06b4d3c379,baseline,,False,0.00
99df4412-918e-501f-a312-ba06b4d3c379,smart,,False,0.00
f9fafff8-aa7f-56a0-a85c-bd30d58f0435,baseline,2026-02-20T17:05:46,False,0.00
f9fafff8-aa7f-56a0-a85c-bd30d58f0435,smart,2026-02-20T13:05:46,False,0.00
3b076174-6080-5671-b3df-fd64d70fa5dc,baseline,2026-03-29T15:46:51,True,5273.04
3b076174-6080-5671-b3df-fd64d70fa5dc,smart,2026-04-01T09:00:00,True,5273.04
cc383271-44ed-5833-b074-25b9d6c5e6ec,baseline,2026-03-27T07:06:21,False,0.00
cc383271-44ed-5833-b074-25b9d6c5e6ec,smart,2026-04-01T09:00:00,True,6435.11
b02a1648-be24-5880-bad0-445232b85fa8,baseline,2026-02-19T15:17:57,True,2885.46
b02a1648-be24-5880-bad0-445232b85fa8,smart,2026-02-19T11:17:57,True,2885.46
9d7e6ed2-4041-57cd-9fee-56efdbf2f460,baseline,2026-03-27T20:13:06,False,0.00
9d7e6ed2-4041-57cd-9fee-56efdbf2f460,smart,2026-04-01T09:00:00,False,0.00
8b6d73fc-31aa-59e5-8c17-fb14abb9a573,baseline,,False,0.00
8b6d73fc-31aa-59e5-8c17-fb14abb9a573,smart,,False,0.00
7d405bfd-ccc8-5d13-bfc9-b9e3caf76b27,baseline,2026-02-17T21:32:10,False,0.00
7d405bfd-ccc8-5d13-bfc9-b9e3caf76b27,smart,2026-02-17T17:32:10,False,0.00
e6e77d52-26fa-5adc-85a2-3581c34a647b,baseline,2026-03-22T07:44:46,False,0.00
e6e77d52-26fa-5adc-85a2-3581c34a647b,smart,2026-03-23T03:44:46,False,0.00
6a5d73c9-b7a0-57d4-9062-785ec2120182,baseline,2026-01-30T10:59:09,False,0.00
6a5d73c9-b7a0-57d4-9062-785ec2120182,smart,2026-02-01T09:00:00,True,2660.69
3d665f53-51f5-53db-bfc2-aee76b7b3d81,baseline,,False,0.00
3d665f53-51f5-53db-bfc2-aee76b7b3d81,smart,,False,0.00
a631f3de-f647-586e-acaa-6200336304fb,baseline,2026-03-31T15:09:48,True,885.41
a631f3de-f647-586e-acaa-6200336304fb,smart,2026-04-01T09:00:00,True,885.41
c84acd6d-4ac8-5e8d-8f43-7b3a4022d0a3,baseline,2026-01-10T23:08:14,True,2437.39
c84acd6d-4ac8-5e8d-8f43-7b3a4022d0a3,smart,2026-01-10T19:08:14,True,2437.39
5b254425-cf1b-5b5c-b972-b3fff1cec785,baseline,2026-02-25T01:49:15,False,0.00
5b254425-cf1b-5b5c-b972-b3fff1cec785,smart,2026-02-24T21:49:15,False,0.00
cc57537b-2f4c-501d-a2c5-296a109b2a58,baseline,2026-03-30T00:39:26,True,1732.46
cc57537b-2f4c-501d-a2c5-296a109b2a58,smart,2026-04-01T09:00:00,False,0.00
bc312733-bc0a-5ad3-bd79-c7d97eeaed23,baseline,2026-02-24T08:53:27,True,4157.41
bc312733-bc0a-5ad3-bd79-c7d97eeaed23,smart,2026-02-24T08:53:27,True,4157.41
8b587f07-e13a-5087-83e0-19a0eb1ad0cd,baseline,,False,0.00
8b587f07-e13a-5087-83e0-19a0eb1ad0cd,smart,,False,0.00
0d770daa-cdd2-52a1-b9eb-daffe813748d,baseline,2026-01-27T09:57:09,False,0.00
0d770daa-cdd2-52a1-b9eb-daffe813748d,smart,2026-02-01T09:00:00,False,0.00
154ed316-d1b3-54ad-98c5-0cab2656c54a,baseline,2026-01-27T16:41:28,False,0.00
154ed316-d1b3-54ad-98c5-0cab2656c54a,smart,2026-02-01T09:00:00,True,4600.48
